0 0.000843806
1 0.00328465
2 0.00365983
3 0.00524419
4 0.00477704
5 0.0178066
6 -0.00987742
7 0.00210317
8 -0.0806688
9 0.00123466
10 -0.000224217
11 0.00536081
12 0.0138036
13 -0.0114198
14 0.008796
15 0.000378065
16 -0.00112223
17 0.00697419
18 0.00150492
19 0.00422382
20 -0.00748644
21 0.00429745
22 0.000137286
23 0.00124515
24 0.00116272
25 -0.0017007
26 0.00289171
27 -0.00232577
28 -0.0118977
29 0.0214931
30 0.00136886
31 0.148447
32 0.0211927
33 -0.00159944
34 0.000777332
35 -0.00120601
36 0.00087013
37 0.00183234
38 0.00273041
39 0.143177
40 0.00275649
41 -0.000202427
42 0.0253401
43 0.00469704
44 0.00383407
45 -0.0065444
46 0.000162896
47 0.00498076
48 -0.000414437
49 -0.00302506
50 0.00296472
51 0.0120176
52 -0.0144639
53 0.0231613
54 -0.00943659
55 0.00175463
56 -0.00135804
57 0.00167425
58 0.00096966
59 0.00630102
60 0.0195557
61 0.011531
62 0.000722482
63 0.00502077
64 -0.000143123
65 0.000101775
66 -0.000136385
67 0.00406089
68 -0.000808736
69 0.00254184
70 0.000178923
71 0.0012556
72 -0.000915643
73 -0.0016868
74 0.00458749
75 -0.00804404
76 0.000508019
77 -0.00174881
78 0.00250873
79 -0.0019242
80 -0.00685476
81 -0.000174327
82 -0.00596759
83 0.00398411
84 -0.00649768
85 0.00119091
86 -0.00178944
87 0.00871188
88 -0.00225118
89 0.000366389
90 -0.00221229
91 -0.00484222
92 0.011595
93 -0.0030924
94 0.0012276
95 -0.00964448
96 0.000346938
97 -0.00323684
98 -0.00354478
99 0.000328399
100 0.00664997
101 0.014722
102 -0.00237681
103 0.0028331
104 -0.0244513
105 -0.00524347
106 0.00269302
107 -0.00105808
108 0.000477406
109 -0.00131624
110 -0.00250098
111 0.0100502
112 -0.0013118
113 -0.00124748
114 -0.0158379
115 -0.00110299
116 0.000284686
117 0.00215842
118 0.00409334
119 0.000529285
120 0.00352307
121 0.00287096
122 0.00258897
123 0.00507743
124 -0.0266965
125 0.00190798
126 0.00864174
127 -0.00191648
128 0.000684811
129 0.0120113
130 0.00653819
131 0.00135649
132 0.00129311
133 -0.00103882
134 0.000570398
135 -0.00304461
136 -0.00210961
137 -0.0114717
138 0.00206
139 -0.00210036
140 0.00337133
141 0.000695649
142 -0.0106268
143 -0.000352576
144 0.00184337
145 -0.00407063
146 0.00417857
147 0.0048726
148 0.001865
149 0.00113215
150 -0.000799774
151 0.00237868
152 0.00157195
153 0.000533785
154 0.00093995
155 -0.000103836
156 -0.000865047
157 0.00703033
158 0.000280174
159 0.00492678
160 -0.000350513
161 0.000309731
162 0.00125216
163 0.000752721
164 -0.00287831
165 -0.00147502
166 0.0017557
167 0.000549112
168 -0.00241399
169 -0.00117383
170 -0.000308674
171 -0.00072526
172 -0.0031885
173 0.00277234
174 0.0018719
175 0.000640298
176 0.000151045
177 -0.00431401
178 -0.00334469
179 0.00168779
180 0.0021063
181 0.000886274
182 0.00119166
183 0.000871364
184 -0.00414227
185 -2.51126e-05
186 -0.00016419
187 0.000200026
188 0.000248082
189 -0.00219161
190 2.24231e-05
191 -0.00292548
192 0.00535072
193 -0.00125009
194 -0.000814692
195 0.00412609
196 0.000431821
197 0.00145522
198 -2.6638e-05
199 0.000109163
200 6.78758e-05
201 -0.00118004
202 0.0028997
203 -0.000129118
204 -0.00225303
205 0.00175488
206 2.30838e-05
207 0.000797229
208 0.000150261
209 0.000175748
210 -0.000907886
211 -0.00844993
212 0.0079837
213 0.0278315
214 0.00149888
215 0.00184119
216 0.00142227
217 -0.000756341
218 7.82464e-05
219 0.00955013
220 -0.00115831
221 -0.000778489
222 -0.00216427
223 0.000788586
224 0.00336686
225 0.00172837
226 -0.000180095
227 0.00110982
228 -0.00165521
229 9.40024e-05
230 0.00687486
231 0.022199
232 0.0158252
233 0.0145561
234 0.00765773
235 -0.000673929
236 -0.000127074
237 0.00770847
238 0.00469545
239 -0.0031405
240 0.002516
241 6.69976e-05
242 -0.0214174
243 -0.00686244
244 -0.00410524
245 0.00247888
246 -0.00192793
247 -0.00614571
248 -0.00288266
249 0.00463477
250 0.000605651
251 -0.00215967
252 -0.000870795
253 -0.00035516
254 0.0062951
255 0.000329268
256 -0.000194082
257 -0.00230303
258 -0.000886723
259 -0.00903283
260 -0.00154106
261 -0.00195909
262 0.00144342
263 -0.000691723
264 9.39749e-05
265 -0.00141221
266 0.000112617
267 -0.00262375
268 -0.00842574
269 -0.000861916
270 -0.00247415
271 3.40554e-05
272 0.00029986
273 -0.0025639
274 -0.00441162
275 -0.00147526
276 0.00348922
277 -6.60504e-06
278 -0.000619356
279 0.000404786
280 0.00246581
281 3.59229e-05
282 -0.00201595
283 -0.00308987
284 0.000211094
285 0.00461301
286 0.00135129
287 -0.000239357
288 -0.00370447
289 -0.00192073
290 -0.00011605
291 -0.000304458
292 -0.000842954
293 -0.000849614
294 0.00786727
295 0.000745268
296 0.000464701
297 -0.00577213
298 0.00971572
299 -8.97757e-05
300 -0.00145905
301 0.00195457
302 0.0135392
303 0.00895253
304 0.00174641
305 -0.00295808
306 -0.000565678
307 0.00455791
308 -0.00177595
309 -0.00165687
310 0.00216304
311 -0.00144341
312 0.00933345
313 0.0021988
314 9.50207e-05
315 0.000926912
316 -0.00387391
317 -0.00319796
318 -0.00111284
319 0.00386131
320 0.000645988
321 -0.00103793
322 0.00471323
323 0.000388367
324 0.00227479
325 0.00309757
326 -0.00336765
327 -0.00112057
328 0.00349751
329 -0.00869182
330 -0.00163461
331 -0.00413732
332 -0.00105344
333 -0.000978303
334 0.00194663
335 -0.00601954
336 -0.00643908
337 -0.00296213
338 -2.99308e-06
339 0.00347281
340 0.010529
341 0.00109262
342 -0.00597205
343 0.00185034
344 0.00252377
345 -4.30711e-05
346 -0.000520936
347 0.000861042
348 -0.00142574
349 -0.000978237
350 -0.00427516
351 -0.00140459
352 -0.00114663
353 -0.000263748
354 0.00808028
355 -0.00210475
356 -0.00179388
357 -0.000287342
358 -0.00718783
359 -0.00158518
360 0.000562967
361 -0.00081727
362 -0.0053133
363 0.006038
364 -0.000826558
365 0.00269629
366 0.000277647
367 0.000286958
368 -0.000337018
369 -0.00229576
370 0.00266829
371 0.0019422
372 -0.000742165
373 -0.00407869
374 0.0026945
375 -0.00101952
376 -0.00148789
377 0.000485971
378 -5.00825e-05
379 0.00880612
380 -0.00394402
381 -0.0043171
382 -0.00090633
383 -0.00212108
384 -0.00110689
385 0.00721884
386 0.00135588
387 0.00251334
388 0.00123923
389 -0.00235906
390 0.00101602
391 -0.0066114
392 0.000216185
393 -0.00222988
394 0.00115283
395 0.00141829
396 0.00222243
397 0.00309062
398 0.00278954
399 0.00241302
400 0.00297039
401 0.00115337
402 0.000119712
403 0.00116082
404 0.00558608
405 0.00265598
406 0.00214822
407 0.0016857
408 0.00130504
409 -0.000177972
410 -0.00170014
411 0.00274324
412 -0.00102668
413 -4.85429e-05
414 0.00127404
415 -0.00259454
416 -0.00113652
417 0.00025824
418 -0.00117883
419 0.00185578
420 -0.00206785
421 0.00613842
422 -0.00300565
423 -0.00406087
424 0.00161072
425 -0.00116466
426 0.0021724
427 0.00212962
428 0.00370409
429 0.00376193
430 0.00436682
431 0.00250266
432 0.00234301
433 -0.00159497
434 -0.00131797
435 -0.00820496
436 1.08649e-05
437 -0.000581103
438 0.00116992
439 0.000145971
440 -7.73074e-05
441 0.00229224
442 0.00110759
443 -0.000684307
444 0.00104347
445 0.000989861
446 0.000877575
447 -0.00534992
448 -0.00136247
449 -0.00142218
450 0.00017632
451 0.00141541
452 -0.00228311
453 -0.0031644
454 -0.00468064
455 -0.00351042
456 0.00398649
457 0.000412326
458 0.00274907
459 0.00318776
460 -0.00096617
461 0.00291892
462 0.000377399
463 0.000140322
464 0.00223349
465 0.00137669
466 -0.00120722
467 -0.00681353
468 -0.000787384
469 -0.00075556
470 -0.00265769
471 -0.00592341
472 -0.00112995
473 -0.000526429
474 0.00176655
475 0.00115982
476 2.7501e-05
477 -0.00153703
478 0.000703406
479 0.000873436
480 -0.000352383
481 0.000617226
482 -0.00926257
483 0.00168702
484 -0.00108296
485 0.00486351
486 0.00545791
487 0.00137211
488 0.000459044
489 0.0016529
490 -9.74469e-05
491 -0.000346737
492 -0.00253189
493 -0.000533866
494 -0.000848082
495 -0.00104363
496 0.00466164
497 -0.00161559
498 0.00134493
499 -0.00210053
500 0.00037292
501 0.000769464
502 -0.00466637
503 -0.0028308
504 0.00111968
505 -0.00108272
506 0.00268322
507 0.00142706
508 -0.000888326
509 0.000276058
510 0.000509864
511 0.000413453
512 0.00100844
513 0.000429337
514 0.0163443
515 -0.00123038
516 -0.0026009
517 0.000143665
518 0.000354137
519 0.000287367
520 -0.00438927
521 0.00269991
522 0.00380524
523 0.000605556
524 0.0025053
525 0.000290874
526 -0.00265439
527 0.00320514
528 0.001155
529 0.00445103
530 -0.00254563
531 -0.00893087
532 0.00118762
533 0.00799549
534 6.1283e-05
535 -0.00029617
536 -0.00718648
537 0.00348736
538 -0.0161912
539 -0.00166554
540 0.000439806
541 0.00066157
542 -0.000577746
543 -0.00509925
544 -0.00147856
545 -0.000128843
546 -0.00148855
547 -0.00252353
548 -0.00144113
549 -0.00207809
550 0.000677735
551 -0.00589445
552 -9.56663e-05
553 0.00259963
554 0.00934203
555 -1.95888e-05
556 -0.00279669
557 -0.00187996
558 -0.0160864
559 -0.00138225
560 0.00250137
561 -0.00290246
562 -0.00153692
563 -0.00200412
564 0.00514955
565 0.00346911
566 -0.000860422
567 8.66727e-05
568 -0.00175237
569 -0.000837206
570 -0.00188651
571 -0.00544919
572 -0.00721147
573 0.000129936
574 0.00307581
575 -0.00367782
576 -0.000439693
577 -0.000712307
578 -0.00704628
579 0.00484484
580 -0.00930921
581 4.54418e-07
582 0.00143368
583 -0.00339191
584 0.000510187
585 -0.000305381
586 0.00306682
587 9.59788e-05
588 9.70874e-05
589 0.00412446
590 0.000673408
591 0.000171586
592 0.000144009
593 8.11501e-05
594 0.00291379
595 0.00429799
596 0.00205891
597 0.000889246
598 0.00266475
599 -0.00121272
600 -0.00486674
601 -0.0026183
602 0.00267172
603 0.0036654
604 -0.00314209
605 0.003523
606 0.00104512
607 -0.00329035
608 0.00160199
609 0.00231141
610 0.0011992
611 -0.000670019
612 -0.000728355
613 -0.0333523
614 -0.000283971
615 0.000878551
616 0.000137911
617 -0.000662878
618 -0.00255561
619 -0.0023536
620 0.00173564
621 -0.000864345
622 0.00108018
623 -0.00192959
624 0.000516511
625 0.000816796
626 0.000192607
627 -0.00486876
628 -0.00086704
629 -0.00244282
630 -0.00191365
631 0.00239559
632 0.0014412
633 0.000731845
634 0.000379338
635 0.00145304
636 -0.00150041
637 -0.00312274
638 0.002604
639 -0.000271947
640 -0.00304703
641 0.000991478
642 2.20041e-05
643 -0.00211499
644 0.00234308
645 -0.00487525
646 -0.000215248
647 0.00174406
648 0.000191408
649 0.000630549
650 0.00231918
651 -0.000732341
652 -0.00191254
653 -0.0017466
654 0.00115203
655 0.00182672
656 0.00171306
657 0.00112463
658 0.00152679
659 0.00961462
660 0.00133088
661 -0.0267568
662 0.000452813
663 0.00526463
664 -0.00736434
665 -0.00403633
666 -0.00427783
667 0.00193603
668 0.000465501
669 0.00749867
670 -0.00143808
671 -0.00215182
672 0.000852319
673 0.00225273
674 0.000396866
675 0.000808778
676 0.000755414
677 -0.00365347
678 -0.000136286
679 0.00324534
680 0.000303082
681 -0.000418512
682 0.00124343
683 0.00207086
684 -0.00284933
685 -0.000374756
686 -0.0017945
687 -0.000609183
688 -0.00159597
689 0.000765918
690 -0.000361287
691 0.000968452
692 0.00260499
693 0.000159856
694 -0.00328097
695 0.00383555
696 0.0028517
697 0.000241892
698 0.0007206
699 0.00053572
700 -0.000945076
701 0.000679863
702 0.0116169
703 0.00124775
704 -0.00511441
705 0.00575366
706 0.00306349
707 0.00415907
708 -0.000677399
709 -0.000488979
710 -0.00677463
711 -0.000672508
712 -0.00620821
713 -0.00136602
714 0.00136282
715 0.00398663
716 -0.000149435
717 -0.000465297
718 0.00297109
719 0.00240199
720 -0.00191356
721 -0.000996526
722 0.00221647
723 0.00828075
724 0.000355584
725 0.000400092
726 0.000106862
727 0.00250209
728 -0.00147654
729 0.000414931
730 -0.00246402
731 0.000100438
732 -0.00349737
733 0.000442244
734 -0.000354974
735 -0.000362895
736 -0.000844547
737 0.00315072
738 -0.00120307
739 -0.000656489
740 0.00158551
741 0.00657052
742 -0.000248598
743 -0.00391177
744 0.000306503
745 0.00650245
746 -0.000473933
747 0.00240481
748 -0.000492137
749 -0.00339223
750 -0.000336159
751 0.00414515
752 -0.0013412
753 -0.00145748
754 -0.000184052
755 0.00127585
756 0.00239781
757 0.00119429
758 0.00140086
759 -0.00130875
760 -0.00153438
761 0.000794683
762 -0.00105752
763 -0.000737619
764 0.00116511
765 -0.00203516
766 -5.47511e-05
767 -0.00369955
768 -0.00125877
769 -0.00454738
770 0.0011454
771 -0.00645553
772 0.00110447
773 -0.00274326
774 0.000490352
775 -0.000404554
776 0.00298078
777 -0.00128146
778 -0.00157827
779 -0.00534541
780 -0.00129476
781 -0.000308987
782 -0.00164466
783 -0.00201461
784 -0.00183166
785 0.000851651
786 -0.000272982
787 -0.00079776
788 0.00405499
789 0.00109577
790 -0.000402584
791 0.00182487
792 -0.000305741
793 0.013851
794 -0.000517671
795 -0.000254976
796 0.000196962
797 -5.61866e-05
798 -0.00440439
799 0.000558161
800 -0.00401597
801 -3.60712e-05
802 0.00348641
803 -0.00219533
804 0.00383506
805 -0.00390558
806 -0.00328508
807 -0.00323089
808 0.00205844
809 0.00182404
810 0.0019332
811 -0.0115195
812 -0.004901
813 -0.00458872
814 0.00224981
815 2.45457e-06
816 -0.00448019
817 -0.00034213
818 0.00377135
819 -0.000237895
820 0.00247647
821 0.000577111
822 0.000163731
823 0.00259211
824 0.00388755
825 -0.00327147
826 0.00178947
827 -0.00159244
828 -0.006263
829 0.0024353
830 -0.00730359
831 0.000550648
832 -0.000345419
833 0.00228924
834 -0.00124824
835 0.00274125
836 0.00308128
837 0.00146093
838 -3.3521e-06
839 -0.00204606
840 0.00145419
841 -0.00565611
842 -0.00348186
843 -0.00417095
844 0.0123698
845 0.0018792
846 -0.00261854
847 -0.00104341
848 -0.0032856
849 -0.00321906
850 0.000848857
851 0.00143316
852 -0.000410401
853 -0.00453872
854 0.000658583
855 0.0013584
856 -0.000890395
857 -0.00419122
858 -0.00120411
859 -0.00204437
860 -0.00522543
861 -0.000809527
862 -0.00153183
863 -0.000209687
864 0.000833445
865 0.00049328
866 -0.00187775
867 -0.00342368
868 0.00530903
869 0.00500357
870 0.00655331
871 -0.0039934
872 -0.00147499
873 -0.0061426
874 -0.00634586
875 0.000801937
876 0.00127042
877 -0.00131224
878 -0.00168337
879 0.00841357
880 0.0023217
881 0.00326589
882 -0.00139698
883 -0.00158786
884 0.000825758
885 -0.00152889
886 0.000810136
887 0.00020052
888 -0.00221746
889 0.00169375
890 0.00099143
891 -0.000300241
892 -0.00285899
893 0.00259652
894 0.000542355
895 0.000351747
896 -0.00198269
897 -0.001361
898 -0.000207553
899 0.00101829
900 0.00166966
901 -0.000286816
902 -0.00162533
903 0.000624039
904 0.000333977
905 -0.00460138
906 0.000962568
907 1.16819e-05
908 -0.0011923
909 0.00411321
910 -0.000959097
911 -0.00401086
912 -0.00439499
913 -0.00865978
914 0.000835332
915 0.000371981
916 0.00293765
917 -0.0018957
918 0.000629248
919 0.00262102
920 -1.86222e-05
921 -0.0031346
922 0.00161027
923 0.00644429
924 -0.00168705
925 -0.00178452
926 -0.000297295
927 -0.00314702
928 -0.00680131
929 0.00423659
930 0.00041383
931 0.000590608
932 0.00316316
933 -0.000405114
934 -0.0041632
935 -0.00542484
936 0.00225847
937 0.00238278
938 -0.00181174
939 0.00355697
940 -0.000652038
941 -0.00262256
942 -0.00165824
943 -0.00141083
944 0.00311624
945 0.00320436
946 0.0044289
947 -0.00357451
948 -0.00100231
949 -0.000502485
950 0.0022996
951 0.00076872
952 -0.00103123
953 0.00376056
954 0.00377138
955 -0.00110986
956 0.000271699
957 0.000219386
958 0.00255285
959 0.000604191
960 0.000393299
961 -0.00128158
962 0.00292738
963 -0.000759495
964 -0.00326451
965 0.00367966
966 -0.00086766
967 0.00144713
968 0.00267228
969 0.000911153
970 -0.00179071
971 -0.000576771
972 -0.00763467
973 0.00329028
974 0.000212629
975 -0.00241285
976 0.00225556
977 -0.00635807
978 0.000602152
979 -0.00771947
980 -0.00237779
981 0.0031516
982 -0.00206715
983 -0.000695134
984 0.00389369
985 0.00129913
986 0.000588302
987 -0.000587463
988 -0.00266598
989 -0.00332353
990 0.00138346
991 -0.000983053
992 -0.000460438
993 -0.00170176
994 0.000681825
995 -4.88737e-05
996 0.00426981
997 0.000744138
998 0.000789983
999 -0.00327643
1000 2.94255e-05
1001 -0.000762147
1002 -0.00502552
1003 0.011811
1004 0.00231327
1005 -0.00126623
1006 -0.00170723
1007 -0.00614339
1008 -0.00219512
1009 0.00131534
1010 0.00310235
1011 -0.000567499
1012 -0.000768441
1013 0.00303746
1014 0.00166886
1015 -0.000497884
1016 0.0019348
1017 0.000749912
1018 -0.00626288
1019 -0.00646235
1020 0.000291537
1021 -0.00302095
1022 0.000298622
1023 0.00264323
1024 -0.00168574
1025 0.000173126
1026 -0.000119604
1027 -0.000347089
1028 -0.00290822
1029 -0.000303804
1030 0.000605911
1031 0.00297777
1032 0.000122082
1033 -0.00172668
1034 0.00101244
1035 -0.000160019
1036 0.00416387
1037 0.00337887
1038 0.00365002
1039 -0.0045257
1040 -8.64937e-05
1041 0.00105122
1042 0.000593512
1043 -0.000708952
1044 -0.00183598
1045 -0.00236172
1046 0.00136298
1047 0.00178702
1048 0.00413945
1049 -0.0031185
1050 -0.00232418
1051 0.0024475
1052 -0.00320442
1053 0.00123693
1054 -0.000933075
1055 0.00481857
1056 0.00622691
1057 0.00151752
1058 0.000391255
1059 -0.000786516
1060 -0.0032461
1061 -0.00731319
1062 0.00512523
1063 -0.00338966
1064 0.00346416
1065 -0.000204989
1066 -0.00725244
1067 0.000920073
1068 0.00560828
1069 -0.000217985
1070 -0.00114823
1071 0.000258855
1072 -0.00419282
1073 0.00250465
1074 0.00017439
1075 -0.00798615
1076 -0.000634307
1077 0.00146135
1078 7.5219e-05
1079 -0.00021127
1080 0.00839463
1081 -0.000647874
1082 -0.00106282
1083 -0.000814575
1084 0.000695239
1085 -0.00550443
1086 -0.000500702
1087 0.000395822
1088 -0.00045948
1089 0.00292187
1090 -0.00223194
1091 -0.00271038
1092 0.00351296
1093 -0.00131962
1094 -0.00234461
1095 0.000774516
1096 -0.00817416
1097 0.000672597
1098 -0.00299888
1099 0.000716374
1100 0.00136593
1101 -0.00481196
1102 0.00658722
1103 -0.000288363
1104 -0.00154757
1105 0.000206
1106 -0.00191317
1107 0.000103646
1108 0.00191013
1109 0.000938189
1110 0.00243826
1111 0.00243516
1112 0.00114531
1113 0.000469183
1114 0.00284133
1115 -0.00192194
1116 0.00290247
1117 -0.00267057
1118 0.0028868
1119 -0.00348409
1120 0.000731731
1121 0.00230411
1122 0.000720324
1123 0.00163363
1124 5.95048e-05
1125 -0.000136361
1126 -0.000586759
1127 -3.29135e-06
1128 0.00476909
1129 -0.00544088
1130 0.00202862
1131 -0.00131613
1132 -0.000568585
1133 0.00309531
1134 -0.000655099
1135 -0.000870229
1136 -0.00286086
1137 0.00433958
1138 0.00275756
1139 0.0018187
1140 -0.000508842
1141 -0.000440236
1142 -0.00110458
1143 -5.1863e-05
1144 0.000309027
1145 0.00508061
1146 -0.00117498
1147 -0.00885322
1148 -0.000192188
1149 -0.00209514
1150 0.00108323
1151 0.00431856
1152 0.000216797
1153 -0.00179443
1154 -0.00821684
1155 0.00151989
1156 0.00290578
1157 0.00715546
1158 0.00640619
1159 0.000990493
1160 -0.000557133
1161 -0.0012351
1162 -0.00418134
1163 0.000419123
1164 0.000250088
1165 0.00169888
1166 0.00459694
1167 0.000224572
1168 0.00194702
1169 0.000611174
1170 -0.00211035
1171 0.000977325
1172 0.00100457
1173 0.000580757
1174 0.000947823
1175 -0.00196212
1176 -0.00151827
1177 0.000715928
1178 0.00591444
1179 0.00216712
1180 0.000728042
1181 -0.00241279
1182 0.00101156
1183 0.00127017
1184 0.00117385
1185 0.00166609
1186 0.000558065
1187 0.000114905
1188 -0.00062186
1189 0.000111302
1190 -0.00779135
1191 0.000114552
1192 -0.00389863
1193 0.000886155
1194 0.00167441
1195 0.00303832
1196 0.00389291
1197 0.000936984
1198 0.00394446
1199 -0.000257187
1200 -0.00106046
1201 -0.00171717
1202 -0.00014609
1203 1.90677e-05
1204 2.95471e-06
1205 0.00301359
1206 -0.00167373
1207 -0.000658054
1208 -0.00120818
1209 0.000339186
1210 0.000795208
1211 -0.00160457
1212 -0.00226553
1213 0.00621289
1214 -0.00407058
1215 -0.00108543
1216 -0.00134354
1217 -8.40453e-05
1218 0.00142268
1219 -0.00169618
1220 0.000949759
1221 0.00263333
1222 0.00129135
1223 -0.00559969
1224 -0.00209258
1225 0.00546887
1226 0.000978912
1227 0.00178306
1228 0.0012276
1229 -0.000395273
1230 0.00854688
1231 -0.00625245
1232 -0.000115372
1233 -0.000926359
1234 -0.00115501
1235 -0.000894878
1236 -0.000174939
1237 0.00538643
1238 -0.00181359
1239 0.00075963
1240 -0.00189716
1241 0.00019087
1242 -0.00330341
1243 0.000322623
1244 0.00152422
1245 0.00360927
1246 -0.000384173
1247 0.0023228
1248 0.00226913
1249 -0.00260612
1250 -0.00224793
1251 -0.00142436
1252 0.0021445
1253 0.00480295
1254 -0.00156718
1255 0.00134535
1256 0.000978772
1257 -0.00332344
1258 -2.8932e-05
1259 -0.00211677
1260 -0.00538001
1261 -0.000708081
1262 -0.0023513
1263 0.00444622
1264 -0.000603239
1265 0.00167225
1266 8.1841e-05
1267 -0.00074991
1268 -0.00281085
1269 -0.000650323
1270 0.000736068
1271 -0.000705805
1272 0.00112924
1273 -0.00134761
1274 -0.000691791
1275 0.000179203
1276 -0.00178467
1277 -0.00167382
1278 -0.00026809
1279 -0.000181259
1280 -0.00261947
1281 -0.00167749
1282 -0.000501163
1283 -0.000635236
1284 0.000547382
1285 0.0012736
1286 -0.00185869
1287 -0.0022822
1288 -0.000423942
1289 -0.00251091
1290 -0.000848115
1291 0.00116346
1292 -0.000579643
1293 -0.00374317
1294 -0.00127482
1295 0.00136967
1296 -0.00186169
1297 0.00275201
1298 0.000749741
1299 0.00071844
1300 0.000545189
1301 0.000816942
1302 0.000716335
1303 -0.00129932
1304 -0.00164802
1305 -0.000965117
1306 -0.00133279
1307 -0.00196411
1308 -0.00051148
1309 0.000373936
1310 0.00114228
1311 0.000646364
1312 -0.00520373
1313 -0.0029481
1314 -0.00269158
1315 0.00204981
1316 -0.00196664
1317 -0.00478354
1318 -0.00563488
1319 5.35475e-05
1320 0.002199
1321 -0.00274298
1322 0.00178502
1323 -0.000459479
1324 0.00266224
1325 -0.00145243
1326 0.000241581
1327 0.000457321
1328 -0.00229636
1329 0.00139102
1330 -0.0024641
1331 0.000477017
1332 -0.000207493
1333 0.00163
1334 -0.000483627
1335 -0.0021788
1336 -0.00193478
1337 -0.000517252
1338 0.000899075
1339 -0.00111977
1340 0.00478924
1341 0.00635745
1342 0.00180114
1343 -0.00221895
1344 0.0013386
1345 0.00132242
1346 0.00186622
1347 -0.00190294
1348 -0.000758631
1349 0.00408958
1350 0.000808901
1351 -0.00240838
1352 0.000680518
1353 0.00600486
1354 0.00953239
1355 -0.00277375
1356 -0.0011557
1357 0.00504893
1358 -0.000507414
1359 0.000556394
1360 0.000437118
1361 -0.000172103
1362 -0.000332193
1363 0.00271916
1364 -0.00601166
1365 0.002456
1366 0.000922544
1367 0.00118686
1368 0.0131348
1369 -0.00477677
1370 0.00638446
1371 0.000789961
1372 -0.000965909
1373 0.00192392
1374 0.00286928
1375 -0.000864586
1376 -0.000100164
1377 6.13518e-05
1378 8.08621e-05
1379 -0.00309696
1380 -7.49506e-05
1381 -0.00285299
1382 0.000798204
1383 0.000173185
1384 0.00304672
1385 0.000627094
1386 -0.00130721
1387 -0.00104861
1388 0.000736249
1389 -0.00217009
1390 0.00105101
1391 0.000128513
1392 -0.000314644
1393 0.00552657
1394 0.00155679
1395 -0.00371631
1396 0.00388855
1397 0.00167352
1398 0.00201841
1399 -0.000565707
1400 0.000537254
1401 -0.000237484
1402 0.000254403
1403 -0.000100324
1404 0.00341714
1405 0.00136456
1406 0.000192236
1407 0.00505883
1408 0.00270429
1409 0.00303845
1410 0.00645875
1411 -0.000367161
1412 0.0061604
1413 -0.0012622
1414 0.00228384
1415 0.000887497
1416 0.000811869
1417 0.00150465
1418 -0.00522566
1419 0.000981486
1420 -0.000557964
1421 -0.00118165
1422 0.0029027
1423 0.00296365
1424 0.00565081
1425 0.00174771
1426 -0.00433473
1427 7.47522e-05
1428 -0.0021372
1429 6.37782e-05
1430 -0.00393816
1431 -0.00172312
1432 0.000956815
1433 -0.00107659
1434 -0.000427579
1435 -0.00489749
1436 0.00218439
1437 0.00077572
1438 0.0029091
1439 -0.00241984
1440 0.000666341
1441 -0.00147761
1442 0.00177774
1443 0.00283579
1444 0.00346256
1445 0.00177318
1446 -0.000431942
1447 -0.00363822
1448 0.000127499
1449 0.00267451
1450 0.00116846
1451 -0.000914518
1452 -0.00180977
1453 -0.000758009
1454 -0.00919691
1455 0.00228168
1456 0.00255941
1457 0.00229059
1458 -3.84181e-05
1459 -0.00778094
1460 -0.000921699
1461 0.00258968
1462 0.0016683
1463 -0.00268068
1464 -0.000755841
1465 0.00975036
1466 -0.00333202
1467 0.00333446
1468 0.000783555
1469 0.000328826
1470 0.000284887
1471 -0.000822615
1472 0.00031524
1473 0.000457141
1474 -0.000932035
1475 -0.00141376
1476 0.00416406
1477 -0.00791055
1478 0.000370611
1479 -7.47359e-05
1480 -0.000839912
1481 0.00167812
1482 0.00112719
1483 -0.000618798
1484 -0.000121404
1485 -0.000846049
1486 -0.00389982
1487 0.00149161
1488 0.00155296
1489 -0.00563799
1490 -0.00995014
1491 0.00325898
1492 -0.00248179
1493 -0.000718255
1494 2.17173e-05
1495 -0.00196128
1496 0.00140019
1497 -0.00282789
1498 0.00275271
1499 -0.00585667
1500 -0.00341991
1501 0.00208547
1502 0.000725837
1503 -0.00108998
1504 -0.00063863
1505 0.00052444
1506 -0.00306054
1507 -0.00207335
1508 -0.00156389
1509 0.00144205
1510 -0.00015036
1511 -0.00162235
1512 -0.00154138
1513 0.000703157
1514 0.00199708
1515 -0.00240071
1516 -0.0025601
1517 0.00392608
1518 0.00157995
1519 -0.00137531
1520 0.000898695
1521 0.00161082
1522 0.000688637
1523 0.000840364
1524 -0.000492515
1525 0.00237963
1526 0.000756313
1527 -0.00286521
1528 0.0037007
1529 0.00180495
1530 -0.0157702
1531 -0.00324175
1532 -0.00313184
1533 0.00243101
1534 0.00064825
1535 0.00225731
1536 -0.000227627
1537 0.00288985
1538 -0.000179805
1539 -0.00125327
1540 0.00220287
1541 0.000727885
1542 6.5597e-05
1543 -0.00246137
1544 0.00482786
1545 -0.00102945
1546 0.00267019
1547 0.00018154
1548 0.00125955
1549 0.000145476
1550 -0.00526748
1551 -0.000484391
1552 0.000169547
1553 -0.00133023
1554 -0.00130869
1555 -0.00437518
1556 0.000166351
1557 0.00155396
1558 -0.000696247
1559 -0.00058199
1560 0.0064449
1561 0.00212295
1562 0.000470071
1563 -0.00118633
1564 -0.000525364
1565 0.00996881
1566 0.000949544
1567 -0.00056166
1568 0.00169444
1569 0.00464584
1570 -0.00216654
1571 0.000450758
1572 -0.000275673
1573 -0.00366011
1574 -0.00021937
1575 -0.000394613
1576 0.000405758
1577 -0.000726792
1578 -0.00101312
1579 0.000226871
1580 0.00452523
1581 0.00147192
1582 -0.00964855
1583 0.00100356
1584 0.00409862
1585 0.00286741
1586 -0.00151578
1587 8.19138e-05
1588 0.000565229
1589 -0.000455033
1590 0.00165443
1591 -8.74341e-05
1592 0.00309398
1593 -0.000341712
1594 -0.000690068
1595 0.000542698
1596 -0.00131599
1597 -0.00223969
1598 0.00234878
1599 0.001506
1600 0.0056326
1601 -0.000131287
1602 0.000333453
1603 0.000457348
1604 -4.39667e-05
1605 -0.00304091
1606 -0.00285481
1607 0.00016389
1608 0.000705477
1609 0.000533355
1610 0.000641995
1611 -0.00502581
1612 -0.0037979
1613 -0.00165477
1614 0.00144898
1615 -0.000121224
1616 0.00227414
1617 0.00200145
1618 0.00150234
1619 -0.00165077
1620 0.00163723
1621 -0.000483079
1622 -0.00148701
1623 -0.00199706
1624 -0.000915028
1625 0.0012178
1626 -0.0011598
1627 -0.000758734
1628 -0.00138097
1629 -0.00423682
1630 0.00217399
1631 0.00387381
1632 0.000460277
1633 -0.00172923
1634 -0.00134993
1635 0.00212775
1636 3.09048e-05
1637 -0.000467157
1638 -0.00420833
1639 -0.00234741
1640 0.00698669
1641 0.000329507
1642 0.00488138
1643 0.00103086
1644 -0.00238144
1645 -0.000457645
1646 -0.00177307
1647 0.000135961
1648 0.000154429
1649 -0.00112973
1650 -0.000747141
1651 0.0018751
1652 -0.00055461
1653 -0.00065555
1654 0.00121136
1655 0.000263805
1656 -0.0016785
1657 0.00306909
1658 0.00133531
1659 0.000794201
1660 -0.000167035
1661 0.00331584
1662 0.000186726
1663 0.00553051
1664 0.0053816
1665 0.00284826
1666 -0.00280278
1667 -0.00187262
1668 0.0020834
1669 0.00151683
1670 0.000725603
1671 -0.000325963
1672 -0.0011521
1673 0.00038367
1674 -0.00083496
1675 -0.000111919
1676 -0.000932499
1677 0.00115598
1678 0.000833645
1679 0.000848293
1680 0.000429596
1681 0.000811086
1682 0.000746541
1683 0.00131494
1684 0.000236587
1685 0.00749161
1686 -0.00306325
1687 -0.000103213
1688 0.00022378
1689 0.00042162
1690 -0.000101241
1691 -0.00342264
1692 0.00115651
1693 -0.00419778
1694 0.00109715
1695 -0.0011494
1696 -0.00123894
1697 0.00450529
1698 0.00180723
1699 0.00183968
1700 0.00181899
1701 0.00291151
1702 0.000975755
1703 -0.0026884
1704 0.00224317
1705 0.00470567
1706 -0.00341498
1707 0.00306377
1708 0.00288634
1709 0.00510797
1710 -0.00365165
1711 0.000700034
1712 0.00116827
1713 0.000842722
1714 -0.00233784
1715 0.00315429
1716 -0.00206507
1717 0.0212381
1718 -0.000744953
1719 0.00172593
1720 -0.000488247
1721 1.2335e-06
1722 0.00340627
1723 -0.00265426
1724 0.00078706
1725 -0.000401027
1726 -0.000692505
1727 0.0011613
1728 0.00159743
1729 0.00448512
1730 0.000617937
1731 0.00330107
1732 0.00264129
1733 0.0015213
1734 -0.000979934
1735 -0.00180057
1736 -0.00123082
1737 -0.00165151
1738 -0.00680506
1739 0.00116699
1740 0.000991992
1741 0.00172103
1742 -0.00115581
1743 0.00276256
1744 -0.00276007
1745 0.000111553
1746 0.00378354
1747 -0.00654065
1748 0.00290061
1749 0.00136821
1750 0.0025752
1751 -0.00121925
1752 0.00034991
1753 -0.000308319
1754 -0.00124646
1755 0.00105209
1756 0.000724127
1757 0.000946371
1758 -0.00633608
1759 -0.00282285
1760 0.00100777
1761 0.00599506
1762 -0.000548947
1763 -0.000515308
1764 0.000745375
1765 -0.000702148
1766 -0.00113284
1767 0.00193757
1768 0.00077766
1769 9.37831e-05
1770 0.00119112
1771 0.000518368
1772 -0.00164355
1773 0.00480266
1774 0.000868692
1775 0.000818636
1776 0.000804824
1777 -0.00215591
1778 -0.000418148
1779 0.000886687
1780 0.000122237
1781 0.00109439
1782 0.000691421
1783 0.00382357
1784 -0.00135288
1785 -0.00127048
1786 0.00259706
1787 -0.00513121
1788 0.000602747
1789 -0.000374801
1790 0.000453423
1791 0.000246232
1792 0.000220645
1793 0.00164568
1794 0.00386881
1795 0.00166925
1796 0.00105746
1797 0.000723019
1798 -0.00439727
1799 -0.00660429
1800 0.00470671
1801 0.00322388
1802 0.00101159
1803 -0.00328684
1804 -0.00315045
1805 -0.00104593
1806 -0.00105701
1807 0.00101575
1808 -0.00107925
1809 -0.00245375
1810 0.00735742
1811 -0.00504918
1812 0.000341252
1813 -0.00461591
1814 0.000136781
1815 0.000246605
1816 0.000777541
1817 -0.00258345
1818 0.000658625
1819 0.000719548
1820 0.000845182
1821 -0.000521456
1822 -0.000693068
1823 -0.0016987
1824 -0.00054094
1825 -0.00370868
1826 0.00225078
1827 -0.000171635
1828 0.00211174
1829 0.00262636
1830 0.00223459
1831 0.000579411
1832 0.000600561
1833 0.000314013
1834 6.35224e-05
1835 -0.0113497
1836 -6.37471e-05
1837 -0.00212356
1838 -0.00225846
1839 -0.00226421
1840 0.00175093
1841 -0.000601455
1842 -0.00214182
1843 -0.00045496
1844 -0.00132349
1845 -0.000847513
1846 0.00136257
1847 -0.00101729
1848 0.00030489
1849 0.00343699
1850 0.022134
1851 0.000350183
1852 -0.00701957
1853 -0.000672487
1854 0.00350497
1855 -0.000503182
1856 -0.000114984
1857 0.00202877
1858 -8.54032e-05
1859 0.000494573
1860 0.000549404
1861 0.00577563
1862 0.00300643
1863 -0.00286507
1864 0.00290617
1865 -0.00188046
1866 0.000269035
1867 7.70587e-05
1868 0.00225911
1869 -0.00198191
1870 0.00192576
1871 0.000975886
1872 0.000493183
1873 -0.00198172
1874 -0.000801749
1875 0.000561512
1876 -0.000683495
1877 0.000531099
1878 0.000139245
1879 0.00429816
1880 0.000771421
1881 -0.000258503
1882 -0.00225069
1883 -0.00127898
1884 0.000819601
1885 0.00298566
1886 -0.000844583
1887 -0.00149739
1888 -2.08667e-05
1889 -0.0017232
1890 0.010333
1891 -0.000324994
1892 0.000845999
1893 7.15501e-05
1894 0.0013394
1895 0.00242115
1896 0.00709552
1897 0.000261746
1898 -0.000731497
1899 0.000759812
1900 -6.60705e-05
1901 -0.00755324
1902 0.000302042
1903 -0.000941199
1904 0.00110575
1905 0.000143016
1906 -0.00251704
1907 -0.00147719
1908 -0.000979768
1909 -0.00326263
1910 0.000114147
1911 0.000126461
1912 0.00325299
1913 0.00183349
1914 0.000248638
1915 0.000445723
1916 0.000615909
1917 -0.00125212
1918 0.000537086
1919 0.000197388
1920 0.00383524
1921 0.00172989
1922 -0.00232914
1923 -0.00058999
1924 0.000302978
1925 0.00301655
1926 0.00288827
1927 0.00100018
1928 9.73189e-05
1929 -0.000322149
1930 -0.00064676
1931 -0.00112603
1932 0.000249867
1933 0.000364754
1934 -0.00172911
1935 0.00140093
1936 0.00186953
1937 -0.00146251
1938 -0.000190352
1939 -0.00144355
1940 0.00195509
1941 0.00223037
1942 -0.00150874
1943 1.18475e-05
1944 -0.000778912
1945 0.00111263
1946 0.00117179
1947 -0.00027675
1948 0.00113429
1949 -0.00423473
1950 0.000883631
1951 0.000689227
1952 0.00309998
1953 0.0015508
1954 -0.00319639
1955 -0.00664429
1956 -0.00810559
1957 -1.64975e-05
1958 -0.00422016
1959 0.000813913
1960 0.00293633
1961 0.00119651
1962 0.000657994
1963 0.000364647
1964 -0.000301419
1965 -0.000407043
1966 -0.00271303
1967 0.00432695
1968 0.00159986
1969 0.00237077
1970 7.87272e-05
1971 -0.00024892
1972 0.00221039
1973 0.00239584
1974 0.000386075
1975 0.00216118
1976 0.00246958
1977 0.00523213
1978 0.00272333
1979 -0.000694713
1980 -0.001325
1981 -0.0020132
1982 0.00709773
1983 -0.000310487
1984 -0.00191561
1985 0.00347241
1986 -0.00294807
1987 0.00232109
1988 -0.000614327
1989 0.00330557
1990 -0.000584029
1991 0.00252668
1992 0.000137056
1993 0.000154254
1994 -0.00306851
1995 -0.0039052
1996 0.0026252
1997 -0.000474216
1998 0.00201944
1999 0.000580236
2000 0.00112747
2001 0.00115867
2002 0.0021137
2003 -0.000715949
2004 -3.52642e-05
2005 -0.000736085
2006 0.00415134
2007 0.00619959
2008 0.00613747
2009 -0.00167815
2010 -0.00170242
2011 -0.000559446
2012 -0.000199711
2013 0.000886103
2014 -0.000815095
2015 0.00226114
2016 0.00179598
2017 0.000623968
2018 -0.000952001
2019 0.00278993
2020 0.00187417
2021 -0.00291794
2022 0.00140941
2023 -0.00160408
2024 -0.00977931
2025 -0.00355452
2026 0.000743715
2027 0.00276046
2028 -0.000396861
2029 0.000107832
2030 -0.00489912
2031 0.000146593
2032 0.00296771
2033 -0.00073091
2034 -0.00149987
2035 0.00021104
2036 0.00257625
2037 -0.000110981
2038 0.000481433
2039 -0.00240479
2040 -0.00180742
2041 -0.000120426
2042 -7.64615e-05
2043 -0.000281115
2044 -0.00144059
2045 0.000640007
2046 0.000165053
2047 0.000650791
2048 0.00829853
2049 -0.00379947
2050 -0.0101442
2051 -0.00368669
2052 0.000631241
2053 -0.000430253
2054 0.0027325
2055 0.00417204
2056 -0.00195497
2057 0.00417986
2058 0.000903466
2059 -0.00275606
2060 -0.000752115
2061 -0.00486335
2062 0.000172385
2063 0.00375039
2064 0.00171305
2065 0.000653735
2066 -0.00102431
2067 -0.000898494
2068 0.000376811
2069 0.000896227
2070 0.0009202
2071 0.00188529
2072 0.0049962
2073 0.00230444
2074 0.00454643
2075 0.0048342
2076 0.00623005
2077 0.00118157
2078 0.000836486
2079 0.0229201
2080 -0.00696093
2081 -0.00298625
2082 0.000267769
2083 -0.000447469
2084 -0.00111819
2085 0.00262931
2086 0.00138935
2087 0.00124069
2088 -0.000650544
2089 -0.00131511
2090 0.00296676
2091 -0.000841081
2092 0.000952819
2093 -0.00361259
2094 0.00104878
2095 -0.000222224
2096 -0.000163514
2097 -0.000437014
2098 -0.00150277
2099 2.24731e-05
2100 -0.000669707
2101 0.000911839
2102 0.000856495
2103 -0.0022871
2104 -0.000751144
2105 0.00373478
2106 -0.00120457
2107 0.00521006
2108 -0.000805497
2109 -0.000231798
2110 0.00833597
2111 0.00497056
2112 -0.00197007
2113 -0.00156123
2114 -0.00223172
2115 0.000324387
2116 -0.000453821
2117 -0.000255789
2118 -0.00545165
2119 -0.00109616
2120 -0.000628047
2121 0.00716102
2122 -0.00702374
2123 -0.00151874
2124 0.00300651
2125 -0.000925183
2126 0.0035342
2127 -0.000340562
2128 -0.000431076
2129 -0.0050235
2130 0.000201294
2131 1.05344e-08
2132 -0.00529965
2133 0.00341553
2134 0.00423137
2135 -0.000589699
2136 -0.00201774
2137 0.000924715
2138 -0.00113902
2139 -0.00142311
2140 -0.000839141
2141 0.00510291
2142 -0.00303159
2143 0.00337587
2144 0.00202614
2145 0.000561933
2146 -0.0015616
2147 0.00240466
2148 0.00181325
2149 -0.000555642
2150 -0.00230768
2151 -0.000121679
2152 -0.00100513
2153 -0.000483542
2154 -0.000101285
2155 -0.00813901
2156 0.00193191
2157 -0.00112428
2158 0.00152709
2159 0.00821075
2160 0.00142546
2161 -0.00100834
2162 0.000394854
2163 0.00349875
2164 0.00497722
2165 -0.00392513
2166 0.00217509
2167 0.00450329
2168 -0.000342702
2169 -0.000923657
2170 -0.000321219
2171 0.00128941
2172 -0.000311737
2173 0.000290747
2174 0.00264462
2175 -0.00112231
2176 0.00251557
2177 0.000463445
2178 0.00130392
2179 0.000567839
2180 -0.00415049
2181 0.000596084
2182 -0.000436563
2183 -0.00302939
2184 -0.00734765
2185 -0.000202793
2186 -0.00270002
2187 0.000289027
2188 0.00363681
2189 0.00127249
2190 0.00124397
2191 0.000323212
2192 -0.000807097
2193 0.00385143
2194 -0.000729707
2195 2.86347e-05
2196 0.0032766
2197 -0.000379621
2198 0.0023835
2199 0.00218723
2200 0.000191299
2201 -0.00306556
2202 0.000992393
2203 0.000633696
2204 -0.000106744
2205 0.000685506
2206 -0.000368769
2207 0.000265599
2208 0.00120209
2209 -0.000663283
2210 -0.000935532
2211 -0.00138858
2212 -0.00437526
2213 0.00355103
2214 0.00459019
2215 0.00039008
2216 0.000595477
2217 -0.00199381
2218 0.000405527
2219 0.000148205
2220 0.00274934
2221 -0.00139315
2222 -0.000457668
2223 -0.00461783
2224 0.00247747
2225 -0.00201519
2226 0.00541526
2227 -0.0021545
2228 -0.00165527
2229 -0.00353065
2230 0.00210069
2231 0.00297815
2232 -2.61351e-05
2233 0.000147646
2234 0.000393712
2235 0.000725422
2236 -0.000129527
2237 0.000975892
2238 -0.000393017
2239 0.000756876
2240 0.00541411
2241 0.000324349
2242 0.00164018
2243 -0.000270578
2244 0.00539631
2245 0.000945857
2246 -0.000314453
2247 0.00146814
2248 -0.00157727
2249 0.00232119
2250 -0.00199275
2251 -0.000668847
2252 -0.00247957
2253 0.00902489
2254 0.00222388
2255 -0.0020682
2256 -0.00202362
2257 0.00364808
2258 0.00174744
2259 -0.00164114
2260 0.000213107
2261 0.00198816
2262 0.00365333
2263 -0.000204584
2264 -0.0042061
2265 -0.000394605
2266 -0.00170554
2267 0.00324673
2268 0.00306615
2269 0.000707547
2270 -0.00385863
2271 -0.00153289
2272 -0.000512845
2273 0.000385919
2274 -0.00272686
2275 -0.00020061
2276 -0.000337679
2277 -0.00230514
2278 7.63859e-05
2279 -0.000359257
2280 -0.0010612
2281 -0.000524491
2282 -0.000873529
2283 0.00103548
2284 -0.00187007
2285 0.00332337
2286 0.0011256
2287 -0.000137861
2288 0.000891651
2289 0.00317636
2290 0.000501484
2291 -0.00128477
2292 0.00105762
2293 -0.00123977
2294 -0.00634735
2295 0.000106302
2296 -0.00139764
2297 -0.000343654
2298 0.00192994
2299 0.00163466
2300 0.00458992
2301 -0.000125208
2302 0.00451811
2303 0.00418785
2304 -0.000310077
2305 -0.000593214
2306 -0.00280908
2307 -0.00197131
2308 -0.000290649
2309 0.00369417
2310 -0.00254525
2311 0.000917833
2312 0.00152872
2313 0.000170281
2314 -0.00507681
2315 -0.00115938
2316 -0.00225408
2317 0.0063319
2318 0.00230128
2319 -0.00161588
2320 -0.00059687
2321 0.00262746
2322 -0.00292632
2323 -0.00201214
2324 9.04451e-05
2325 0.00090972
2326 0.000937222
2327 0.00205455
2328 0.000157649
2329 -0.000524824
2330 0.00313723
2331 0.00197534
2332 0.000913012
2333 0.00122804
2334 0.0019339
2335 0.000824069
2336 -0.00144301
2337 -0.000533704
2338 -0.000410192
2339 0.00647972
2340 -0.00204401
2341 0.00130123
2342 0.00751735
2343 0.00115142
2344 -0.00218565
2345 -0.00345222
2346 0.00475607
2347 -0.00344621
2348 -0.00165359
2349 -0.00229213
2350 -0.00226601
2351 -0.00413097
2352 0.00361662
2353 -0.000865711
2354 -0.00506003
2355 0.00285034
2356 -0.000475615
2357 0.00251007
2358 0.0041703
2359 5.14219e-05
2360 0.000477013
2361 0.000307619
2362 0.0113437
2363 -0.00197235
2364 0.000684559
2365 -0.00141917
2366 -0.000474796
2367 -0.00157186
2368 -0.00150276
2369 -0.000836354
2370 0.000653847
2371 -0.000167377
2372 0.00149875
2373 0.00158223
2374 -9.6977e-05
2375 -0.00316106
2376 -0.000507628
2377 0.00261936
2378 0.000198678
2379 0.00116037
2380 0.00079712
2381 0.0002206
2382 0.000800984
2383 0.000335344
2384 0.000433668
2385 -0.00785081
2386 -0.00118767
2387 -0.00162615
2388 -0.000671643
2389 -0.000827855
2390 0.00428264
2391 -0.00166931
2392 -0.00178929
2393 -0.000703341
2394 -0.00155845
2395 -0.000214381
2396 -0.0035356
2397 -0.00491215
2398 -0.00156346
2399 -0.0019706
2400 0.00218754
2401 0.00306517
2402 0.000780425
2403 0.00161474
2404 0.00440256
2405 0.00053883
2406 0.000557865
2407 -0.00278332
2408 0.00501049
2409 0.00310961
2410 -0.00164633
2411 -0.00287257
2412 0.00375962
2413 0.00021537
2414 -0.00553192
2415 -0.00176231
2416 0.00142832
2417 0.00381309
2418 0.000634755
2419 0.00171798
2420 0.00287247
2421 0.000352155
2422 0.000589655
2423 0.00412735
2424 0.00303776
2425 0.00319262
2426 -3.85833e-05
2427 -0.000587464
2428 0.00372372
2429 0.00292877
2430 0.00231747
2431 -0.000776603
2432 -2.18088e-05
2433 0.00267952
2434 0.00184877
2435 -0.00203405
2436 0.00149955
2437 0.00219746
2438 -0.00840536
2439 -0.00571537
2440 -0.0041782
2441 -0.00264593
2442 -0.00531298
2443 8.064e-05
2444 -0.000432544
2445 -0.00460282
2446 0.00183432
2447 -0.00221925
2448 -0.00280278
2449 -0.000376752
2450 -0.00113027
2451 -0.00390502
2452 -0.00105429
2453 -0.00256929
2454 0.00392574
2455 0.00156838
2456 0.00111337
2457 0.000342681
2458 -0.00188582
2459 0.000553852
2460 0.00045134
2461 9.15922e-05
2462 0.00138244
2463 0.000312819
2464 0.000534231
2465 0.000185732
2466 0.00178021
2467 0.000258152
2468 -0.000199462
2469 -0.000117784
2470 0.00264581
2471 0.00284908
2472 -0.00300665
2473 -0.000572781
2474 0.00262803
2475 -0.000563696
2476 0.00212864
2477 -0.00397386
2478 -0.00418981
2479 0.000308103
2480 0.000107554
2481 0.00106805
2482 0.000484242
2483 -0.000705836
2484 -0.00147549
2485 0.00332455
2486 0.00291089
2487 -0.000927705
2488 0.00062771
2489 -0.00116223
2490 0.00305615
2491 0.000113406
2492 0.000503144
2493 0.00072914
2494 -0.000312406
2495 0.00163681
2496 -0.00258623
2497 -0.00167281
2498 0.00054978
2499 0.000775953
2500 0.000470221
2501 0.0020583
2502 -0.00626498
2503 0.00271818
2504 -0.000764869
2505 1.91561e-05
2506 0.00136787
2507 -0.000590261
2508 -0.000407434
2509 -7.88142e-05
2510 0.00222804
2511 0.000583696
2512 0.00021303
2513 0.000313598
2514 -0.00104818
2515 0.000229456
2516 0.000838624
2517 0.000339578
2518 0.00358841
2519 5.95821e-05
2520 0.00510689
2521 0.000840054
2522 0.000164172
2523 -0.00250207
2524 0.000983201
2525 -0.00277121
2526 0.000187896
2527 -0.000910179
2528 0.000354963
2529 0.00256081
2530 0.00157328
2531 -0.0120361
2532 -0.000558313
2533 0.00487011
2534 0.00184015
2535 -0.0013996
2536 -0.0023066
2537 -0.00315273
2538 8.60113e-07
2539 -0.00136166
2540 -0.000457654
2541 0.000630998
2542 -0.00144104
2543 -0.00147799
2544 -0.000859082
2545 -0.00224685
2546 0.0010325
2547 -0.000454818
2548 -0.000507335
2549 -0.000930052
2550 0.00278563
2551 0.00110614
2552 8.08262e-05
2553 -0.000128126
2554 -0.00314008
2555 0.00186655
2556 0.00373077
2557 0.000997278
2558 -0.0030411
2559 -0.00463133
2560 -0.00102751
2561 0.00012392
2562 0.000476027
2563 -0.000324261
2564 -0.00129999
2565 -0.00123035
2566 -0.00487511
2567 0.000523117
2568 -0.000578154
2569 0.0014274
2570 -0.00316364
2571 0.00109342
2572 0.00226103
2573 0.00468806
2574 0.00161109
2575 0.00166184
2576 0.000211395
2577 5.58547e-06
2578 0.00567363
2579 0.00137837
2580 -0.000858444
2581 0.000231336
2582 -0.000359582
2583 -0.00205197
2584 -0.00155023
2585 -0.00269184
2586 -0.000666583
2587 0.00361785
2588 0.000571936
2589 -0.00160569
2590 0.00170686
2591 0.00277517
2592 -0.00356399
2593 0.00415692
2594 0.000847006
2595 -0.00286271
2596 -0.00129843
2597 -0.00134144
2598 0.000656771
2599 -0.000157848
2600 -0.00451216
2601 -0.0014383
2602 0.00135297
2603 0.00108479
2604 0.000123805
2605 -0.00331432
2606 -0.000574107
2607 -0.000846896
2608 -0.000482701
2609 0.00026741
2610 0.000389059
2611 0.00129822
2612 0.000230138
2613 -0.000932005
2614 0.00086861
2615 0.00233439
2616 0.00338319
2617 -0.00116034
2618 -0.00114505
2619 -0.00132598
2620 -0.00191942
2621 -0.000405195
2622 0.00337648
2623 0.00218903
2624 0.00144265
2625 0.00140925
2626 0.000304075
2627 -0.0016763
2628 -0.00256804
2629 -4.65282e-05
2630 -0.000166832
2631 -0.000806971
2632 0.00152165
2633 -1.36441e-05
2634 -0.000855047
2635 0.00368025
2636 0.0026972
2637 0.00117464
2638 0.00104558
2639 0.00164696
2640 0.000400833
2641 -0.00301022
2642 -0.00359605
2643 -0.00111813
2644 -0.00656301
2645 0.00279405
2646 0.00695707
2647 0.000723337
2648 -0.0023964
2649 0.000394612
2650 0.000866286
2651 -0.000523515
2652 0.00131419
2653 -0.000631282
2654 -0.00193782
2655 0.00115523
2656 -0.00398326
2657 -0.00103737
2658 0.00061642
2659 0.000275066
2660 -0.000526032
2661 0.000475656
2662 -0.00360896
2663 -0.00310375
2664 0.000990634
2665 -0.000883342
2666 0.000449005
2667 0.000535639
2668 -0.00322546
2669 6.85764e-05
2670 -0.00181214
2671 0.000854653
2672 0.000414617
2673 -0.000252763
2674 3.01533e-05
2675 0.00120044
2676 0.000618329
2677 0.000624125
2678 -0.000342157
2679 0.00194581
2680 -0.00174354
2681 -0.00100937
2682 0.00177219
2683 0.00136026
2684 -0.00150516
2685 0.000588599
2686 0.000509796
2687 -0.00175705
2688 0.00554302
2689 -0.00173535
2690 0.00250292
2691 0.00504399
2692 0.00170537
2693 -0.000686498
2694 -0.00130293
2695 -0.000577202
2696 -2.19574e-05
2697 -0.00355912
2698 0.000715474
2699 0.00044493
2700 -0.000366867
2701 -0.000196927
2702 0.00309364
2703 -0.00320988
2704 0.00358569
2705 -0.00355527
2706 -0.00327066
2707 0.00149728
2708 0.000866857
2709 0.00265546
2710 0.0004577
2711 0.00198636
2712 0.000416917
2713 0.00103153
2714 0.0020674
2715 0.00204234
2716 -0.000454083
2717 0.00135205
2718 -0.000871249
2719 -0.00278207
2720 0.000313501
2721 -0.00386331
2722 0.00131992
2723 -0.002563
2724 -0.00102838
2725 -0.000507077
2726 7.65513e-05
2727 -0.000560612
2728 -0.000254748
2729 0.00229816
2730 0.00135642
2731 0.0006484
2732 0.00291416
2733 -0.00104926
2734 0.000620597
2735 0.000385344
2736 0.000942665
2737 -0.00579714
2738 0.00159499
2739 -0.00124815
2740 -0.000575862
2741 -0.0012146
2742 -0.00212716
2743 0.0021658
2744 0.000273641
2745 0.00130505
2746 0.000737453
2747 0.0010172
2748 0.000542296
2749 -0.00102337
2750 -0.00131135
2751 -0.00355672
2752 -0.000199861
2753 -0.00107384
2754 0.00126738
2755 0.00130466
2756 2.0921e-05
2757 0.000512182
2758 0.000514138
2759 -0.00316928
2760 0.000700544
2761 0.000161197
2762 -0.000221377
2763 0.00101228
2764 0.0123298
2765 0.000401298
2766 -0.000499279
2767 0.000158912
2768 -0.000712953
2769 -0.00110831
2770 -1.90275e-05
2771 -2.48457e-05
2772 -0.00199759
2773 0.000886192
2774 0.00576071
2775 0.00015896
2776 -0.000556886
2777 -1.39821e-05
2778 0.00110472
2779 -0.000544405
2780 0.00185588
2781 -0.000872198
2782 0.00238063
2783 -0.000160057
2784 -0.00138839
2785 0.00118556
2786 0.00181886
2787 -0.00100902
2788 0.00324956
2789 -0.000975619
2790 0.000361511
2791 -0.000268383
2792 0.00421396
2793 -0.00196443
2794 0.00116684
2795 -0.000158305
2796 -0.00144091
2797 0.000287025
2798 0.00147021
2799 -0.000990314
2800 -0.00299301
2801 -0.000861387
2802 0.00230453
2803 -0.000234161
2804 0.00331015
2805 -0.00141684
2806 -0.00307416
2807 -0.00167023
2808 -0.00166716
2809 0.000262984
2810 0.00139671
2811 0.00418435
2812 -0.00366254
2813 2.0303e-05
2814 -0.000966283
2815 0.000579285
2816 -0.00186017
2817 -0.00253817
2818 2.03153e-05
2819 -0.00104859
2820 -0.00705146
2821 0.00179286
2822 0.00137429
2823 -0.000187385
2824 0.0002214
2825 0.000412383
2826 0.00217065
2827 -0.00402491
2828 -0.00178654
2829 -0.000295114
2830 0.000158055
2831 -8.53168e-05
2832 -0.00244573
2833 0.000560315
2834 -0.00286567
2835 0.00345999
2836 8.97569e-05
2837 0.00172227
2838 0.0021758
2839 0.00578412
2840 -0.00175779
2841 -0.00453006
2842 -0.000508839
2843 0.000495185
2844 0.00271808
2845 -0.000701278
2846 0.00479315
2847 -0.00371941
2848 0.00403492
2849 -0.00197124
2850 0.00112524
2851 0.00258974
2852 0.00581842
2853 0.00264783
2854 0.00208262
2855 0.00471407
2856 -0.00603532
2857 -0.00237482
2858 0.00492011
2859 0.00323185
2860 0.00251894
2861 -0.00110512
2862 0.00510748
2863 -0.00314107
2864 0.000960896
2865 -0.00315001
2866 -0.00142934
2867 0.000393113
2868 -0.00204119
2869 -0.0012136
2870 -0.0017891
2871 -0.00206374
2872 0.000280405
2873 -0.00157752
2874 0.000384552
2875 -3.68125e-05
2876 -0.00314934
2877 -6.5835e-05
2878 0.000420844
2879 -0.00362549
2880 0.00045011
2881 0.00159156
2882 0.00030974
2883 0.000149786
2884 -0.000141966
2885 0.00215248
2886 -0.000602784
2887 0.00293985
2888 -0.00285068
2889 0.000852063
2890 0.000803776
2891 0.00214091
2892 0.00332874
2893 -0.00205376
2894 -0.00513061
2895 0.000198369
2896 -0.00185511
2897 0.00170955
2898 0.0039713
2899 -0.00209437
2900 -0.0014473
2901 0.000356303
2902 0.00125474
2903 -0.000499345
2904 5.57576e-05
2905 0.000192807
2906 -0.00151166
2907 -0.00349928
2908 -0.000356296
2909 0.000259723
2910 0.00542058
2911 -0.00188583
2912 -0.00542134
2913 -1.57215e-05
2914 -0.000201205
2915 0.000876344
2916 0.00064136
2917 -0.000149597
2918 0.0011965
2919 0.000403981
2920 -0.000160558
2921 0.000599093
2922 0.00349438
2923 -0.00213118
2924 2.48055e-05
2925 -0.000381782
2926 0.000522415
2927 0.000268157
2928 0.00143607
2929 0.00042703
2930 -0.000993817
2931 -0.000258776
2932 -0.00117525
2933 0.000896674
2934 0.000600189
2935 -0.00246717
2936 0.0011468
2937 0.00117096
2938 0.000579756
2939 -0.00184414
2940 -0.000441516
2941 -0.00143805
2942 -0.00234215
2943 0.00162648
2944 0.00465019
2945 -0.000714466
2946 -0.00336136
2947 -0.000718636
2948 0.00474351
2949 -0.00118023
2950 0.000571474
2951 0.000872114
2952 -0.00211124
2953 -0.000260016
2954 0.00139951
2955 0.000290195
2956 0.000199023
2957 -9.09261e-05
2958 -0.00319091
2959 0.0028196
2960 0.000585466
2961 -0.00192383
2962 0.00138893
2963 -0.00204145
2964 0.00266576
2965 -0.000209841
2966 0.000452267
2967 -0.00270148
2968 -0.00122074
2969 0.00256451
2970 -0.00353559
2971 0.000806896
2972 -0.00461407
2973 -0.00422709
2974 -0.00521962
2975 -0.000601166
2976 0.000785949
2977 0.000781249
2978 -0.000342435
2979 0.00124203
2980 -0.00278152
2981 -0.000465873
2982 -0.00245029
2983 0.00417274
2984 -4.52381e-05
2985 0.000412043
2986 0.00204566
2987 -0.000506537
2988 -0.00216779
2989 -0.0049128
2990 0.00142929
2991 -6.0926e-05
2992 0.00326946
2993 0.000314917
2994 0.000994419
2995 0.000445459
2996 -0.000720267
2997 -0.00072886
2998 -0.000709545
2999 0.0036536
3000 -0.000275344
3001 -0.00192435
3002 -0.00342987
3003 0.000583137
3004 0.00086809
3005 -0.000402408
3006 -0.00669993
3007 -0.000790168
3008 0.000859439
3009 -0.00109618
3010 -0.000787542
3011 0.00156605
3012 -0.00128314
3013 0.00139226
3014 -0.00085567
3015 0.00454274
3016 0.000241996
3017 -0.00241334
3018 -0.000536792
3019 0.000579935
3020 -0.00311591
3021 -0.00291976
3022 -4.20328e-05
3023 -0.00122821
3024 -0.00205799
3025 0.000818332
3026 -0.00366055
3027 0.00309085
3028 0.000510531
3029 0.00132588
3030 0.00035294
3031 -0.00149225
3032 -0.00206052
3033 0.000380643
3034 0.00339972
3035 -0.0037121
3036 -0.00152578
3037 0.000764307
3038 -0.0016377
3039 -0.000838895
3040 -0.00140691
3041 0.002451
3042 0.00192294
3043 0.00194832
3044 0.0037812
3045 0.00106734
3046 -0.00101261
3047 -0.000463123
3048 -0.00244535
3049 -0.00262461
3050 7.58884e-05
3051 -7.10351e-05
3052 0.000899587
3053 0.00308258
3054 -0.000546777
3055 -0.000199935
3056 4.28557e-05
3057 0.000769114
3058 -0.000744342
3059 0.000738744
3060 -0.0011512
3061 3.65491e-05
3062 0.00109062
3063 0.00145181
3064 0.00289482
3065 0.000229372
3066 -0.000568743
3067 0.00153138
3068 -0.00414988
3069 0.00133244
3070 -0.000211254
3071 -0.00266511
3072 -0.000561444
3073 -0.00227923
3074 0.000326709
3075 0.00213376
3076 0.00349546
3077 9.78404e-05
3078 -0.00155941
3079 0.00468768
3080 0.00221561
3081 2.85627e-05
3082 0.00498446
3083 -0.000543776
3084 -5.17982e-05
3085 -0.00159548
3086 -0.000897989
3087 -0.00165337
3088 -0.00154547
3089 0.000733858
3090 -0.000997566
3091 0.00160832
3092 0.00239632
3093 -0.000622277
3094 0.00162748
3095 0.00224102
3096 0.00251528
3097 0.000359882
3098 0.000655344
3099 7.59232e-05
3100 -0.00249885
3101 -0.000686573
3102 0.00245942
3103 -0.00273628
3104 -0.00509624
3105 0.000772211
3106 0.00145402
3107 0.000352156
3108 0.000811336
3109 0.000247895
3110 1.6756e-05
3111 0.00063784
3112 -0.000806898
3113 -0.00142047
3114 0.000471178
3115 0.00192831
3116 0.00115257
3117 0.00117032
3118 -7.49925e-05
3119 0.000388345
3120 0.00532129
3121 0.00465029
3122 -0.000619273
3123 0.00156411
3124 -0.000724167
3125 0.00120766
3126 -0.000968702
3127 -0.00315804
3128 0.00122221
3129 -0.000573901
3130 0.00111925
3131 -0.0040754
3132 0.0020652
3133 -0.00102653
3134 -0.000413591
3135 -0.00296367
3136 0.000442902
3137 -0.00359517
3138 0.000212289
3139 0.00341307
3140 0.000442626
3141 0.00381198
3142 -0.00382107
3143 -0.00038439
3144 -0.00360276
3145 0.00395763
3146 0.00363383
3147 -7.62802e-06
3148 0.0029794
3149 -0.00326022
3150 0.00153531
3151 0.00287874
3152 0.0012727
3153 0.00241112
3154 -0.002062
3155 0.000719407
3156 0.0015741
3157 0.00105932
3158 -0.00112996
3159 0.00167059
3160 0.000359249
3161 -0.00119157
3162 0.000262426
3163 0.00176603
3164 -0.00305371
3165 -0.00231395
3166 0.000405467
3167 -0.00226644
3168 -0.00586398
3169 -0.00178045
3170 -0.000433205
3171 -0.00107382
3172 -0.0042952
3173 0.000684405
3174 -0.000196078
3175 0.00149802
3176 0.00195724
3177 0.00144333
3178 5.56018e-05
3179 0.000211733
3180 0.00132659
3181 -0.00107251
3182 -0.000425702
3183 0.000347632
3184 -4.25243e-05
3185 0.00487818
3186 0.000606268
3187 0.000707262
3188 -5.89176e-05
3189 -0.00126084
3190 -0.00195062
3191 0.000794349
3192 -0.000482008
3193 0.00143411
3194 -0.000238691
3195 -0.00155286
3196 0.00122574
3197 0.00174624
3198 -0.000121017
3199 0.000188265
3200 -0.000168892
3201 -0.000763062
3202 -0.000389557
3203 -0.00439844
3204 0.00168482
3205 -0.000488637
3206 0.00270789
3207 0.00140752
3208 -0.00490799
3209 -0.00252812
3210 -0.000562524
3211 -0.00195685
3212 -0.00101181
3213 -0.00390804
3214 0.000814577
3215 -4.50541e-05
3216 -0.000464359
3217 -0.00205546
3218 -0.00116149
3219 0.00105986
3220 0.00329362
3221 -0.000666226
3222 -0.000506463
3223 -0.00220357
3224 -0.00107329
3225 -0.000935098
3226 0.00124475
3227 0.00502463
3228 -0.000183346
3229 -0.000824911
3230 -0.000320026
3231 -0.000164562
3232 2.17783e-05
3233 0.00026955
3234 0.00355196
3235 -0.00162765
3236 0.000786606
3237 -0.00242539
3238 0.00326853
3239 0.000577145
3240 -0.00107464
3241 -0.0018963
3242 0.00305737
3243 0.000286123
3244 0.00128975
3245 0.000608133
3246 0.00149632
3247 0.00271496
3248 -0.00029986
3249 0.000984615
3250 0.00148129
3251 -0.000216488
3252 -0.00101797
3253 -0.00240517
3254 -0.000625607
3255 0.000503274
3256 -0.00433845
3257 -0.00306316
3258 -0.00673631
3259 0.00274909
3260 0.00227689
3261 -0.00287974
3262 -0.00100442
3263 -0.00261973
3264 -0.000575799
3265 -0.00558445
3266 0.000686198
3267 0.00518065
3268 0.00151646
3269 -0.0012219
3270 0.0012193
3271 0.000133737
3272 -9.56882e-05
3273 0.000115544
3274 0.000212697
3275 2.49742e-05
3276 0.000860768
3277 -6.09277e-05
3278 0.000521213
3279 0.00124296
3280 -0.000452104
3281 0.00134387
3282 0.00169543
3283 -0.00129535
3284 0.00109454
3285 0.000603499
3286 -0.00172675
3287 0.000124934
3288 -0.00433298
3289 0.000306367
3290 0.000353794
3291 -0.00161012
3292 0.00215083
3293 0.00073249
3294 -0.00259663
3295 -0.00085194
3296 0.000771386
3297 -0.00164335
3298 0.00107375
3299 0.00195266
3300 -0.00121577
3301 0.00502742
3302 0.000658773
3303 0.00613194
3304 -0.00215829
3305 3.82261e-05
3306 -0.00100148
3307 -0.000986963
3308 -0.0013844
3309 0.000152163
3310 0.00388963
3311 -0.000983307
3312 0.000148659
3313 -0.000364131
3314 0.000428972
3315 -0.00237675
3316 0.00193448
3317 0.000707546
3318 -0.00401069
3319 -0.000651176
3320 0.000506847
3321 6.3488e-05
3322 -0.000493776
3323 -0.000108941
3324 0.000556433
3325 -0.000404804
3326 0.00117238
3327 0.00150855
3328 0.000558644
3329 -0.00251044
3330 0.00138585
3331 -0.00246549
3332 0.00181278
3333 -0.00204578
3334 -0.00157192
3335 -0.00335825
3336 -0.00159426
3337 -0.00267964
3338 0.00186979
3339 -0.000148703
3340 0.00105716
3341 0.000314378
3342 -0.0035965
3343 -0.000609937
3344 0.00047424
3345 0.000149291
3346 -0.00289933
3347 -0.00173246
3348 -0.000224109
3349 -0.00414927
3350 0.000456992
3351 0.00222267
3352 -0.00274576
3353 0.00156308
3354 0.000596609
3355 -0.00277515
3356 -0.000908704
3357 0.000438289
3358 -0.000374162
3359 0.000322992
3360 0.000635082
3361 0.00103957
3362 -0.00217478
3363 -0.00282897
3364 0.000319062
3365 0.00098212
3366 -0.00308393
3367 -0.00115093
3368 -0.000115522
3369 0.000911881
3370 0.000974952
3371 0.000863423
3372 0.000355073
3373 -0.00146457
3374 0.000581808
3375 0.000739864
3376 -0.00500627
3377 -0.000132873
3378 -0.00040199
3379 0.000791436
3380 -0.000996353
3381 -0.000452629
3382 0.000722751
3383 -0.00147884
3384 0.00256377
3385 -0.000206473
3386 0.00163919
3387 -0.0103183
3388 0.00109294
3389 -0.00290646
3390 0.000309904
3391 0.000416551
3392 -0.000723765
3393 -0.000952641
3394 0.000625219
3395 6.18133e-05
3396 0.00346683
3397 0.00174941
3398 0.000817851
3399 0.00120557
3400 -0.000758821
3401 -0.000386738
3402 -0.00362935
3403 -0.00268758
3404 0.00157854
3405 0.00121212
3406 -0.0014584
3407 0.00253716
3408 0.000438214
3409 0.000317802
3410 0.00126684
3411 -0.000607175
3412 -0.00057314
3413 -0.00252504
3414 -0.00131746
3415 -0.000647116
3416 0.00115429
3417 3.88228e-05
3418 -0.000388662
3419 0.000573845
3420 -0.00249181
3421 -0.000476342
3422 0.000657569
3423 -0.000385877
3424 -0.00123052
3425 -0.0035512
3426 0.00322457
3427 0.00204554
3428 0.00131965
3429 0.000253382
3430 0.00147288
3431 -0.00268744
3432 -0.00395902
3433 -0.00627615
3434 0.00445902
3435 -0.000792271
3436 -0.00134761
3437 0.00232631
3438 0.00113884
3439 0.00107647
3440 -0.0025027
3441 0.000381895
3442 0.00165655
3443 -9.86764e-06
3444 -0.00197957
3445 -0.000501994
3446 0.00123412
3447 0.00144428
3448 0.00251198
3449 -0.00121035
3450 -0.00047746
3451 -0.00574033
3452 -0.000920818
3453 -0.000182517
3454 -8.71724e-05
3455 0.000145674
3456 -0.000881165
3457 -0.00031949
3458 0.00621287
3459 0.00207911
3460 -0.000219868
3461 0.0018146
3462 -0.000678545
3463 -0.00253796
3464 0.0021167
3465 -0.0012545
3466 -0.000159081
3467 0.000423943
3468 0.000211869
3469 0.000761447
3470 -0.00127623
3471 -0.00247211
3472 0.000513389
3473 0.00295554
3474 0.00136837
3475 0.000711398
3476 0.00155504
3477 0.000381609
3478 -0.00219133
3479 -0.00033154
3480 0.00199261
3481 0.002472
3482 0.000339139
3483 0.000942841
3484 0.00667257
3485 0.00111913
3486 0.000258187
3487 0.000765609
3488 0.000549746
3489 -0.000350684
3490 -7.75502e-06
3491 -0.00461528
3492 -0.0020189
3493 0.0013437
3494 -0.00316127
3495 -0.00145958
3496 0.00291611
3497 -0.000868637
3498 0.00055508
3499 0.00124147
3500 -0.000779927
3501 0.000310334
3502 0.00175327
3503 9.91806e-05
3504 -0.000857881
3505 -0.000375438
3506 -0.000879744
3507 0.000647965
3508 0.00174805
3509 0.00153028
3510 0.000689777
3511 0.00143302
3512 -0.000104451
3513 0.000558232
3514 0.000642798
3515 4.89786e-05
3516 -5.90795e-05
3517 0.000271929
3518 -0.00227009
3519 -0.00173932
3520 -8.63087e-05
3521 -0.00119157
3522 -0.00361442
3523 0.00215478
3524 -0.0028657
3525 -3.07124e-05
3526 8.72937e-05
3527 2.77086e-05
3528 -0.00107898
3529 -0.00194788
3530 -0.0020344
3531 0.00719581
3532 0.00232523
3533 -0.00627654
3534 -0.00353409
3535 0.00103746
3536 -0.000972945
3537 0.00766663
3538 0.00353127
3539 0.00259178
3540 0.00285055
3541 -0.00100189
3542 0.00592611
3543 0.00823256
3544 0.00261046
3545 0.000243167
3546 -0.000666244
3547 -0.00116784
3548 0.00230308
3549 -0.000890781
3550 -0.0011014
3551 0.00131872
3552 -0.000178014
3553 0.00175428
3554 0.000270623
3555 -0.00269987
3556 -0.000745293
3557 0.000137491
3558 0.000375394
3559 -0.00116529
3560 -0.00192175
3561 -0.00177605
3562 0.000229704
3563 0.000689157
3564 0.00210694
3565 -0.00283367
3566 -0.000693929
3567 0.00153259
3568 0.00359686
3569 -0.00660568
3570 0.00084269
3571 0.00147815
3572 0.00247417
3573 -0.00202203
3574 -0.000227111
3575 0.000229137
3576 -0.000265597
3577 0.0010871
3578 0.000355438
3579 -7.16694e-05
3580 -0.00229535
3581 0.00148869
3582 -5.14379e-05
3583 0.00168221
3584 0.000797464
3585 0.00187458
3586 -0.000392278
3587 0.000936455
3588 0.000204503
3589 0.00141652
3590 0.00208175
3591 0.00165465
3592 0.000887281
3593 4.92776e-05
3594 0.00281101
3595 0.000788036
3596 -0.000469681
3597 0.00604167
3598 0.00206501
3599 -0.000875904
3600 -0.00125527
3601 -4.33726e-05
3602 -0.000963741
3603 0.00150407
3604 -0.00228973
3605 -0.001949
3606 -0.000795081
3607 -0.00105227
3608 0.00217685
3609 -4.70878e-05
3610 0.0037105
3611 9.11422e-05
3612 -0.000517782
3613 0.00292663
3614 0.00125382
3615 -0.00395755
3616 -0.0035861
3617 0.000854906
3618 7.0475e-05
3619 0.00426138
3620 0.00400889
3621 0.000625509
3622 -0.00124936
3623 0.00111777
3624 9.31271e-05
3625 -0.000176907
3626 -0.000361848
3627 0.000370194
3628 0.000543067
3629 0.00152341
3630 0.0022967
3631 0.00248206
3632 0.00214741
3633 0.00115083
3634 -0.00276183
3635 -0.00228081
3636 -0.00538556
3637 -0.000258737
3638 -0.000962674
3639 0.00111502
3640 0.000100579
3641 0.000732004
3642 9.55659e-05
3643 -0.000345397
3644 -0.0019604
3645 0.00517315
3646 -0.00137773
3647 0.000402246
3648 0.0010415
3649 -0.00196603
3650 -0.00164525
3651 -0.00337657
3652 0.00151781
3653 -0.00178759
3654 0.00335888
3655 0.00219843
3656 0.00127463
3657 -0.000351937
3658 0.000550027
3659 -0.0015278
3660 -3.8528e-05
3661 0.00243853
3662 0.00136241
3663 0.00395453
3664 0.00116955
3665 0.00125092
3666 0.00163562
3667 0.0024669
3668 -0.00134416
3669 0.000396171
3670 -0.00315023
3671 -0.000513772
3672 -0.00157662
3673 -0.000250572
3674 0.00138019
3675 -0.000148796
3676 0.000389171
3677 0.00266683
3678 0.00227013
3679 -0.000893643
3680 -0.0011984
3681 -0.000302432
3682 2.04451e-07
3683 0.000900428
3684 -0.00209163
3685 -0.00183698
3686 -0.00175115
3687 -0.000940935
3688 -0.000378229
3689 0.000865683
3690 0.00196659
3691 0.000103459
3692 0.000868459
3693 -0.00115957
3694 0.0037761
3695 -0.00454494
3696 0.000192916
3697 0.00241557
3698 0.00219898
3699 -0.000255527
3700 0.000525851
3701 9.55e-05
3702 0.00182816
3703 2.6462e-05
3704 -0.000293996
3705 0.00337184
3706 0.00127789
3707 0.00110588
3708 0.00453993
3709 0.0018546
3710 0.00154872
3711 -0.00026621
3712 0.000791278
3713 -0.000246191
3714 0.000842449
3715 0.00103683
3716 4.87766e-05
3717 -0.00148037
3718 -0.000517798
3719 0.000418398
3720 0.00188688
3721 -9.3596e-05
3722 0.00219681
3723 0.00287202
3724 -0.000936964
3725 -0.00322062
3726 -0.000840802
3727 0.000270223
3728 -0.00136774
3729 -0.000455753
3730 0.000733915
3731 0.00285891
3732 0.000737213
3733 0.000550587
3734 0.000115666
3735 -0.00164999
3736 -0.00362955
3737 0.000367403
3738 -0.00274668
3739 -0.00372488
3740 -7.26514e-05
3741 0.00255601
3742 0.00155289
3743 0.00153337
3744 0.00176954
3745 0.000402938
3746 0.00103704
3747 -0.00145841
3748 0.00109347
3749 -0.0019343
3750 0.0016446
3751 -0.000536697
3752 -0.00401347
3753 0.00120946
3754 -0.00295405
3755 0.00584627
3756 0.0001497
3757 0.000517857
3758 -0.00194612
3759 0.00219553
3760 -0.00360536
3761 0.00195827
3762 0.00108262
3763 0.00039743
3764 -0.00133189
3765 0.000478808
3766 -0.00386428
3767 -0.00326785
3768 -0.00248749
3769 0.00218866
3770 0.000361216
3771 -0.00016145
3772 -0.00177119
3773 -0.000121322
3774 0.000211263
3775 -0.000282186
3776 0.000792885
3777 0.00469762
3778 0.000337084
3779 0.00103172
3780 0.000396283
3781 -0.000728278
3782 0.000747402
3783 -0.000269473
3784 -0.00122344
3785 -0.00148803
3786 -0.00106097
3787 0.000296381
3788 -0.000293274
3789 0.00372143
3790 0.00197887
3791 -0.000227931
3792 -0.000513771
3793 0.00399769
3794 -0.001679
3795 -0.000136243
3796 -0.00500407
3797 0.000396009
3798 -0.000277431
3799 -0.000608446
3800 0.000708367
3801 0.00206021
3802 0.00358504
3803 0.0015208
3804 0.00263976
3805 0.00198792
3806 -0.0013776
3807 -0.00111007
3808 -0.004471
3809 0.00128834
3810 0.000507861
3811 0.00182276
3812 8.84026e-05
3813 0.000747208
3814 0.000987182
3815 -0.000707427
3816 -0.000102809
3817 -0.00271036
3818 -0.00459968
3819 -0.00112411
3820 -0.00238515
3821 0.000540595
3822 0.00335872
3823 0.00141075
3824 -0.000296741
3825 -0.00248125
3826 -0.00679059
3827 0.00151677
3828 7.56081e-05
3829 -0.0002197
3830 -0.00097244
3831 -0.00171247
3832 -0.000634113
3833 0.000161869
3834 0.000392202
3835 0.00232415
3836 0.00139786
3837 -0.000160668
3838 0.000356167
3839 0.000687782
3840 -0.000851271
3841 0.0014001
3842 0.00152717
3843 9.34767e-06
3844 0.000726118
3845 0.000517222
3846 -0.00125587
3847 -0.00111471
3848 -0.00280481
3849 0.000543529
3850 0.00158116
3851 0.000127666
3852 0.00154967
3853 0.000239307
3854 0.000828473
3855 -0.000342706
3856 -0.000765397
3857 0.000951705
3858 0.0014713
3859 0.00139589
3860 0.0015516
3861 0.000665953
3862 0.0015316
3863 0.000117894
3864 -0.00161183
3865 -0.00137877
3866 -0.00165563
3867 0.00450923
3868 0.00215604
3869 -0.00242633
3870 -0.00403158
3871 -0.000871089
3872 -0.00054937
3873 -0.003629
3874 -0.0018305
3875 0.00254121
3876 0.00189517
3877 0.00302226
3878 -0.000990357
3879 -0.00177637
3880 0.00014171
3881 -0.000920627
3882 -0.000143986
3883 -0.00104489
3884 0.00176062
3885 -0.00120988
3886 0.000103936
3887 -0.00084028
3888 -0.000937785
3889 -0.00173052
3890 -0.00240656
3891 0.00196068
3892 0.000482715
3893 -0.00087845
3894 0.00156318
3895 0.000110518
3896 -0.00238228
3897 -0.00318303
3898 0.00111237
3899 -0.00108522
3900 0.000352894
3901 -0.00104595
3902 -0.0024812
3903 0.00181538
3904 0.00338124
3905 -0.00019039
3906 0.000614286
3907 -0.00103873
3908 0.000408079
3909 -0.000326006
3910 0.00578685
3911 -0.0021848
3912 -0.00169177
3913 -1.95345e-05
3914 -0.000753141
3915 0.00211764
3916 -0.000559426
3917 0.00314473
3918 -0.00164429
3919 -0.00215124
3920 0.000610785
3921 0.00067234
3922 -0.00259999
3923 -0.00140082
3924 -0.00131439
3925 0.000285989
3926 0.00023628
3927 0.00102368
3928 0.00106183
3929 0.000338966
3930 0.00275744
3931 0.00379534
3932 -0.00110381
3933 -0.000262417
3934 -0.00199358
3935 -0.000357709
3936 0.00184687
3937 -0.000517144
3938 -0.0018836
3939 0.000348549
3940 0.000814826
3941 -0.000758946
3942 0.00186659
3943 -0.00019912
3944 -0.000612535
3945 0.00202267
3946 -0.000492688
3947 0.000315846
3948 0.00097718
3949 0.00107146
3950 -0.000586927
3951 0.000401815
3952 -0.00595864
3953 6.74733e-05
3954 -0.00391599
3955 -0.00146423
3956 -0.000611005
3957 -0.000298715
3958 0.000267634
3959 0.00110375
3960 -6.66523e-06
3961 0.000370811
3962 0.00258911
3963 -0.00343589
3964 0.000908675
3965 -0.000232862
3966 5.29905e-05
3967 0.000915198
3968 0.000159717
3969 -0.000238411
3970 -0.00278886
3971 -0.00128774
3972 0.00179458
3973 0.000275845
3974 -0.00117711
3975 -0.000536232
3976 0.000370559
3977 0.00174387
3978 -0.000498329
3979 -0.000527584
3980 -0.00257037
3981 0.00225786
3982 -0.000777311
3983 0.000163206
3984 -0.000179216
3985 -0.000878178
3986 -0.000398528
3987 -0.000270032
3988 -0.000349839
3989 0.000518829
3990 -0.000757803
3991 -0.000862953
3992 0.00010946
3993 -0.00190731
3994 -0.000469434
3995 -5.36333e-05
3996 -0.00183938
3997 0.00519882
3998 -0.00291563
3999 0.00181901
4000 0.000632373
4001 0.0019127
4002 0.000988139
4003 0.000935818
4004 -0.000720901
4005 0.00123578
4006 0.00142673
4007 -0.00148225
4008 0.00066128
4009 -0.000485944
4010 -0.000123292
4011 -0.00357898
4012 -0.00043966
4013 0.00235337
4014 0.0012961
4015 -0.000553634
4016 0.00154804
4017 -0.00495418
4018 0.00231178
4019 0.000130521
4020 -0.00149974
4021 0.00101462
4022 0.00194302
4023 0.00393427
4024 -0.000849863
4025 0.00208097
4026 0.00255327
4027 0.000882192
4028 -0.000641773
4029 -0.0012242
4030 -0.000260219
4031 0.000585908
4032 0.0010941
4033 -9.48362e-05
4034 0.00347763
4035 0.00131039
4036 0.000416892
4037 0.00133151
4038 0.002107
4039 -0.000774365
4040 0.000464078
4041 0.0006721
4042 -0.00146243
4043 0.000591559
4044 -0.000265701
4045 0.000330351
4046 -0.000266236
4047 0.00268692
4048 -0.00085459
4049 -0.00248183
4050 0.000774499
4051 -0.00195884
4052 -0.000699225
4053 -0.00147276
4054 0.000666195
4055 -8.67274e-05
4056 -0.00196565
4057 0.00109267
4058 0.000392644
4059 4.49212e-05
4060 0.00282062
4061 -2.03547e-05
4062 0.00193779
4063 -0.000998309
4064 0.00268965
4065 0.00047886
4066 0.000750587
4067 0.000903162
4068 -0.000334774
4069 0.000694018
4070 -0.00189397
4071 -0.000856391
4072 -0.000100178
4073 0.000301021
4074 -0.00206358
4075 -0.000274547
4076 0.00214603
4077 0.00210848
4078 -0.00115665
4079 -0.0021936
4080 0.00152187
4081 0.00344707
4082 0.000810881
4083 0.00359159
4084 -0.000320276
4085 0.00309835
4086 9.56902e-05
4087 -0.00103621
4088 -0.000593852
4089 -0.000238105
4090 -0.00218648
4091 -0.000886009
4092 -0.000870038
4093 -0.00211158
4094 0.000626972
4095 -0.000701327
4096 -0.000970455
4097 0.000471235
4098 0.00176634
4099 0.00164155
4100 0.00107465
4101 0.00375425
4102 0.000905064
4103 -0.00275758
4104 0.000885433
4105 0.00218727
4106 0.000938621
4107 0.00149122
4108 -0.00206809
4109 0.00415975
4110 0.00100543
4111 -0.000319159
4112 0.000620771
4113 0.000309204
4114 0.00129922
4115 3.94662e-05
4116 0.00224814
4117 0.000529554
4118 -0.00125981
4119 -0.000311267
4120 0.000870428
4121 0.0052798
4122 0.00112888
4123 -0.000317584
4124 0.001597
4125 -0.000144526
4126 0.00132888
4127 0.00627441
4128 -0.00110349
4129 0.00066337
4130 -0.000526382
4131 -0.00040946
4132 0.000324432
4133 0.000404771
4134 0.000544643
4135 -0.000186533
4136 0.00545343
4137 -0.0022088
4138 0.00111308
4139 -0.00168496
4140 0.000455036
4141 -0.00127745
4142 -0.0023603
4143 0.00233133
4144 0.00187625
4145 0.00257761
4146 -0.000102794
4147 0.00365348
4148 -0.00165894
4149 -0.00259443
4150 0.00161215
4151 0.00193892
4152 0.00544103
4153 0.000682496
4154 -0.000334271
4155 -0.00139076
4156 -0.00234826
4157 0.000698497
4158 -0.0001547
4159 0.00124356
4160 -0.00522887
4161 0.000955603
4162 -0.00174216
4163 -0.000235387
4164 0.000253793
4165 0.00383501
4166 -0.000947977
4167 0.00138503
4168 0.00215902
4169 0.000251272
4170 -0.00198269
4171 -0.00070876
4172 0.000978226
4173 -0.00169292
4174 0.0014599
4175 0.000400859
4176 0.000797107
4177 -0.00100421
4178 -0.00766939
4179 -0.000448137
4180 0.000338597
4181 0.00677536
4182 0.000206584
4183 -0.00111709
4184 -0.000481488
4185 -0.00252348
4186 0.000438259
4187 -0.00177064
4188 0.00156976
4189 0.00115082
4190 0.000829798
4191 8.31964e-05
4192 -6.6389e-05
4193 -0.00254785
4194 0.00134443
4195 -0.00153151
4196 -0.000655939
4197 -0.00245807
4198 -0.00174672
4199 -0.000485608
4200 0.00161826
4201 0.00123344
4202 -0.00196925
4203 0.000220851
4204 -0.00209542
4205 -0.000440158
4206 -0.000942293
4207 0.000349022
4208 0.000270322
4209 -0.00136398
4210 0.000339448
4211 0.000620175
4212 -0.000264395
4213 -0.00187542
4214 -0.000401236
4215 0.000225752
4216 0.000727861
4217 -0.000233369
4218 -0.00191597
4219 -0.00177737
4220 -0.00330125
4221 -0.00148777
4222 -0.000944213
4223 -0.000582342
4224 0.000514966
4225 -0.000514898
4226 -0.00273073
4227 -0.00132802
4228 0.00336136
4229 0.00122032
4230 -0.00174098
4231 0.00132548
4232 -0.00293697
4233 0.000315112
4234 -0.00126302
4235 -0.00450748
4236 0.00147398
4237 0.00100061
4238 -0.000837869
4239 0.00183841
4240 0.000320588
4241 0.000643428
4242 0.00093368
4243 0.0005903
4244 -3.79513e-05
4245 -0.00103997
4246 0.000845589
4247 0.000500975
4248 9.14354e-05
4249 -0.00108394
4250 -0.0016799
4251 -0.00319541
4252 0.000211399
4253 -0.000549117
4254 -0.00358743
4255 0.00044685
4256 -0.000841137
4257 0.0018307
4258 0.000879985
4259 1.21388e-05
4260 -0.000928074
4261 -0.00014123
4262 -0.00096462
4263 0.00202034
4264 -0.00021198
4265 -0.000655785
4266 -0.00211373
4267 0.00235924
4268 0.00365992
4269 0.000417681
4270 1.81871e-05
4271 -0.000355711
4272 0.000699919
4273 0.000388572
4274 0.00153777
4275 0.000537712
4276 -0.00164425
4277 0.00123756
4278 -0.0033085
4279 -0.00133811
4280 0.000445349
4281 0.000515313
4282 -0.00404819
4283 -0.000782686
4284 -0.000464081
4285 -0.00532883
4286 -0.00352768
4287 1.75669e-05
4288 0.00128764
4289 -0.00157849
4290 -0.000226516
4291 0.00161366
4292 -0.00160188
4293 0.000444385
4294 0.000293784
4295 0.00199083
4296 -0.000160001
4297 -0.00275493
4298 0.00134813
4299 -0.000369688
4300 -0.00100204
4301 0.000939401
4302 -7.34587e-05
4303 -0.000890402
4304 0.000931448
4305 -2.46076e-05
4306 -0.00162105
4307 -0.00464566
4308 -0.00080907
4309 0.000101676
4310 -0.00168569
4311 -0.00110558
4312 -0.00090419
4313 -0.00134578
4314 -0.00363954
4315 -0.0021299
4316 0.00173141
4317 0.00113009
4318 -0.00119306
4319 -0.00149959
4320 -0.00275094
4321 0.000320803
4322 -0.000484924
4323 0.00136599
4324 0.000264203
4325 -0.00072412
4326 -0.00148954
4327 -0.00061767
4328 0.00205241
4329 -5.97014e-05
4330 0.010261
4331 0.00173506
4332 -0.000560577
4333 0.000559992
4334 0.000412846
4335 -0.00053165
4336 0.00444753
4337 -0.00154971
4338 0.000522642
4339 -0.00234618
4340 0.00175195
4341 0.000818565
4342 -0.000428782
4343 -0.000981401
4344 -0.00122256
4345 -0.00068673
4346 0.00249937
4347 -0.00123954
4348 0.00584857
4349 -0.000374039
4350 0.000665215
4351 0.000467078
4352 0.000101773
4353 5.67062e-05
4354 -0.00333476
4355 0.00208871
4356 -0.000451953
4357 0.000354281
4358 -0.00145652
4359 0.00147525
4360 0.000798208
4361 0.00063884
4362 -0.000448172
4363 0.000453081
4364 -0.00251945
4365 -7.02782e-05
4366 0.00354194
4367 -0.000349731
4368 0.00037558
4369 5.35671e-05
4370 -0.000419446
4371 -0.000127165
4372 -0.000934804
4373 -0.000669338
4374 0.00434481
4375 -0.00218902
4376 -0.00069041
4377 -0.00151877
4378 0.0011035
4379 0.0030046
4380 -0.00344716
4381 0.00169007
4382 0.000154711
4383 -0.000501665
4384 -0.00209353
4385 -0.00210092
4386 -0.000995994
4387 -0.00175695
4388 -0.00241667
4389 0.0043274
4390 0.000798824
4391 -3.63651e-05
4392 -0.000183263
4393 0.00412027
4394 -0.00435325
4395 -0.00132049
4396 -0.000347942
4397 1.19047e-06
4398 0.000223467
4399 -0.0010095
4400 -0.00332161
4401 -0.0003171
4402 -0.00203273
4403 0.000264833
4404 -0.00132873
4405 0.000355816
4406 0.00047682
4407 0.00027257
4408 0.00138155
4409 0.00012929
4410 -0.000354839
4411 -0.000615404
4412 -0.00292402
4413 -0.0011681
4414 -0.00237531
4415 -0.00379534
4416 -0.000971495
4417 0.000401935
4418 -0.000115198
4419 0.00130675
4420 0.00307393
4421 0.00383212
4422 -0.00265398
4423 0.00814608
4424 0.00162904
4425 -0.00028732
4426 0.000336917
4427 0.000609852
4428 7.4438e-06
4429 0.00284775
4430 -0.00144235
4431 -0.000438061
4432 -0.000787005
4433 0.00144486
4434 -0.000951643
4435 0.00235076
4436 0.00037067
4437 -0.000303894
4438 -0.00150509
4439 -0.00446314
4440 0.00248362
4441 0.00220703
4442 0.000880202
4443 0.000876419
4444 -0.00262167
4445 0.00335248
4446 0.00173788
4447 0.0017246
4448 -0.00221077
4449 -0.000513717
4450 -0.000127274
4451 -1.15488e-05
4452 -0.00395056
4453 0.00279281
4454 0.000289037
4455 -0.0002887
4456 -0.000428171
4457 0.000581744
4458 -0.000159683
4459 -0.00169767
4460 0.000552395
4461 0.000116614
4462 0.000895318
4463 -0.000404447
4464 0.000206638
4465 0.00207433
4466 -0.000508783
4467 0.00324791
4468 -0.00255151
4469 -0.00113449
4470 -0.00285871
4471 0.000174727
4472 -0.00143821
4473 -0.00116304
4474 0.000446644
4475 0.000415234
4476 0.000195275
4477 0.00140452
4478 8.68446e-05
4479 -0.000522143
4480 0.000100326
4481 0.000817679
4482 0.00138808
4483 -0.00232363
4484 -0.00401047
4485 -0.000261891
4486 0.00123433
4487 -0.0015019
4488 -0.00326005
4489 0.00582825
4490 5.04266e-05
4491 0.00373448
4492 0.00154218
4493 0.000254977
4494 0.000225383
4495 -0.000403683
4496 0.000703856
4497 -0.000622846
4498 -0.00102867
4499 0.00213764
4500 0.000378402
4501 -0.00147941
4502 -0.00103897
4503 0.0019866
4504 0.000302862
4505 -0.00204216
4506 0.000150329
4507 0.000543301
4508 0.00227131
4509 -0.0013668
4510 -0.00199343
4511 0.00124419
4512 -0.000933036
4513 0.000914097
4514 -0.00162897
4515 -0.000813545
4516 -0.00128551
4517 0.000280415
4518 -0.000632979
4519 0.000188142
4520 -0.00117937
4521 0.00120958
4522 0.000808019
4523 -0.00135284
4524 0.00188991
4525 -0.000130302
4526 -0.00258768
4527 -0.00219994
4528 0.00863566
4529 0.00246378
4530 0.00167712
4531 0.000407944
4532 0.00210844
4533 -0.00157983
4534 -0.000389982
4535 -0.00896777
4536 -0.000897616
4537 -0.00509602
4538 -0.00157545
4539 0.00213524
4540 0.000887906
4541 -0.00163027
4542 0.00107473
4543 0.00068582
4544 -0.000822764
4545 -0.000626502
4546 -0.000128124
4547 -0.000897583
4548 0.00187996
4549 4.4238e-05
4550 0.000659874
4551 -0.00115703
4552 4.46067e-05
4553 -0.00145368
4554 -0.000212834
4555 -0.00186965
4556 -0.00334858
4557 0.00282821
4558 -0.00541528
4559 0.0013133
4560 0.000432729
4561 0.00202093
4562 -0.00136054
4563 0.00108798
4564 0.00154836
4565 -0.000785038
4566 -0.000468829
4567 0.00104704
4568 0.0017218
4569 0.00244403
4570 -0.00270704
4571 0.00171162
4572 0.000339156
4573 0.00285194
4574 0.00136676
4575 0.000324221
4576 -0.000596038
4577 -0.000935921
4578 -0.0003806
4579 -0.000734525
4580 0.00224096
4581 8.47342e-05
4582 -0.000383186
4583 -0.000827914
4584 0.00175649
4585 0.00308382
4586 0.00295196
4587 0.000745964
4588 0.0010366
4589 0.000308398
4590 -0.000456666
4591 3.20734e-05
4592 0.00110209
4593 -0.00125295
4594 -0.00125827
4595 -0.000174162
4596 0.000575327
4597 0.00223211
4598 0.000107781
4599 0.00370564
4600 -0.00260324
4601 -0.000259956
4602 0.00310573
4603 -0.0042925
4604 -0.00232722
4605 0.00387635
4606 -0.000168618
4607 0.000356789
4608 0.000328481
4609 -0.00302545
4610 -3.1388e-05
4611 0.000374179
4612 0.000286106
4613 -0.000336204
4614 0.000166673
4615 0.000625958
4616 0.000979595
4617 0.000469771
4618 -0.00326115
4619 -0.00107756
4620 -0.00113216
4621 -0.00156374
4622 0.000467149
4623 0.000306773
4624 0.00207133
4625 0.000574634
4626 0.000981184
4627 0.0017333
4628 -0.00264756
4629 -0.000286006
4630 0.00041193
4631 -1.43179e-05
4632 -0.00510347
4633 0.000554827
4634 0.0040925
4635 0.000683445
4636 -0.00256515
4637 8.30162e-05
4638 -0.00024905
4639 -0.000144194
4640 0.00103452
4641 -0.00309221
4642 0.00242319
4643 -0.000982201
4644 0.000476287
4645 -0.000712801
4646 0.00145308
4647 0.00110922
4648 -0.00483338
4649 0.000393339
4650 2.3557e-06
4651 -0.000832879
4652 0.00521179
4653 -0.000627258
4654 -0.00264638
4655 0.00232506
4656 -0.00226332
4657 -0.00219115
4658 0.000898249
4659 0.00150596
4660 0.00353635
4661 -0.00185078
4662 0.000126545
4663 0.000183646
4664 -0.0010524
4665 0.000732343
4666 -0.0016603
4667 -0.00156182
4668 0.00276754
4669 -0.00127904
4670 0.00143498
4671 -0.00360339
4672 0.000792236
4673 -0.00101244
4674 -0.00040205
4675 0.00130796
4676 -0.00118213
4677 0.000506738
4678 0.0004594
4679 -0.00126506
4680 -0.00121546
4681 -0.0017622
4682 0.00101893
4683 0.00220192
4684 4.66702e-05
4685 0.000203416
4686 0.000214207
4687 -0.000908945
4688 -0.00280053
4689 -0.00088692
4690 5.01437e-05
4691 0.00135871
4692 0.0010583
4693 3.82412e-05
4694 0.00140865
4695 2.71038e-05
4696 -0.000661356
4697 0.000469239
4698 0.0033729
4699 0.000231258
4700 9.91992e-05
4701 0.0012705
4702 0.000224492
4703 -0.0016071
4704 -0.00102294
4705 -0.000139645
4706 -0.00164049
4707 -0.00167815
4708 -0.000130095
4709 0.000543476
4710 0.00180612
4711 0.000221162
4712 0.000477129
4713 -0.00115277
4714 -0.00822041
4715 0.00220445
4716 -0.000767303
4717 0.000442837
4718 -0.000360507
4719 0.00417451
4720 0.00116564
4721 0.000783201
4722 -0.000495787
4723 0.000927175
4724 -0.000445593
4725 -0.000338036
4726 0.000692722
4727 0.000251005
4728 -0.00160546
4729 0.000678447
4730 -0.00558317
4731 -0.00327843
4732 0.000486051
4733 0.00845103
4734 0.000226984
4735 -0.00256603
4736 -0.00139371
4737 -0.000816749
4738 0.00237463
4739 -0.000528175
4740 -0.00517578
4741 -0.000150149
4742 0.000104951
4743 -0.0013289
4744 -0.000753042
4745 0.00268805
4746 0.000345863
4747 0.000528554
4748 0.000993037
4749 0.00151453
4750 0.00154433
4751 -0.00304145
4752 -0.00223477
4753 -0.00150417
4754 -6.51566e-05
4755 0.000518527
4756 -0.00356137
4757 0.000272875
4758 -0.00144747
4759 -0.00137381
4760 0.00129235
4761 0.000114272
4762 -0.00017018
4763 0.000378082
4764 -0.000196182
4765 -0.00251872
4766 0.00169178
4767 0.00363329
4768 -0.0025061
4769 -0.0013776
4770 5.97267e-05
4771 0.000540302
4772 0.00247204
4773 0.00140477
4774 -0.000833681
4775 -0.000168359
4776 -0.00192883
4777 -0.00121748
4778 0.0017123
4779 -0.00122764
4780 -0.000111807
4781 -0.00209291
4782 0.000621125
4783 -0.00359588
4784 0.00115127
4785 0.00191006
4786 0.00598115
4787 6.66306e-06
4788 -0.00100796
4789 -0.00142079
4790 0.000125484
4791 0.00248864
4792 0.000159622
4793 0.000491707
4794 -0.000382009
4795 0.00161377
4796 -0.000420289
4797 -0.000807221
4798 -0.000673838
4799 0.00166139
4800 0.000685171
4801 4.21052e-05
4802 7.46467e-05
4803 0.00148331
4804 -0.0015342
4805 0.000102882
4806 0.00330692
4807 0.000336286
4808 -0.000807646
4809 0.000743674
4810 -0.00348174
4811 -0.000175251
4812 -0.0010296
4813 -0.00257056
4814 -0.000904574
4815 -0.00113923
4816 -0.000118477
4817 0.000671521
4818 -0.000432907
4819 0.00275808
4820 -0.000539362
4821 -0.000179762
4822 -0.00100806
4823 0.000428224
4824 0.00194516
4825 0.000804719
4826 -0.000876623
4827 0.000170767
4828 -0.00249098
4829 0.00263748
4830 -0.00133793
4831 -0.0011627
4832 -0.000619202
4833 0.000330751
4834 0.000386338
4835 -0.000877039
4836 0.00193899
4837 -0.0012637
4838 -0.00245203
4839 0.000923322
4840 0.000511326
4841 0.000100387
4842 -0.00160912
4843 0.000236039
4844 0.00203277
4845 0.000116369
4846 -0.000667528
4847 -0.00313851
4848 0.000581725
4849 3.29756e-05
4850 0.00129914
4851 -0.00045254
4852 -0.00118714
4853 0.001601
4854 0.00101051
4855 0.000170091
4856 -0.000444211
4857 -0.000992421
4858 -0.000513711
4859 0.00163842
4860 0.00246631
4861 0.000670569
4862 0.000531095
4863 -0.00057641
4864 0.00133802
4865 0.00307629
4866 -0.00090055
4867 0.00194526
4868 -0.00183101
4869 -0.00217246
4870 -0.00216435
4871 -2.83294e-05
4872 0.000401855
4873 0.00281505
4874 0.0012453
4875 -7.59558e-05
4876 -0.00181867
4877 0.000375632
4878 -0.000886663
4879 -0.000731497
4880 0.000973659
4881 0.000142431
4882 0.00155265
4883 -0.00074129
4884 0.000404128
4885 -0.000122045
4886 0.00230449
4887 -0.000995304
4888 0.00043512
4889 -0.000377033
4890 -0.000178518
4891 0.00157049
4892 -0.000694933
4893 0.000452717
4894 0.00104884
4895 -0.00464581
4896 -0.00076082
4897 -0.00021963
4898 -0.00133918
4899 0.000567574
4900 -0.00436329
4901 -0.000136529
4902 0.000953137
4903 -0.000684969
4904 -0.00139565
4905 -0.00362678
4906 -0.00216377
4907 -0.000953155
4908 0.0002191
4909 0.000157321
4910 -0.00189406
4911 -0.000171905
4912 0.00116367
4913 -0.000969355
4914 -0.00198951
4915 0.00619203
4916 -0.000925122
4917 0.000809392
4918 0.00095525
4919 0.000777263
4920 -0.00135887
4921 0.000354824
4922 -0.00123428
4923 0.000100053
4924 0.00113851
4925 -0.000871941
4926 0.000989181
4927 -0.0026097
4928 -0.00151643
4929 -0.000885058
4930 -0.000180961
4931 5.13079e-05
4932 0.00160397
4933 0.000410011
4934 2.73416e-07
4935 -0.00171185
4936 -0.00339244
4937 3.59251e-06
4938 0.000665929
4939 0.000264326
4940 -0.00134449
4941 -0.000932066
4942 0.00054955
4943 0.000539409
4944 0.00411405
4945 0.000218433
4946 9.92074e-05
4947 0.000171135
4948 -0.00119044
4949 -0.000442665
4950 -0.00117926
4951 -0.00348107
4952 0.00143437
4953 0.000889916
4954 0.00758501
4955 0.000471413
4956 0.00161356
4957 -0.000116836
4958 -0.000160845
4959 0.000303456
4960 -0.000370853
4961 0.00105085
4962 -0.000845959
4963 -7.21592e-06
4964 0.000848886
4965 -0.00130113
4966 -0.00130933
4967 -0.000754332
4968 -0.00369079
4969 0.00483193
4970 0.00208947
4971 0.000745777
4972 -0.000344758
4973 0.000324887
4974 -0.00153609
4975 0.00547304
4976 -0.00153473
4977 0.0022777
4978 -0.000700793
4979 0.00179306
4980 -0.00275343
4981 -0.00127449
4982 -0.000339168
4983 -0.000520931
4984 -0.000798178
4985 -0.00059553
4986 -0.000215705
4987 -0.00190524
4988 9.24088e-05
4989 -0.000198281
4990 -0.000659124
4991 0.00361881
4992 0.00199777
4993 0.00160082
4994 0.00129466
4995 -0.00110572
4996 -0.00131743
4997 -0.000533199
4998 0.000216039
4999 8.25691e-05
5000 0.00135063
5001 -0.00030384
5002 0.000627352
5003 0.000909918
5004 0.00484591
5005 -0.00145892
5006 -0.000421215
5007 -0.00120478
5008 0.000833972
5009 0.000186667
5010 0.000694927
5011 -0.000706687
5012 -0.00255988
5013 0.00175357
5014 5.39187e-05
5015 -0.000175616
5016 -0.00244604
5017 -0.00123145
5018 -0.000124682
5019 0.00103103
5020 0.000291188
5021 0.00115346
5022 0.000792792
5023 0.00211299
5024 0.000539909
5025 0.00553672
5026 -0.00180207
5027 0.000476261
5028 0.000979458
5029 -0.00325092
5030 0.000262427
5031 0.00291034
5032 -0.00209079
5033 0.00183076
5034 -0.000553893
5035 -0.00113039
5036 -0.000191881
5037 0.000988756
5038 0.00038443
5039 -0.000128789
5040 0.00148773
5041 -0.000216788
5042 -9.62529e-05
5043 -0.000786321
5044 -0.000770951
5045 0.00115138
5046 -0.00156824
5047 -0.00307933
5048 0.00261929
5049 -0.0015159
5050 -0.00166667
5051 -0.000162749
5052 0.000552005
5053 -0.00108679
5054 -0.00093845
5055 -0.000423546
5056 0.00127394
5057 -0.000112731
5058 -0.00124645
5059 0.0023449
5060 0.0011568
5061 -0.000153372
5062 -0.00146972
5063 0.00216858
5064 -0.000794303
5065 -0.00308508
5066 -0.00114895
5067 0.00171282
5068 -0.00353475
5069 0.00241969
5070 0.00148384
5071 -0.000259685
5072 0.00109414
5073 -0.00151406
5074 0.000752147
5075 0.00126369
5076 0.00519604
5077 0.000648743
5078 -0.000199311
5079 -0.000338808
5080 0.00377118
5081 0.000424342
5082 0.000288082
5083 0.00429784
5084 -0.000501311
5085 0.00032273
5086 0.000618266
5087 -0.00114081
5088 0.000702035
5089 -0.00136248
5090 -0.000652927
5091 0.000710281
5092 0.000398607
5093 -0.00117405
5094 0.0021412
5095 0.000690865
5096 -0.00152578
5097 0.000654091
5098 0.000458283
5099 -0.00330514
5100 0.00231819
5101 0.00216203
5102 -0.000498637
5103 -0.000739744
5104 -1.86912e-05
5105 0.000109238
5106 0.00181697
5107 -0.00106943
5108 -0.000176602
5109 0.0019118
5110 -0.00412864
5111 0.00253324
5112 -0.00324572
5113 -5.55311e-05
5114 -0.000771302
5115 0.00020993
5116 -0.00253434
5117 -7.17631e-05
5118 -0.000156231
5119 0.00200399
5120 -0.000604172
5121 -0.000793521
5122 0.000921518
5123 0.00201355
5124 -0.00153213
5125 -0.00124145
5126 -0.000873268
5127 0.000900667
5128 -0.000676464
5129 -0.0016554
5130 -0.000678009
5131 -0.000298756
5132 -0.00129412
5133 9.56632e-05
5134 0.000446007
5135 0.000699811
5136 0.000429856
5137 -0.000694885
5138 -0.000167315
5139 -0.000857573
5140 0.000226797
5141 0.00137587
5142 -5.80306e-05
5143 -0.000558007
5144 0.00376657
5145 0.00165234
5146 -0.00286301
5147 -0.0014592
5148 0.00329262
5149 0.00256689
5150 -0.00200945
5151 0.000329747
5152 0.000765615
5153 0.0013316
5154 0.000303681
5155 -0.00018939
5156 0.000362151
5157 -0.00390801
5158 0.000575776
5159 0.000189285
5160 0.00338598
5161 -0.000175493
5162 0.0017805
5163 -0.00038538
5164 0.000152562
5165 0.00213304
5166 0.000105762
5167 -0.000390979
5168 -0.000292493
5169 0.00115906
5170 0.000182197
5171 -0.00042173
5172 0.000977394
5173 0.000183594
5174 -0.000562159
5175 0.00305653
5176 -0.000765256
5177 -0.00151241
5178 -0.000724275
5179 0.00121218
5180 0.00330768
5181 -0.00086662
5182 0.00483617
5183 0.00418303
5184 -0.000876219
5185 -0.000892663
5186 0.00117171
5187 0.00169657
5188 0.000367363
5189 0.000561609
5190 0.000945333
5191 0.000452241
5192 -0.000446359
5193 -0.000366152
5194 0.00135412
5195 0.00233704
5196 -0.00180597
5197 0.000457693
5198 -0.00172816
5199 -0.00159854
5200 0.00180578
5201 -0.000386863
5202 -0.000111849
5203 -0.000298085
5204 -0.00116906
5205 -0.000444507
5206 -0.00185591
5207 0.000235057
5208 -0.00206129
5209 -0.00681112
5210 0.00331583
5211 -0.00166917
5212 -0.000436158
5213 -0.00137607
5214 0.00171526
5215 0.00215685
5216 -0.00116424
5217 0.000396844
5218 0.00319216
5219 0.00145356
5220 0.00133108
5221 0.00118149
5222 -0.000177746
5223 0.00293015
5224 -0.00120458
5225 0.000569114
5226 0.00046695
5227 0.00112106
5228 0.00268795
5229 0.00059359
5230 -7.23151e-05
5231 0.000529964
5232 0.000690131
5233 0.00185419
5234 0.000384085
5235 0.000563925
5236 -0.00238044
5237 0.00147832
5238 4.10657e-05
5239 -0.000625207
5240 0.00297998
5241 0.000135701
5242 -0.00151448
5243 0.00126632
5244 -0.00023321
5245 -0.00103078
5246 0.00257801
5247 0.00230158
5248 0.00147512
5249 0.000553072
5250 0.000494046
5251 0.00403777
5252 0.00155324
5253 0.000804607
5254 -0.000243787
5255 0.00124909
5256 -0.00256938
5257 -0.000265376
5258 0.00027483
5259 -0.00137602
5260 0.000376105
5261 -0.000605725
5262 1.41075e-05
5263 -0.000209491
5264 0.000565789
5265 0.00210726
5266 0.000208391
5267 0.000887056
5268 0.00162768
5269 0.00059373
5270 -0.0026176
5271 -3.69384e-06
5272 0.00161136
5273 0.000580722
5274 0.00339339
5275 -0.00160475
5276 -0.000386358
5277 0.000550944
5278 0.0016426
5279 0.0028467
5280 0.000450641
5281 0.00214074
5282 -0.0013135
5283 0.0022303
5284 0.000317575
5285 -0.000753892
5286 -0.00241412
5287 0.00270971
5288 0.00161537
5289 0.000620691
5290 0.00114322
5291 0.00195641
5292 -0.00400907
5293 -0.00256572
5294 -0.000958631
5295 0.00186769
5296 0.00373079
5297 -0.000209386
5298 0.00136244
5299 -0.00141717
5300 0.00223797
5301 0.000534077
5302 -0.000570038
5303 -0.00234769
5304 0.000431528
5305 -0.00183925
5306 -0.00237305
5307 -0.00016578
5308 -0.00274646
5309 0.001632
5310 0.000253188
5311 -0.0014513
5312 0.000185942
5313 0.000310696
5314 -0.0010794
5315 0.000874278
5316 -0.000312203
5317 0.000577277
5318 0.000170031
5319 -0.00108979
5320 0.00369819
5321 -0.00101885
5322 -0.000585208
5323 0.00222586
5324 -0.000187847
5325 0.00114095
5326 0.000648024
5327 0.000463528
5328 -0.00506181
5329 -0.000285917
5330 -0.00294781
5331 -0.00041496
5332 -0.00220067
5333 -0.000971718
5334 -0.00107723
5335 0.00227488
5336 0.00016979
5337 -0.00159318
5338 -0.000792601
5339 0.00133516
5340 0.0018225
5341 -0.00096235
5342 0.001196
5343 -0.000891695
5344 -0.00351893
5345 0.000822329
5346 0.000308536
5347 -0.0010681
5348 0.000658209
5349 -0.00127434
5350 -0.000881022
5351 -0.000537919
5352 0.00215169
5353 -0.000372104
5354 -0.000516987
5355 -0.00156438
5356 0.00135647
5357 -0.000423186
5358 -0.00150892
5359 -0.00199362
5360 0.000601036
5361 -0.00184946
5362 -0.00173107
5363 -0.00174588
5364 -0.00171119
5365 -0.00408379
5366 -0.000908319
5367 -0.000448624
5368 0.000796715
5369 0.000435965
5370 -0.00136744
5371 0.00242309
5372 -0.000660485
5373 -0.0017762
5374 -0.000654156
5375 -0.00104721
5376 0.000855148
5377 0.00098087
5378 -0.00039154
5379 -0.000688407
5380 -0.000910344
5381 -0.000748339
5382 0.00312915
5383 -0.00343507
5384 -0.000163696
5385 0.000495827
5386 0.000878404
5387 -0.0018363
5388 -0.000337374
5389 0.00227003
5390 0.000838525
5391 0.00296822
5392 -0.000614251
5393 0.00475368
5394 -0.000826704
5395 -2.471e-05
5396 -0.00192338
5397 -0.000395921
5398 -0.00194687
5399 -0.00068654
5400 0.00202044
5401 0.000617449
5402 0.00181952
5403 0.00214605
5404 0.00513705
5405 0.000328294
5406 0.00129865
5407 0.00102807
5408 -0.000603018
5409 -0.000809684
5410 0.00103559
5411 -0.00101047
5412 -0.000570295
5413 -0.000582118
5414 0.000711651
5415 0.00168943
5416 0.000472154
5417 -0.000457858
5418 0.000256845
5419 -9.93021e-05
5420 0.00138953
5421 0.000843137
5422 0.00319797
5423 -0.000635087
5424 -0.000603094
5425 0.000449697
5426 0.00225406
5427 -0.000574107
5428 -0.00117907
5429 -0.000625705
5430 0.000349539
5431 -0.000794204
5432 0.000737495
5433 -0.00255486
5434 -0.00256133
5435 0.00245927
5436 -0.000770697
5437 0.00193495
5438 0.00155872
5439 -0.000148681
5440 0.00112117
5441 -0.000409939
5442 -0.00143034
5443 0.00242059
5444 -0.00252951
5445 -0.00151686
5446 0.00147899
5447 -0.00186482
5448 -0.000633535
5449 0.000252877
5450 -0.00464143
5451 -0.000880203
5452 0.00304186
5453 -0.000271199
5454 -0.00121317
5455 0.000420392
5456 -0.00119054
5457 0.000247553
5458 -0.000244289
5459 0.000500553
5460 0.000775807
5461 5.97035e-05
5462 -0.000260623
5463 -0.00407659
5464 -8.55455e-05
5465 -0.000460466
5466 -0.00133002
5467 -7.78973e-05
5468 0.00180788
5469 0.000771568
5470 -0.00101708
5471 0.00183346
5472 -0.000549053
5473 0.00277384
5474 0.00115081
5475 -0.000932141
5476 -0.000124027
5477 0.000413834
5478 0.00121175
5479 -0.00116235
5480 -0.000260456
5481 0.00189743
5482 -0.000505772
5483 -0.000122366
5484 -0.000349501
5485 0.000224072
5486 -0.00192022
5487 -0.000310205
5488 -0.00751037
5489 0.00499826
5490 -0.000257493
5491 0.00137928
5492 0.0023347
5493 0.000841263
5494 0.000364519
5495 0.00181892
5496 0.000599209
5497 -0.000656428
5498 0.000965006
5499 6.56302e-05
5500 -0.00034783
5501 -0.000331671
5502 0.00081717
5503 -4.04081e-05
5504 -0.00045872
5505 0.000606177
5506 -0.00183271
5507 -5.85262e-05
5508 0.00393707
5509 0.000231548
5510 0.000826024
5511 0.00115036
5512 0.000707316
5513 -0.000129472
5514 0.00183261
5515 -0.000870551
5516 -0.000806875
5517 -2.90776e-05
5518 0.000828442
5519 -0.000933994
5520 -0.000930143
5521 0.00252155
5522 -0.000134259
5523 0.00181622
5524 -0.000339558
5525 -4.56069e-05
5526 -0.00180191
5527 -0.00310134
5528 -0.00243946
5529 -2.78514e-05
5530 -0.00403093
5531 -0.0026699
5532 0.000353683
5533 0.00848268
5534 0.00124578
5535 -0.000269106
5536 0.00106723
5537 -0.00184849
5538 -0.00636352
5539 -0.000990553
5540 0.000317362
5541 0.00264014
5542 -0.000202125
5543 0.000618495
5544 -0.00177161
5545 0.00152803
5546 -0.00425209
5547 0.000217971
5548 -0.00146517
5549 -0.00034117
5550 0.00233638
5551 0.00033786
5552 0.00243069
5553 0.0023306
5554 -0.000277775
5555 -0.000608335
5556 0.00423197
5557 -0.000397101
5558 -0.00327316
5559 -0.00146858
5560 -0.000317424
5561 0.00020758
5562 -0.00269617
5563 0.00228288
5564 0.00254671
5565 -0.000982912
5566 0.00490445
5567 -0.000639467
5568 -0.000881342
5569 -0.000138969
5570 0.00207728
5571 0.000535036
5572 -0.000763755
5573 0.000304918
5574 0.000451176
5575 0.00189364
5576 -0.00427097
5577 0.000992098
5578 -0.00308812
5579 0.000364686
5580 -0.0017775
5581 0.00196443
5582 0.00284028
5583 0.000401971
5584 0.00181825
5585 0.00250073
5586 -0.000417536
5587 -0.00080627
5588 0.00100844
5589 -0.000374301
5590 -0.000595258
5591 -0.000775
5592 0.000414636
5593 0.00425763
5594 -0.000333531
5595 0.000268951
5596 -0.000367674
5597 0.0010268
5598 -0.0017666
5599 -0.00278139
5600 0.002427
5601 0.0014747
5602 -0.000705516
5603 0.00436663
5604 -0.00155186
5605 0.00138044
5606 -0.00119471
5607 -0.00189617
5608 -0.000176566
5609 -0.00165787
5610 0.000131605
5611 -0.000927752
5612 0.00218093
5613 0.00156154
5614 -9.65291e-05
5615 -0.00142052
5616 -0.00130581
5617 0.000482539
5618 -0.000298447
5619 0.000778334
5620 -0.00220015
5621 0.00404252
5622 7.69121e-05
5623 -0.005072
5624 -0.000980081
5625 0.0047106
5626 -0.000172708
5627 -0.00028137
5628 0.000938482
5629 -0.00117507
5630 -0.00263506
5631 -0.000845801
5632 -0.000652841
5633 -0.000298396
5634 0.00166679
5635 0.000518112
5636 0.000341311
5637 -0.000128309
5638 0.00210237
5639 0.000781129
5640 -0.00105782
5641 -0.00189656
5642 -0.00050896
5643 0.0017981
5644 -0.00219445
5645 0.000163597
5646 0.00244766
5647 0.0012807
5648 0.000295642
5649 0.00190598
5650 0.000561268
5651 -0.000117674
5652 0.0084628
5653 0.00106145
5654 5.8093e-05
5655 0.00485572
5656 0.00176605
5657 -0.000807764
5658 -0.00127415
5659 -0.000912902
5660 -0.00106644
5661 2.68153e-05
5662 7.83822e-06
5663 -0.00042769
5664 0.000354995
5665 -0.000321172
5666 0.00335455
5667 -0.000725927
5668 0.000460505
5669 -0.00256434
5670 0.000347598
5671 -0.00185926
5672 4.41015e-05
5673 -0.00016108
5674 -0.000990031
5675 0.000988969
5676 -0.00127637
5677 0.00208546
5678 -0.0013198
5679 0.00434401
5680 0.00131992
5681 -0.00060191
5682 0.000405985
5683 8.77401e-07
5684 -0.00253863
5685 0.000498058
5686 -0.00123313
5687 -0.000106724
5688 -0.000958078
5689 0.000474803
5690 0.000941884
5691 0.000979732
5692 3.74115e-05
5693 -0.00210483
5694 -0.00108866
5695 0.00134598
5696 0.000514902
5697 0.00232656
5698 0.000490697
5699 -0.000678062
5700 0.00262325
5701 0.00203875
5702 -0.000152162
5703 -0.00186501
5704 0.000239178
5705 0.00126013
5706 -0.00115357
5707 -0.0013562
5708 0.00172842
5709 0.00156313
5710 0.000689333
5711 0.000695096
5712 0.0011514
5713 0.00199983
5714 -0.00169175
5715 0.00073251
5716 0.00237914
5717 0.000177017
5718 -0.00321104
5719 -0.00470584
5720 -0.000608468
5721 0.00280942
5722 -0.00530814
5723 0.00130143
5724 -0.00439497
5725 -0.00112976
5726 0.00151961
5727 0.00213074
5728 6.04912e-05
5729 0.000802177
5730 -0.00227585
5731 -0.000955095
5732 -0.000584359
5733 0.000968749
5734 -0.000329983
5735 0.000389548
5736 -0.000349523
5737 -0.000413718
5738 0.000158106
5739 0.000624676
5740 -0.00127455
5741 -0.00473793
5742 -0.000650435
5743 -0.000879342
5744 -0.000933726
5745 -0.00093245
5746 6.03504e-05
5747 -0.0010249
5748 0.00396465
5749 0.000397447
5750 4.60273e-05
5751 0.00129681
5752 0.0005166
5753 0.00174703
5754 -0.00109471
5755 0.000363248
5756 0.00163466
5757 0.00126011
5758 -0.00158949
5759 0.00308279
5760 -0.00240135
5761 0.00319226
5762 -5.05106e-05
5763 0.00260894
5764 0.0011846
5765 -0.00263945
5766 0.00038843
5767 -0.00212953
5768 -0.000192293
5769 -0.000632976
5770 -0.00119045
5771 0.00119895
5772 0.00271704
5773 -0.00387846
5774 -0.00637367
5775 0.00196634
5776 -0.000353346
5777 -0.000333761
5778 0.000890324
5779 0.000801159
5780 -0.00163885
5781 0.000241088
5782 -0.000262552
5783 -0.000258648
5784 0.000374719
5785 -0.00159428
5786 0.000253692
5787 -0.00185847
5788 -0.000806201
5789 -0.00115581
5790 -3.38572e-05
5791 0.000677831
5792 0.000767596
5793 -0.0015185
5794 -0.000535538
5795 0.000139711
5796 0.00145208
5797 0.00108721
5798 -0.000258107
5799 -0.00022157
5800 -0.00200054
5801 -0.000714057
5802 0.000112872
5803 0.00131543
5804 -0.000606733
5805 0.00176894
5806 -0.000588332
5807 0.000642033
5808 0.00208306
5809 0.00100468
5810 -0.000225329
5811 0.00133435
5812 -0.00121131
5813 -0.00204226
5814 0.000835999
5815 -0.00384841
5816 0.00132975
5817 0.00140355
5818 -0.00109513
5819 0.00144931
5820 -0.000543857
5821 -0.000881145
5822 -0.00143166
5823 -0.000487614
5824 -0.000582331
5825 0.00107726
5826 0.00141914
5827 0.00332359
5828 -0.000466099
5829 0.00141586
5830 -0.000776054
5831 0.000168342
5832 -0.00199855
5833 -0.00131662
5834 -0.00326555
5835 0.00257158
5836 0.00136304
5837 0.00154804
5838 -0.00250938
5839 0.00395749
5840 -0.0011431
5841 -0.000794782
5842 0.00114065
5843 -0.00244279
5844 0.00169198
5845 0.000865681
5846 0.000788065
5847 -0.00124347
5848 -0.00201314
5849 0.00186971
5850 -0.00587784
5851 -0.00194486
5852 -0.000662014
5853 0.00300391
5854 0.00149831
5855 -0.000303993
5856 0.00176025
5857 0.00174521
5858 0.00116412
5859 0.000149383
5860 0.00032553
5861 0.00098238
5862 -0.000826653
5863 -0.000401318
5864 -0.00332201
5865 0.00232055
5866 0.00136502
5867 -0.00203537
5868 -0.000165773
5869 0.00131841
5870 -0.000202246
5871 0.000879959
5872 0.00146566
5873 -0.000105861
5874 0.000213381
5875 0.00022905
5876 0.000454542
5877 -0.000101252
5878 -0.000164198
5879 -0.000173278
5880 0.00423089
5881 0.000763478
5882 0.00132884
5883 0.0067846
5884 4.55943e-05
5885 0.00137971
5886 -0.000542625
5887 0.00229924
5888 -0.00181601
5889 0.000327369
5890 -0.00092298
5891 -0.00246357
5892 0.00218485
5893 -0.00130498
5894 0.000769512
5895 -0.000569659
5896 0.001077
5897 0.000745616
5898 9.64795e-05
5899 0.00387838
5900 0.000281074
5901 0.000658498
5902 -0.000907236
5903 -0.00153482
5904 -0.00157026
5905 -0.000366073
5906 0.0010405
5907 -0.00120917
5908 -0.00065948
5909 -0.00419573
5910 0.00160931
5911 -0.000683248
5912 -0.00136956
5913 -0.0017488
5914 0.000466216
5915 -0.000142465
5916 -0.000855668
5917 0.00147067
5918 -0.000445387
5919 0.00195579
5920 0.000785128
5921 0.00244021
5922 -0.000263336
5923 0.00105337
5924 -0.00223059
5925 0.00134753
5926 -0.000308641
5927 -0.00012874
5928 -0.000677762
5929 0.00235357
5930 0.000392854
5931 0.00104594
5932 0.00013425
5933 0.000533147
5934 -5.34546e-05
5935 0.0019008
5936 0.00138122
5937 -0.00097197
5938 0.000469554
5939 -0.00220406
5940 -0.000742057
5941 0.00186292
5942 -0.00304953
5943 0.0030375
5944 0.000792074
5945 -0.00166405
5946 0.00635166
5947 0.0049935
5948 -0.00155134
5949 0.00100836
5950 -4.13095e-05
5951 -0.000203627
5952 0.00322397
5953 -0.000453997
5954 -0.000371899
5955 -0.00194145
5956 0.00028109
5957 0.00184952
5958 0.00171218
5959 7.20183e-05
5960 -1.61775e-05
5961 -0.000741266
5962 0.000215492
5963 -0.000626751
5964 -0.000297739
5965 0.00138457
5966 0.000491388
5967 -0.00096798
5968 -0.00044359
5969 0.00193738
5970 -0.000580263
5971 0.00102373
5972 0.000782294
5973 0.00147695
5974 0.000290591
5975 -0.000817846
5976 0.000203405
5977 0.00121232
5978 0.000107147
5979 0.00011899
5980 2.06465e-05
5981 -7.86946e-05
5982 0.000627306
5983 -0.000299998
5984 0.00043955
5985 0.00059991
5986 -0.00116955
5987 -0.00114992
5988 0.000317806
5989 -0.000307585
5990 -0.00126592
5991 -0.00234589
5992 0.00211164
5993 -0.00199629
5994 0.00145476
5995 -0.0031019
5996 -0.00302765
5997 0.00106559
5998 -0.00293393
5999 -0.000701276
6000 0.00104735
6001 0.000105243
6002 -0.00124222
6003 -5.05644e-05
6004 -0.00284653
6005 -0.00061411
6006 0.0018611
6007 -0.000221576
6008 -0.000313354
6009 -0.000667505
6010 -0.000215028
6011 -0.000598577
6012 -0.000237457
6013 0.00135355
6014 0.00167378
6015 -0.00338097
6016 0.000235392
6017 -0.00166747
6018 -0.000603607
6019 -0.000367428
6020 -0.000944196
6021 0.00151237
6022 0.00028629
6023 -0.000271533
6024 -0.00216664
6025 -0.00271953
6026 -0.00316759
6027 0.000520283
6028 -0.000597474
6029 0.00376898
6030 -0.00336333
6031 0.000613132
6032 -0.0041647
6033 0.000807004
6034 -0.00107168
6035 0.00116199
6036 0.00134861
6037 0.0057107
6038 -1.93632e-05
6039 -0.000916675
6040 0.00466281
6041 -9.66557e-05
6042 0.00080546
6043 -0.00608487
6044 0.00119199
6045 -0.000889952
6046 0.000321334
6047 -0.000711567
6048 -0.000569029
6049 0.00224603
6050 -0.000298462
6051 -0.00160845
6052 -0.00198741
6053 8.1812e-05
6054 -0.000782793
6055 0.00100452
6056 0.00147411
6057 0.00109209
6058 -5.43717e-05
6059 5.1894e-06
6060 -0.000838864
6061 -0.00202313
6062 0.00089536
6063 0.00157718
6064 0.000355399
6065 0.00443456
6066 -0.000293231
6067 -0.00237088
6068 0.000148112
6069 0.0030597
6070 0.0011949
6071 0.00278972
6072 0.00162402
6073 0.00133838
6074 -0.000113564
6075 -0.00101212
6076 0.000979262
6077 9.81626e-05
6078 0.000474108
6079 -0.00080073
6080 0.00111887
6081 0.00197698
6082 0.000440718
6083 -0.00153659
6084 -0.00329361
6085 -0.00294519
6086 -0.00146141
6087 0.000134718
6088 0.00055022
6089 0.00196097
6090 -0.00120498
6091 -0.000657306
6092 -0.00142093
6093 -0.00157416
6094 0.000301129
6095 -0.00022161
6096 -0.00141573
6097 0.0034407
6098 0.00115293
6099 0.00150828
6100 0.00195324
6101 0.00152398
6102 -0.0013759
6103 -0.000527872
6104 0.000319987
6105 0.00420221
6106 0.00190154
6107 0.000212002
6108 -0.00188184
6109 0.00189298
6110 -0.000666972
6111 -0.00112975
6112 0.000737484
6113 0.00169206
6114 0.00209787
6115 0.000703145
6116 -0.000387421
6117 0.00318107
6118 -0.000906616
6119 -0.000600149
6120 0.00077712
6121 -0.000483257
6122 -3.18599e-05
6123 0.00201121
6124 0.00361908
6125 0.000236055
6126 0.00174291
6127 -0.000335492
6128 0.00064508
6129 0.000470658
6130 -0.00145669
6131 0.000342265
6132 -0.00269198
6133 0.00134363
6134 -0.00180313
6135 0.00249439
6136 -0.00772987
6137 0.000651407
6138 0.00145086
6139 0.0023189
6140 -0.000987178
6141 -0.0009445
6142 0.000207678
6143 -0.0014201
6144 -0.000672622
6145 -0.00196301
6146 0.000704899
6147 0.00464018
6148 -0.000472032
6149 0.00218016
6150 0.00125138
6151 -0.000227252
6152 0.000689409
6153 -0.00234535
6154 0.000163903
6155 0.000896943
6156 0.000844499
6157 0.000762286
6158 0.000249707
6159 0.000705507
6160 0.000123709
6161 0.0013567
6162 -0.00211727
6163 0.000486735
6164 -0.00154248
6165 -0.00310984
6166 -0.00235019
6167 0.00286573
6168 0.00342007
6169 -0.00192656
6170 -7.6027e-05
6171 -0.000842009
6172 -0.00117611
6173 -0.000346551
6174 0.00151189
6175 -0.00361678
6176 0.000990586
6177 -0.000592082
6178 -0.00184456
6179 0.00108033
6180 0.000132698
6181 0.000382764
6182 0.00209111
6183 0.000388676
6184 0.000315024
6185 0.00105096
6186 -0.00120556
6187 -0.00315326
6188 0.000622644
6189 -0.000360293
6190 -0.00180836
6191 0.00046377
6192 -0.0002343
6193 0.00103368
6194 0.000983165
6195 0.000951573
6196 -0.000115173
6197 0.00136145
6198 -0.00326329
6199 0.000498195
6200 0.00338435
6201 -0.000218879
6202 -0.000645549
6203 3.49146e-05
6204 -0.00014674
6205 0.000836864
6206 0.00348837
6207 0.000619983
6208 -0.0012899
6209 0.00370916
6210 0.00237086
6211 -0.000761204
6212 -0.000959792
6213 -0.000655182
6214 0.00168713
6215 -0.000228819
6216 -0.00196316
6217 -0.000974801
6218 0.000181549
6219 0.000541601
6220 0.00307636
6221 -0.000853778
6222 -0.000197569
6223 -0.000132365
6224 -0.0011293
6225 -0.000103644
6226 -0.0028284
6227 0.00136108
6228 -0.000304471
6229 0.000632043
6230 0.000536341
6231 -0.00103565
6232 0.00333445
6233 0.0015895
6234 -0.000972561
6235 0.00144777
6236 -0.00220079
6237 -0.000348261
6238 0.000592056
6239 0.00112613
6240 0.00129607
6241 0.00115335
6242 -0.00193349
6243 8.84347e-05
6244 -0.00188621
6245 -0.000306717
6246 -0.00164441
6247 0.00105064
6248 0.000216557
6249 0.000518853
6250 -0.00101873
6251 5.70321e-05
6252 -0.000433602
6253 -0.00164206
6254 0.00151397
6255 0.00205431
6256 -0.000562126
6257 0.00598586
6258 0.000949361
6259 0.00344603
6260 0.00105022
6261 0.00113856
6262 0.00564405
6263 -0.00151594
6264 -0.00151977
6265 9.6588e-05
6266 -0.00150715
6267 0.000839371
6268 0.000867531
6269 0.00625239
6270 0.000639565
6271 -0.00288062
6272 -0.00110101
6273 0.000505846
6274 0.000321604
6275 0.00100558
6276 0.000214306
6277 0.00041084
6278 0.00286239
6279 -0.000648764
6280 -0.000436427
6281 -0.000836435
6282 0.000590624
6283 0.00112984
6284 0.000327602
6285 0.0004089
6286 -0.000522466
6287 0.000296863
6288 0.000537569
6289 0.00123063
6290 0.00166584
6291 -0.0010968
6292 -8.70602e-05
6293 -0.00124394
6294 0.000940481
6295 4.7207e-05
6296 -0.000201835
6297 0.00185377
6298 0.000906753
6299 0.00215198
6300 -0.00124468
6301 0.000422541
6302 -0.00186905
6303 0.0017134
6304 0.000848157
6305 -0.00206921
6306 -0.00191063
6307 0.00109341
6308 -0.000542006
6309 -0.0016792
6310 -0.000305285
6311 -0.00317066
6312 0.00179995
6313 0.000212643
6314 0.000193392
6315 -0.000450048
6316 -0.000390145
6317 -0.00321633
6318 0.000831871
6319 -0.000348635
6320 9.39523e-06
6321 9.22248e-05
6322 -0.00090548
6323 -0.000619952
6324 -0.000121739
6325 0.000842991
6326 8.18484e-05
6327 -0.000666718
6328 0.00167312
6329 0.000193332
6330 0.000543521
6331 -0.00201395
6332 -0.000708343
6333 -0.00415346
6334 0.000628472
6335 -1.23365e-05
6336 0.00154539
6337 0.000291136
6338 -0.000387618
6339 -0.000726511
6340 -0.000208912
6341 -0.000447999
6342 0.000130343
6343 0.000635104
6344 0.00225722
6345 0.00178096
6346 -0.00191631
6347 0.000750637
6348 0.00172874
6349 -0.000845347
6350 0.000898245
6351 -0.00108577
6352 3.00534e-05
6353 0.000387975
6354 0.000510413
6355 0.00253096
6356 0.000522391
6357 0.000504386
6358 -0.00158362
6359 -0.00323188
6360 -0.000222942
6361 -0.00122661
6362 -4.36395e-05
6363 -0.00210459
6364 0.00245543
6365 0.000556376
6366 0.00234498
6367 -0.00244084
6368 0.00175652
6369 0.00100611
6370 0.000615984
6371 -0.000269936
6372 9.07138e-05
6373 0.000498453
6374 0.000261745
6375 0.000337636
6376 0.000835767
6377 -0.00102499
6378 -0.000718023
6379 -0.000464317
6380 -0.000233053
6381 -0.000704407
6382 0.000663029
6383 0.000270001
6384 -0.000331007
6385 0.000163897
6386 -0.000836857
6387 0.000792912
6388 0.000114034
6389 -3.36468e-05
6390 -0.00134399
6391 0.00175048
6392 -0.00152612
6393 0.00421564
6394 2.36233e-05
6395 0.000314109
6396 -0.000509699
6397 -0.0016549
6398 -0.000861363
6399 0.00085808
6400 0.00130988
6401 -0.000583023
6402 -0.00151146
6403 -0.00236062
6404 -0.00172126
6405 0.000696896
6406 -0.000900717
6407 0.00188312
6408 -0.00158617
6409 -2.07184e-05
6410 8.04687e-05
6411 -0.00267252
6412 0.00225019
6413 -0.000263191
6414 0.000855975
6415 0.000786846
6416 -0.000165391
6417 0.0007851
6418 0.00177841
6419 0.000923825
6420 0.000851088
6421 -0.00148167
6422 0.00045294
6423 0.000332955
6424 0.0011338
6425 0.000332086
6426 -0.00220147
6427 0.00108719
6428 -0.00111407
6429 -0.000240849
6430 0.00317522
6431 -0.000447363
6432 -0.000337456
6433 0.00153612
6434 -0.000439585
6435 -0.00190438
6436 0.00122601
6437 -0.00165192
6438 -0.000153269
6439 -0.000606996
6440 0.00200965
6441 -0.00102255
6442 0.000397501
6443 0.00191034
6444 -0.0011614
6445 -0.000760864
6446 -0.00135792
6447 -0.00692649
6448 -0.00132828
6449 0.00231676
6450 -0.000261994
6451 -0.00195358
6452 0.00239301
6453 -0.00336135
6454 -0.00193022
6455 -0.000429685
6456 0.0019416
6457 -0.00204966
6458 -0.00157055
6459 0.00361073
6460 0.00064935
6461 0.00016179
6462 0.0017229
6463 0.00125866
6464 -0.000406317
6465 -0.0017444
6466 -0.00104397
6467 -0.000164948
6468 0.000773669
6469 0.0012315
6470 -0.00157252
6471 -0.000575326
6472 -0.000497165
6473 0.00245487
6474 -0.000324426
6475 -0.000296711
6476 -0.000662154
6477 -0.00018726
6478 0.00179021
6479 0.00299774
6480 0.00092197
6481 0.000814897
6482 0.00356772
6483 -0.00137044
6484 -0.00068368
6485 4.27586e-05
6486 -0.00028956
6487 0.000633661
6488 -0.00123914
6489 -0.000823997
6490 0.00116719
6491 -0.00118248
6492 -0.00121645
6493 0.00199739
6494 -0.00254295
6495 0.00100049
6496 -0.000547972
6497 0.000278103
6498 -0.000114603
6499 -0.0010524
6500 0.00161912
6501 0.00161732
6502 0.00133691
6503 -0.00141559
6504 -0.000194128
6505 -0.0012787
6506 -8.72773e-05
6507 0.000714112
6508 0.000897601
6509 0.00132826
6510 -0.00214076
6511 0.000563546
6512 0.000817446
6513 -0.00193656
6514 0.00045328
6515 0.00250195
6516 0.000664884
6517 -0.00120525
6518 -0.00156561
6519 -0.00251054
6520 -0.000861044
6521 -0.000183238
6522 -0.000797293
6523 -0.0015777
6524 -0.000825294
6525 -0.00121202
6526 0.000644944
6527 -0.000672071
6528 -0.0012319
6529 0.000586297
6530 0.00038392
6531 -0.000685086
6532 0.00149306
6533 0.00245805
6534 0.00262198
6535 -0.000936324
6536 -0.00158548
6537 -0.00210402
6538 -0.00141539
6539 7.27019e-05
6540 -0.000257795
6541 0.00010043
6542 8.00598e-05
6543 -0.0021913
6544 0.0026984
6545 0.0009553
6546 0.00053074
6547 0.000107687
6548 -0.00041449
6549 0.00216887
6550 0.000250774
6551 0.00825988
6552 0.000125399
6553 -0.000848527
6554 0.00117891
6555 0.000135065
6556 0.000240584
6557 -0.000571324
6558 -0.000632377
6559 0.000292324
6560 -3.63062e-05
6561 8.10153e-05
6562 -0.000124373
6563 0.000202568
6564 -0.0306724
6565 0.000424312
6566 0.000387551
6567 0.000638472
6568 0.000181295
6569 0.000191236
6570 0.00300816
6571 8.92057e-05
6572 -0.00183504
6573 -0.000756813
6574 2.04215e-05
6575 0.00304785
6576 0.000210479
6577 -9.3513e-05
6578 -0.000510387
6579 -0.00231279
6580 0.000729384
6581 -0.000615882
6582 -0.0231118
6583 -0.000134311
6584 -0.00291614
6585 -0.000209247
6586 0.000124924
6587 -7.87302e-05
6588 -0.0148043
6589 9.40652e-06
6590 0.00144169
6591 0.00459397
6592 -7.01392e-05
6593 0.00212612
6594 5.3283e-05
6595 0.00010852
6596 -0.000239533
6597 -0.00110694
6598 -0.000617535
6599 0.000197361
6600 0.00174539
6601 -7.65711e-05
6602 7.17458e-05
6603 0.000154275
6604 0.00014383
6605 7.38799e-05
6606 -0.000514912
6607 0.000294344
6608 -8.81638e-07
6609 4.67626e-05
6610 6.63503e-05
6611 -9.28961e-05
6612 -2.69439e-05
6613 0.000996817
6614 -9.44853e-05
6615 9.3772e-05
6616 0.000360105
6617 -0.000399663
6618 0.000539308
6619 8.78428e-05
6620 0.000407905
6621 -0.000316085
6622 0.000124441
6623 -0.000201994
6624 -0.000266009
6625 0.000123794
6626 0.0017175
6627 -0.00085911
6628 0.000336444
6629 -0.00146126
6630 -0.000459617
6631 0.000189841
6632 0.000278419
6633 -0.000237232
6634 0.000293898
6635 0.000220385
6636 -9.8989e-05
6637 -0.000252196
6638 0.000200127
6639 -0.00103754
6640 -0.00152988
6641 -0.00636744
6642 -2.84785e-05
6643 0.0010687
6644 -0.000707304
6645 0.000515402
6646 0.000391533
6647 3.9172e-05
6648 -0.00430477
6649 0.000145754
6650 4.79848e-05
6651 0.000330808
6652 -0.000115384
6653 -0.0003558
6654 0.000965712
6655 0.000108152
6656 -2.6598e-05
6657 0.00101531
6658 6.71592e-05
6659 0.000781272
6660 -0.00919373
6661 0.00088918
6662 -0.000594088
6663 -3.71625e-05
6664 -0.000508154
6665 0.000906539
6666 1.63241e-05
6667 0.000180096
6668 0.000208577
6669 0.00073284
6670 0.000180234
6671 -8.48577e-06
6672 0.00073905
6673 0.000282811
6674 -0.00127475
6675 -0.00713191
6676 -0.000231642
6677 -0.00459569
6678 0.000120469
6679 0.000480937
6680 5.59254e-05
6681 0.000112991
6682 0.000459338
6683 0.000323312
6684 0.000217677
6685 -2.59175e-05
6686 0.000301858
6687 0.000169625
6688 0.000118019
6689 -0.000211522
6690 6.75765e-05
