desc: I1 cache:         65536 B, 64 B, 16-way associative
desc: D1 cache:         49152 B, 64 B, 12-way associative
desc: LL cache:         12582912 B, 64 B, 12-way associative
cmd: ./cpu_only
events: Ir I1mr ILmr Dr D1mr DLmr Dw D1mw DLmw 
fl=/build/glibc-B3wQXB/glibc-2.31/csu/../csu/libc-start.c
fn=(below main)
137 14 2 2 0 0 0 9 0 0
141 4 0 0 1 1 0 1 0 0
237 2 0 0 0 0 0 0 0 0
238 3 0 0 0 0 0 1 0 0
260 4 0 0 2 0 0 0 0 0
263 2 0 0 0 0 0 0 0 0
264 5 1 1 4 0 0 1 0 0
268 4 0 0 2 1 0 0 0 0
283 2 0 0 0 0 0 0 0 0
295 3 0 0 0 0 0 1 0 0
296 2 0 0 0 0 0 0 0 0
301 2 1 1 1 1 0 1 0 0
302 2 0 0 1 1 0 1 0 0
305 2 0 0 0 0 0 1 0 0
308 6 1 1 5 2 0 1 0 0
fl=/build/glibc-B3wQXB/glibc-2.31/csu/errno-loc.c
fn=__errno_location
25 93 1 1 0 0 0 0 0 0
26 186 0 0 186 0 0 0 0 0
27 93 0 0 93 0 0 0 0 0
fl=/build/glibc-B3wQXB/glibc-2.31/csu/init-first.c
fn=_init
52 4 1 1 0 0 0 1 0 0
55 4 0 0 1 1 0 1 1 0
62 5 1 1 4 1 0 0 0 0
67 1 0 0 0 0 0 1 1 1
68 1 0 0 0 0 0 1 0 0
69 2 0 0 1 1 0 1 1 1
77 2 0 0 0 0 0 1 0 0
80 1 0 0 0 0 0 0 0 0
85 2 0 0 1 0 0 0 0 0
fl=/build/glibc-B3wQXB/glibc-2.31/ctype/ctype-info.c
fn=__ctype_init
29 1 1 1 0 0 0 0 0 0
31 7 0 0 5 3 0 1 0 0
33 4 0 0 2 1 0 1 0 0
35 4 1 1 2 1 0 1 0 0
36 1 0 0 1 0 0 0 0 0
fl=/build/glibc-B3wQXB/glibc-2.31/dirent/../sysdeps/posix/closedir.c
fn=closedir
31 56 1 1 0 0 0 28 0 0
34 56 0 0 0 0 0 0 0 0
44 28 0 0 28 0 0 0 0 0
50 28 0 0 0 0 0 28 0 0
52 56 0 0 0 0 0 0 0 0
53 28 0 0 28 0 0 0 0 0
fl=/build/glibc-B3wQXB/glibc-2.31/dirent/../sysdeps/posix/opendir.c
fn=opendir
39 56 0 0 28 0 0 0 0 0
52 56 1 1 0 0 0 0 0 0
59 168 0 0 0 0 0 28 0 0
61 112 0 0 28 0 0 0 0 0
88 252 1 1 28 0 0 140 0 0
92 84 0 0 0 0 0 28 0 0
93 280 0 0 196 0 0 0 0 0
114 168 1 1 56 0 0 0 0 0
118 84 0 0 0 0 0 28 0 0
119 56 0 0 0 0 0 0 0 0
137 28 0 0 0 0 0 28 0 0
139 28 0 0 0 0 0 28 0 0
141 28 0 0 0 0 0 28 0 0
142 28 0 0 0 0 0 28 3 3
143 28 1 1 0 0 0 28 0 0
144 28 0 0 0 0 0 28 3 3
145 28 0 0 0 0 0 28 0 0
fl=/build/glibc-B3wQXB/glibc-2.31/dirent/../sysdeps/posix/readdir.c
fn=readdir
39 1043 1 1 0 0 0 745 0 0
41 298 1 1 298 0 0 0 0 0
44 596 0 0 149 0 0 0 0 0
51 447 1 1 0 0 0 0 0 0
65 522 0 0 112 0 0 56 0 0
66 112 0 0 0 0 0 0 0 0
71 28 0 0 0 0 0 0 0 0
76 28 0 0 0 0 0 28 0 0
77 56 0 0 0 0 0 0 0 0
80 112 1 1 0 0 0 28 0 0
86 121 0 0 0 0 0 0 0 0
89 121 0 0 121 18 18 0 0 0
102 242 0 0 0 0 0 121 0 0
105 242 0 0 121 0 0 121 0 0
111 242 0 0 121 0 0 0 0 0
114 596 0 0 298 0 0 0 0 0
118 1043 0 0 894 0 0 0 0 0
fl=/build/glibc-B3wQXB/glibc-2.31/dirent/../sysdeps/unix/sysv/linux/getdents64.c
fn=__getdents
27 56 1 1 0 0 0 0 0 0
32 392 0 0 0 0 0 0 0 0
33 56 0 0 56 0 0 0 0 0
fl=/build/glibc-B3wQXB/glibc-2.31/dirent/../sysdeps/unix/sysv/linux/x86/lowlevellock.h
fn=readdir
47 298 0 0 149 0 0 0 0 0
51 298 0 0 298 0 0 0 0 0
fl=/build/glibc-B3wQXB/glibc-2.31/elf/../elf/dl-runtime.c
fn=_dl_fixup
66 588 1 1 0 0 0 147 0 0
68 147 0 0 147 0 0 0 0 0
69 294 0 0 294 8 2 0 0 0
72 735 0 0 294 16 2 0 0 0
73 1029 1 1 294 133 14 147 0 0
75 441 0 0 294 16 1 0 0 0
80 294 0 0 0 0 0 0 0 0
84 294 0 0 147 143 75 0 0 0
86 588 0 0 147 20 3 0 0 0
88 441 0 0 147 8 1 0 0 0
92 294 0 0 294 122 13 0 0 0
93 588 1 1 147 4 1 0 0 0
101 147 0 0 0 0 0 0 0 0
102 441 0 0 147 1 0 0 0 0
112 1617 1 1 294 8 1 441 0 0
116 735 0 0 441 0 0 0 0 0
126 1323 1 1 441 0 0 0 0 0
133 147 0 0 147 0 0 0 0 0
141 588 0 0 147 0 0 0 0 0
145 441 0 0 147 2 0 0 0 0
149 441 0 0 294 0 0 0 0 0
fl=/build/glibc-B3wQXB/glibc-2.31/elf/../elf/dl-sysdep.c
fn=_dl_sysdep_start
89 9 1 1 0 0 0 6 1 1
90 2 0 0 1 1 1 0 0 0
91 1 0 0 0 0 0 0 0 0
113 1 0 0 0 0 0 1 0 0
114 129 1 1 41 5 5 4 3 3
117 2 0 0 0 0 0 1 1 1
118 1 0 0 0 0 0 1 0 0
120 149 7 7 39 6 6 19 1 1
121 117 0 0 17 3 3 0 0 0
124 1 0 0 1 1 1 0 0 0
127 1 0 0 1 0 0 0 0 0
130 1 1 1 1 0 0 0 0 0
131 1 1 1 0 0 0 0 0 0
133 1 0 0 1 0 0 0 0 0
134 1 0 0 0 0 0 0 0 0
154 1 1 1 1 0 0 0 0 0
155 1 0 0 0 0 0 0 0 0
157 1 0 0 1 0 0 0 0 0
158 1 0 0 0 0 0 0 0 0
160 2 1 1 1 0 0 1 0 0
161 1 0 0 0 0 0 1 0 0
166 2 1 1 1 0 0 1 0 0
167 1 0 0 0 0 0 1 0 0
182 2 0 0 1 0 0 1 0 0
183 2 0 0 0 0 0 1 0 0
223 1 0 0 0 0 0 1 0 0
234 3 1 1 1 0 0 0 0 0
235 2 0 0 0 0 0 2 0 0
237 5 0 0 0 0 0 1 0 0
249 3 0 0 1 0 0 0 0 0
252 5 1 1 1 0 0 1 0 0
253 1 0 0 1 1 0 0 0 0
254 8 0 0 7 2 0 0 0 0
fn=_dl_sysdep_start_cleanup
258 1 1 1 0 0 0 0 0 0
259 1 0 0 1 0 0 0 0 0
fl=/build/glibc-B3wQXB/glibc-2.31/elf/../elf/dl-tls.c
fn=_dl_add_to_slotinfo
887 16 1 1 0 0 0 8 0 0
893 2 0 0 2 0 0 0 0 0
896 2 0 0 2 2 0 0 0 0
897 2 0 0 0 0 0 0 0 0
901 6 1 1 2 1 0 0 0 0
942 4 0 0 0 0 0 0 0 0
944 2 0 0 0 0 0 2 2 0
945 10 0 0 2 2 0 2 0 0
947 12 0 0 10 0 0 0 0 0
fn=_dl_allocate_tls_init
437 9 1 1 0 0 0 7 0 0
438 2 0 0 0 0 0 0 0 0
442 2 0 0 1 1 0 1 0 0
444 2 0 0 0 0 0 0 0 0
445 1 1 1 0 0 0 0 0 0
448 3 0 0 2 1 0 0 0 0
460 1 0 0 1 0 0 0 0 0
465 11 0 0 3 1 0 0 0 0
471 9 1 1 0 0 0 0 0 0
474 6 0 0 2 0 0 0 0 0
475 4 0 0 0 0 0 0 0 0
481 6 1 1 4 0 0 0 0 0
482 4 0 0 0 0 0 0 0 0
484 12 0 0 6 3 0 2 1 1
487 4 0 0 0 0 0 0 0 0
488 4 0 0 2 0 0 0 0 0
491 4 1 1 0 0 0 0 0 0
492 8 0 0 4 1 0 0 0 0
494 4 0 0 0 0 0 0 0 0
495 4 0 0 2 0 0 0 0 0
504 2 0 0 0 0 0 2 0 0
507 18 0 0 4 0 0 4 0 0
521 2 0 0 1 0 0 1 0 0
524 9 1 1 8 0 0 0 0 0
fn=_dl_allocate_tls_storage
285 2 0 0 1 0 0 0 0 0
286 3 1 1 0 0 0 1 0 0
287 2 0 0 0 0 0 0 0 0
290 1 0 0 0 0 0 1 1 1
296 2 0 0 0 0 0 1 0 0
332 4 1 1 0 0 0 3 0 0
334 1 1 1 1 0 0 0 0 0
345 1 0 0 1 0 0 0 0 0
346 2 0 0 0 0 0 1 0 0
347 3 0 0 0 0 0 0 0 0
355 4 0 0 0 0 0 0 0 0
356 1 0 0 0 0 0 0 0 0
360 297 1 1 0 0 0 289 36 36
379 1 0 0 0 0 0 1 1 1
385 5 0 0 4 0 0 0 0 0
fn=_dl_count_modids
108 1 1 1 0 0 0 0 0 0
113 2 0 0 1 0 0 0 0 0
114 1 0 0 1 0 0 0 0 0
129 2 0 0 1 0 0 0 0 0
fn=_dl_determine_tlsoffset
135 6 1 1 0 0 0 5 0 0
136 2 0 0 0 0 0 0 0 0
137 1 0 0 0 0 0 0 0 0
138 1 0 0 0 0 0 0 0 0
141 3 0 0 1 0 0 0 0 0
144 2 0 0 1 0 0 0 0 0
178 1 0 0 0 0 0 0 0 0
180 16 1 1 3 0 0 0 0 0
182 5 1 1 1 0 0 0 0 0
184 6 1 1 2 0 0 0 0 0
185 4 0 0 2 0 0 0 0 0
187 4 0 0 0 0 0 0 0 0
189 10 0 0 2 0 0 0 0 0
201 6 1 1 0 0 0 0 0 0
205 16 0 0 0 0 0 0 0 0
207 4 0 0 0 0 0 0 0 0
208 4 0 0 0 0 0 0 0 0
217 2 0 0 0 0 0 2 0 0
221 3 0 0 0 0 0 1 0 0
272 1 1 1 0 0 0 1 0 0
273 6 0 0 6 0 0 0 0 0
fn=_dl_next_tls_modid
48 2 1 1 0 0 0 0 0 0
51 8 0 0 4 0 0 0 0 0
99 2 0 0 0 0 0 2 0 0
103 2 0 0 2 0 0 0 0 0
fl=/build/glibc-B3wQXB/glibc-2.31/elf/../include/scratch_buffer.h
fn=_dl_map_object_deps
77 3 1 1 0 0 0 2 1 1
78 1 0 0 0 0 0 1 0 0
85 3 1 1 2 0 0 0 0 0
131 15 0 0 0 0 0 5 0 0
fl=/build/glibc-B3wQXB/glibc-2.31/elf/../misc/sbrk.c
fn=sbrk
32 5 1 1 0 0 0 2 0 0
40 6 0 0 2 1 1 0 0 0
44 2 0 0 0 0 0 0 0 0
60 5 1 1 3 0 0 0 0 0
fl=/build/glibc-B3wQXB/glibc-2.31/elf/../sysdeps/generic/dl-cache.h
fn=_dl_load_cache_lookup
153 5 1 1 0 0 0 0 0 0
fl=/build/glibc-B3wQXB/glibc-2.31/elf/../sysdeps/generic/ldsodefs.h
fn=_dl_relocate_object
126 10359 0 0 3453 0 0 0 0 0
fn=do_lookup_x
126 6894 0 0 2298 0 0 0 0 0
fl=/build/glibc-B3wQXB/glibc-2.31/elf/../sysdeps/posix/dl-fileid.h
fn=_dl_map_object_from_fd
37 30 1 1 5 0 0 5 0 0
40 15 0 0 10 0 0 5 0 0
41 5 0 0 5 0 0 0 0 0
49 68 1 1 34 1 1 0 0 0
fl=/build/glibc-B3wQXB/glibc-2.31/elf/../sysdeps/unix/sysv/linux/dl-osinfo.h
fn=dl_main
64 2 1 1 1 0 0 0 0 0
77 1 0 0 1 0 0 0 0 0
fl=/build/glibc-B3wQXB/glibc-2.31/elf/../sysdeps/unix/sysv/linux/dl-sysdep.c
fn=_dl_discover_osversion
46 5 1 1 0 0 0 3 0 0
48 3 0 0 1 0 0 0 0 0
88 4 1 1 0 0 0 1 1 1
103 1 0 0 0 0 0 0 0 0
107 1 0 0 0 0 0 0 0 0
108 1 0 0 0 0 0 0 0 0
110 12 0 0 3 1 1 0 0 0
112 6 0 0 0 0 0 0 0 0
114 22 0 0 5 0 0 0 0 0
116 2 0 0 0 0 0 0 0 0
117 4 0 0 0 0 0 0 0 0
120 3 0 0 0 0 0 0 0 0
121 3 1 1 0 0 0 0 0 0
122 3 0 0 0 0 0 0 0 0
124 15 0 0 0 0 0 0 0 0
133 5 0 0 4 0 0 0 0 0
fn=_dl_sysdep_start
36 2 0 0 0 0 0 1 0 0
fl=/build/glibc-B3wQXB/glibc-2.31/elf/../sysdeps/unix/sysv/linux/dl-vdso-setup.h
fn=dl_main
30 5 2 2 0 0 0 3 0 0
33 1 0 0 0 0 0 1 0 0
36 1 0 0 0 0 0 1 0 0
39 1 0 0 0 0 0 1 0 0
45 1 1 1 0 0 0 1 0 0
fl=/build/glibc-B3wQXB/glibc-2.31/elf/../sysdeps/unix/sysv/linux/dl-vdso.h
fn=dl_main
40 1 1 1 1 0 0 0 0 0
41 2 1 1 0 0 0 0 0 0
55 2 1 1 0 0 0 0 0 0
fl=/build/glibc-B3wQXB/glibc-2.31/elf/../sysdeps/unix/sysv/linux/x86/cpu-features.c
fn=_dl_sysdep_start
28 6 0 0 0 0 0 0 0 0
fl=/build/glibc-B3wQXB/glibc-2.31/elf/../sysdeps/unix/sysv/linux/x86_64/brk.c
fn=brk
28 1 1 1 0 0 0 0 0 0
31 5 0 0 0 0 0 1 0 0
33 2 0 0 0 0 0 0 0 0
39 1 0 0 0 0 0 0 0 0
40 1 0 0 1 0 0 0 0 0
fl=/build/glibc-B3wQXB/glibc-2.31/elf/../sysdeps/x86/cpu-features.c
fn=_dl_sysdep_start
49 4 0 0 0 0 0 0 0 0
50 2 0 0 0 0 0 0 0 0
51 6 0 0 0 0 0 4 0 0
56 2 0 0 0 0 0 0 0 0
57 6 1 1 0 0 0 4 0 0
62 2 0 0 0 0 0 0 0 0
63 6 1 1 0 0 0 4 0 0
309 1 0 0 0 0 0 1 0 0
310 1 0 0 0 0 0 1 0 0
311 1 0 0 0 0 0 1 0 0
322 3 1 1 0 0 0 1 1 1
325 6 0 0 0 0 0 0 0 0
326 1 0 0 0 0 0 0 0 0
329 1 0 0 0 0 0 0 0 0
331 6 2 2 0 0 0 1 0 0
336 7 0 0 5 0 0 0 0 0
338 10 2 2 2 1 1 1 0 0
376 2 0 0 1 0 0 0 0 0
390 1 0 0 0 0 0 0 0 0
400 5 0 0 0 0 0 0 0 0
414 2 0 0 0 0 0 1 0 0
415 1 0 0 0 0 0 0 0 0
425 6 0 0 0 0 0 1 0 0
476 3 1 1 1 0 0 0 0 0
477 1 0 0 1 0 0 0 0 0
480 2 0 0 0 0 0 0 0 0
481 1 0 0 1 0 0 0 0 0
487 1 0 0 0 0 0 1 0 0
488 1 0 0 0 0 0 1 0 0
489 1 0 0 0 0 0 1 0 0
490 1 0 0 0 0 0 1 0 0
493 4 1 1 0 0 0 1 0 0
495 6 0 0 1 0 0 2 0 0
497 6 1 1 1 0 0 2 0 0
499 6 0 0 1 0 0 2 0 0
510 1 0 0 0 0 0 1 0 0
511 2 0 0 1 0 0 0 0 0
515 3 2 2 1 0 0 0 0 0
534 3 1 1 0 0 0 0 0 0
536 4 0 0 1 0 0 0 0 0
537 2 1 1 1 0 0 0 0 0
539 4 0 0 1 0 0 0 0 0
540 2 0 0 0 0 0 0 0 0
543 2 0 0 0 0 0 1 0 0
558 4 1 1 0 0 0 1 0 0
560 4 0 0 0 0 0 1 0 0
fn=get_common_indices.constprop.0
71 2 1 1 0 0 0 1 0 0
75 4 0 0 0 0 0 0 0 0
78 5 0 0 0 0 0 3 0 0
81 1 0 0 0 0 0 1 0 0
82 4 1 1 0 0 0 1 0 0
83 4 0 0 0 0 0 1 0 0
84 4 0 0 0 0 0 1 0 0
85 3 0 0 0 0 0 1 0 0
86 2 1 1 1 0 0 0 0 0
93 2 0 0 1 0 0 0 0 0
94 7 0 0 0 0 0 4 0 0
100 2 0 0 1 0 0 0 0 0
101 7 1 1 0 0 0 4 0 0
108 3 0 0 1 0 0 0 0 0
112 2 0 0 0 0 0 0 0 0
114 4 1 1 0 0 0 0 0 0
118 2 1 1 0 0 0 0 0 0
121 4 0 0 1 0 0 1 0 0
124 2 0 0 1 0 0 0 0 0
127 3 0 0 0 0 0 1 0 0
132 1 0 0 1 0 0 0 0 0
135 2 1 1 0 0 0 0 0 0
137 2 0 0 0 0 0 1 0 0
139 3 0 0 1 0 0 0 0 0
143 2 0 0 0 0 0 0 0 0
147 2 1 1 1 0 0 0 0 0
154 3 0 0 0 0 0 0 0 0
225 2 0 0 1 0 0 0 0 0
229 3 0 0 0 0 0 0 0 0
230 2 0 0 0 0 0 0 0 0
232 1 0 0 0 0 0 0 0 0
233 1 0 0 0 0 0 0 0 0
236 2 0 0 0 0 0 1 0 0
238 1 0 0 0 0 0 1 1 1
241 2 1 1 1 0 0 0 0 0
291 3 1 1 2 0 0 0 0 0
fl=/build/glibc-B3wQXB/glibc-2.31/elf/../sysdeps/x86/dl-cet.c
fn=_dl_cet_check
343 1 1 1 0 0 0 0 0 0
344 1 0 0 0 0 0 0 0 0
fn=dl_cet_check
97 7 1 1 0 0 0 6 0 0
99 2 0 0 0 0 0 0 0 0
100 1 0 0 1 0 0 0 0 0
102 1 0 0 0 0 0 0 0 0
103 1 0 0 0 0 0 0 0 0
106 4 1 1 0 0 0 0 0 0
107 2 0 0 0 0 0 0 0 0
112 1 0 0 1 0 0 0 0 0
117 2 0 0 0 0 0 0 0 0
326 8 1 1 7 0 0 0 0 0
fl=/build/glibc-B3wQXB/glibc-2.31/elf/../sysdeps/x86/dl-hwcap.h
fn=_dl_important_hwcaps
57 6 0 0 0 0 0 2 0 0
fl=/build/glibc-B3wQXB/glibc-2.31/elf/../sysdeps/x86/dl-procinfo.h
fn=_dl_load_cache_lookup
39 8 0 0 0 0 0 0 0 0
42 28 1 1 0 0 0 8 0 0
fl=/build/glibc-B3wQXB/glibc-2.31/elf/../sysdeps/x86/dl-prop.h
fn=_dl_process_pt_note
53 20 1 1 10 0 0 0 0 0
59 10 0 0 5 0 0 0 0 0
62 5 0 0 0 0 0 0 0 0
67 40 0 0 0 0 0 0 0 0
70 15 1 1 5 0 0 0 0 0
71 10 0 0 5 0 0 0 0 0
72 10 0 0 5 0 0 0 0 0
76 15 1 1 5 0 0 0 0 0
80 15 0 0 0 0 0 5 0 0
83 15 0 0 5 0 0 0 0 0
84 10 0 0 0 0 0 0 0 0
88 5 0 0 0 0 0 0 0 0
89 10 0 0 0 0 0 0 0 0
93 10 1 1 5 0 0 0 0 0
94 5 0 0 5 0 0 0 0 0
97 12 0 0 0 0 0 0 0 0
100 5 1 1 0 0 0 0 0 0
101 20 0 0 0 0 0 0 0 0
106 10 0 0 0 0 0 0 0 0
113 10 1 1 0 0 0 0 0 0
116 10 0 0 5 0 0 5 0 0
120 5 0 0 0 0 0 0 0 0
136 5 0 0 0 0 0 0 0 0
137 20 0 0 0 0 0 0 0 0
142 25 1 1 5 0 0 0 0 0
143 5 0 0 5 0 0 0 0 0
144 10 0 0 0 0 0 0 0 0
145 10 0 0 5 0 0 0 0 0
153 100 1 1 0 0 0 60 1 1
156 15 0 0 0 0 0 5 1 1
157 10 0 0 10 0 0 0 0 0
159 40 0 0 20 0 0 0 0 0
160 4 0 0 0 0 0 0 0 0
163 4 0 0 0 0 0 0 0 0
164 32 1 1 2 0 0 0 0 0
170 14 0 0 0 0 0 2 0 0
179 10 1 1 0 0 0 0 0 0
182 10 0 0 0 0 0 0 0 0
183 80 1 1 70 0 0 0 0 0
fn=dl_main
33 3 0 0 1 0 0 1 0 0
59 6 1 1 3 0 0 0 0 0
64 1 0 0 0 0 0 0 0 0
65 1 0 0 0 0 0 0 0 0
67 10 1 1 2 0 0 1 0 0
70 4 1 1 1 1 1 1 0 0
71 2 0 0 1 1 1 0 0 0
72 2 0 0 1 0 0 0 0 0
76 3 1 1 1 0 0 0 0 0
80 3 0 0 0 0 0 1 0 0
83 3 0 0 1 0 0 0 0 0
84 2 0 0 0 0 0 0 0 0
88 1 0 0 0 0 0 0 0 0
89 3 0 0 0 0 0 1 0 0
93 1 0 0 1 0 0 0 0 0
94 4 0 0 1 0 0 1 0 0
97 2 0 0 0 0 0 0 0 0
100 1 0 0 0 0 0 0 0 0
101 4 1 1 1 0 0 0 0 0
106 2 0 0 0 0 0 0 0 0
113 2 1 1 1 0 0 0 0 0
116 1 0 0 1 0 0 0 0 0
120 1 0 0 0 0 0 0 0 0
136 1 0 0 0 0 0 0 0 0
137 5 0 0 1 0 0 0 0 0
142 4 0 0 0 0 0 0 0 0
143 1 0 0 1 0 0 0 0 0
144 2 0 0 0 0 0 0 0 0
145 1 0 0 1 0 0 0 0 0
189 2 0 0 2 0 0 0 0 0
190 2 0 0 1 0 0 1 0 0
fl=/build/glibc-B3wQXB/glibc-2.31/elf/../sysdeps/x86_64/dl-irel.h
fn=_dl_fixup
32 12 0 0 0 0 0 6 0 0
fl=/build/glibc-B3wQXB/glibc-2.31/elf/../sysdeps/x86_64/dl-machine.h
fn=_dl_fixup
242 147 0 0 0 0 0 147 0 0
fn=_dl_relocate_object
76 28 0 0 7 0 0 0 0 0
82 10 0 0 10 2 0 0 0 0
86 15 0 0 5 5 4 0 0 0
92 5 0 0 0 0 0 5 0 0
100 15 1 1 5 0 0 0 0 0
120 10 0 0 5 2 0 0 0 0
122 10 0 0 0 0 0 5 0 0
124 20 2 2 5 1 0 0 0 0
131 20 0 0 5 4 1 0 0 0
276 6942 1 1 0 0 0 0 0 0
297 6942 0 0 0 0 0 0 0 0
301 6942 0 0 0 0 0 0 0 0
308 155498 10 10 27578 1753 1319 16490 2 0
309 31041 5 5 13782 0 0 0 0 0
312 10350 0 0 0 0 0 0 0 0
314 10 0 0 2 0 0 0 0 0
317 4 0 0 0 0 0 0 0 0
318 6 0 0 2 0 0 0 0 0
319 4 1 1 0 0 0 0 0 0
323 2 1 1 0 0 0 2 0 0
330 6 0 0 2 0 0 2 0 0
333 20862 1 1 3471 7 3 0 0 0
367 6 0 0 0 0 0 0 0 0
368 12 0 0 6 2 0 3 2 0
375 6 0 0 2 0 0 0 0 0
377 4 0 0 4 1 1 0 0 0
386 6 1 1 2 0 0 2 0 0
429 54 1 1 18 0 0 0 0 0
433 72 1 1 18 0 0 0 0 0
438 54 0 0 36 2 2 0 0 0
447 54 0 0 18 0 0 18 8 8
457 10308 1 1 6872 429 427 3436 1117 438
458 3436 0 0 0 0 0 0 0 0
481 21 1 1 0 0 0 7 0 0
491 18 0 0 0 0 0 6 0 0
497 36 1 1 12 0 0 0 0 0
501 72 0 0 48 1 0 12 0 0
503 36 0 0 24 0 0 0 0 0
504 12 0 0 0 0 0 0 0 0
536 6291 0 0 2097 261 261 0 0 0
541 4194 1 1 0 0 0 0 0 0
542 6291 0 0 2097 263 263 2097 480 473
552 2280 0 0 1140 0 0 0 0 0
556 2168 0 0 0 0 0 0 0 0
559 3252 0 0 1084 0 0 0 0 0
560 1084 0 0 1084 139 137 0 0 0
577 112 0 0 112 1 1 0 0 0
579 56 0 0 0 0 0 56 0 0
580 56 0 0 0 0 0 56 3 3
fn=_dl_start
59 3 0 0 1 1 1 0 0 0
301 27 0 0 0 0 0 0 0 0
309 90 1 1 36 8 8 0 0 0
312 18 0 0 0 0 0 0 0 0
333 63 0 0 0 0 0 0 0 0
353 18 1 1 9 2 2 9 2 2
354 9 0 0 0 0 0 0 0 0
421 1 0 0 0 0 0 0 0 0
541 84 0 0 42 5 5 0 0 0
542 126 1 1 42 5 5 42 25 25
fl=/build/glibc-B3wQXB/glibc-2.31/elf/../sysdeps/x86_64/dl-trampoline.h
fn=_dl_runtime_resolve_xsave
67 147 1 1 0 0 0 0 0 0
72 147 0 0 0 0 0 147 0 0
75 147 0 0 0 0 0 0 0 0
77 147 0 0 0 0 0 0 0 0
87 147 1 1 147 4 1 0 0 0
93 147 0 0 0 0 0 147 6 1
94 147 0 0 0 0 0 147 0 0
95 147 0 0 0 0 0 147 0 0
96 147 0 0 0 0 0 147 0 0
97 147 0 0 0 0 0 147 0 0
98 147 0 0 0 0 0 147 0 0
99 147 0 0 0 0 0 147 0 0
103 147 0 0 0 0 0 0 0 0
104 147 0 0 0 0 0 0 0 0
107 147 0 0 0 0 0 147 7 3
108 147 0 0 0 0 0 147 0 0
110 147 1 1 0 0 0 147 0 0
111 147 0 0 0 0 0 147 0 0
112 147 0 0 0 0 0 147 0 0
113 147 0 0 0 0 0 147 0 0
114 147 0 0 0 0 0 147 0 0
115 147 0 0 0 0 0 147 0 0
117 147 0 0 147 0 0 4851 49 9
124 147 0 0 147 0 0 0 0 0
125 147 0 0 147 0 0 0 0 0
126 147 0 0 0 0 0 147 6 1
127 147 1 1 0 0 0 0 0 0
132 147 0 0 0 0 0 0 0 0
133 147 0 0 0 0 0 0 0 0
134 147 0 0 5292 0 0 0 0 0
136 147 0 0 147 0 0 0 0 0
137 147 0 0 147 0 0 0 0 0
138 147 0 0 147 0 0 0 0 0
139 147 0 0 147 0 0 0 0 0
140 147 0 0 147 0 0 0 0 0
141 147 0 0 147 0 0 0 0 0
142 147 0 0 147 0 0 0 0 0
144 147 0 0 0 0 0 0 0 0
146 147 0 0 147 0 0 0 0 0
150 147 0 0 0 0 0 0 0 0
153 147 0 0 0 0 0 0 0 0
fl=/build/glibc-B3wQXB/glibc-2.31/elf/./dl-load.h
fn=_dl_map_object_from_fd
90 40 0 0 0 0 0 0 0 0
91 15 0 0 10 0 0 5 0 0
93 40 1 1 20 0 0 0 0 0
94 20 1 1 12 0 0 0 0 0
95 24 1 1 8 0 0 0 0 0
96 16 0 0 4 0 0 0 0 0
98 16 0 0 0 0 0 4 0 0
fl=/build/glibc-B3wQXB/glibc-2.31/elf/./dl-map-segments.h
fn=_dl_map_object_from_fd
50 10 0 0 5 0 0 0 0 0
56 40 0 0 15 0 0 10 0 0
60 10 0 0 0 0 0 0 0 0
63 15 1 1 5 0 0 5 0 0
64 10 0 0 0 0 0 5 0 0
66 10 0 0 5 0 0 0 0 0
73 12 0 0 4 0 0 1 0 0
80 5 1 1 5 0 0 0 0 0
82 5 0 0 5 0 0 0 0 0
90 100 0 0 20 0 0 0 0 0
92 75 0 0 45 0 0 0 0 0
94 150 1 1 45 0 0 15 0 0
104 80 0 0 40 0 0 0 0 0
110 10 0 0 5 0 0 0 0 0
111 5 0 0 0 0 0 0 0 0
112 15 0 0 5 0 0 0 0 0
113 10 0 0 0 0 0 0 0 0
115 10 0 0 0 0 0 0 0 0
120 10 1 1 0 0 0 0 0 0
123 10 0 0 0 0 0 0 0 0
131 35 0 0 0 0 0 15 0 0
132 10 0 0 10 0 0 0 0 0
137 10 0 0 0 0 0 0 0 0
141 16 1 1 0 0 0 2 0 0
144 4 0 0 0 0 0 0 0 0
149 20 1 1 0 0 0 0 0 0
fl=/build/glibc-B3wQXB/glibc-2.31/elf/./setup-vdso.h
fn=dl_main
24 2 0 0 1 0 0 0 0 0
fl=/build/glibc-B3wQXB/glibc-2.31/elf/dl-addr.c
fn=_dl_addr
30 4 0 0 2 0 0 1 0 0
34 2 0 0 1 0 0 0 0 0
38 1 0 0 1 0 0 0 0 0
39 1 0 0 1 0 0 0 0 0
40 3 0 0 2 0 0 1 0 0
42 3 1 1 2 0 0 1 0 0
44 4 0 0 0 0 0 0 0 0
45 3 0 0 1 1 0 0 0 0
49 4048 0 0 2 0 0 0 0 0
51 1011 1 1 1011 58 20 0 0 0
52 2022 0 0 0 0 0 0 0 0
54 2757 0 0 919 0 0 0 0 0
60 7074 2 2 0 0 0 0 0 0
61 14148 0 0 2358 509 473 0 0 0
63 7043 0 0 0 0 0 0 0 0
64 9308 0 0 2327 0 0 0 0 0
65 16996 1 1 5320 367 330 0 0 0
70 7074 0 0 2358 139 84 0 0 0
100 2 0 0 0 0 0 0 0 0
101 1 0 0 0 0 0 1 1 0
102 3 0 0 1 1 0 0 0 0
105 2 1 1 0 0 0 0 0 0
117 3 1 1 0 0 0 1 1 0
126 12 1 1 0 0 0 7 0 0
128 1 0 0 0 0 0 0 0 0
131 3 0 0 2 1 0 1 0 0
133 2 0 0 0 0 0 1 0 0
135 2 1 1 0 0 0 0 0 0
138 1 0 0 0 0 0 0 0 0
141 2 0 0 1 1 0 1 1 0
144 9 1 1 7 0 0 0 0 0
fl=/build/glibc-B3wQXB/glibc-2.31/elf/dl-cache.c
fn=_dl_cache_libcmp
141 35 1 1 0 0 0 0 0 0
142 454 0 0 70 25 25 0 0 0
144 752 0 0 0 0 0 0 0 0
146 8 0 0 0 0 0 0 0 0
152 12 0 0 0 0 0 0 0 0
153 12 1 1 0 0 0 0 0 0
154 16 0 0 4 0 0 0 0 0
156 16 0 0 4 0 0 0 0 0
158 8 0 0 0 0 0 0 0 0
164 368 1 1 0 0 0 0 0 0
166 368 0 0 0 0 0 0 0 0
167 62 1 1 31 0 0 0 0 0
170 153 0 0 0 0 0 0 0 0
171 459 0 0 306 1 1 0 0 0
174 12 0 0 4 0 0 0 0 0
fn=_dl_load_cache_lookup
187 40 1 1 0 0 0 24 0 0
195 8 0 0 4 0 0 0 0 0
198 12 0 0 4 0 0 0 0 0
201 5 1 1 0 0 0 1 1 1
209 5 1 1 1 0 0 0 0 0
210 8 0 0 3 1 1 0 0 0
213 1 0 0 1 0 0 0 0 0
218 1 1 1 0 0 0 1 0 0
219 2 0 0 0 0 0 1 0 0
264 9 0 0 3 0 0 0 0 0
270 20 1 1 4 0 0 4 0 0
279 4 0 0 0 0 0 0 0 0
281 4 0 0 4 0 0 0 0 0
285 24 1 1 4 0 0 8 0 0
293 24 1 1 12 0 0 8 0 0
294 12 0 0 4 0 0 0 0 0
308 738 6 6 149 22 22 51 0 0
320 28 1 1 8 0 0 0 0 0
324 8 0 0 4 0 0 0 0 0
328 8 0 0 0 0 0 0 0 0
336 76 1 1 4 0 0 4 0 0
337 16 1 1 0 0 0 4 0 0
338 4 0 0 0 0 0 4 0 0
339 32 0 0 28 0 0 0 0 0
fn=_dl_unload_cache
348 2 1 1 0 0 0 0 0 0
349 4 0 0 1 1 0 0 0 0
351 2 0 0 1 0 0 1 0 0
352 1 1 1 0 0 0 1 0 0
354 2 0 0 1 0 0 0 0 0
fl=/build/glibc-B3wQXB/glibc-2.31/elf/dl-debug.c
fn=_dl_debug_initialize
46 7 1 1 0 0 0 0 0 0
49 14 0 0 0 0 0 0 0 0
50 7 1 1 7 0 0 0 0 0
54 26 0 0 7 2 1 0 0 0
57 1 0 0 0 0 0 1 0 0
58 9 1 1 6 0 0 1 0 0
59 5 1 1 1 0 0 1 0 0
60 2 0 0 0 0 0 1 0 0
64 1 0 0 1 0 0 0 0 0
fn=_dl_debug_state
73 2 0 0 0 0 0 0 0 0
74 2 0 0 2 0 0 0 0 0
fl=/build/glibc-B3wQXB/glibc-2.31/elf/dl-deps.c
fn=_dl_map_object_deps
144 3 0 0 0 0 0 2 0 0
145 6 0 0 1 0 0 2 1 1
146 8 1 1 0 0 0 1 0 0
148 3 0 0 0 0 0 1 0 0
152 9 1 1 2 0 0 3 0 0
159 12 1 1 0 0 0 9 2 2
160 21 4 4 1 0 0 0 0 0
176 10 0 0 1 0 0 1 0 0
177 1 0 0 1 0 0 0 0 0
180 1 0 0 0 0 0 1 0 0
198 2 0 0 1 0 0 1 0 0
199 3 0 0 1 0 0 1 0 0
200 2 0 0 0 0 0 2 0 0
202 19 0 0 12 0 0 0 0 0
206 7 0 0 0 0 0 0 0 0
209 7 0 0 0 0 0 7 0 0
213 28 1 1 7 0 0 7 0 0
214 46 1 1 20 0 0 0 0 0
217 15 1 1 0 0 0 0 0 0
221 15 0 0 5 0 0 5 0 0
224 22 0 0 11 2 2 0 0 0
226 15 1 1 10 0 0 5 0 0
231 5 0 0 0 0 0 5 0 0
232 5 0 0 0 0 0 5 1 1
233 10 0 0 5 0 0 5 0 0
234 10 1 1 5 0 0 5 0 0
237 582 1 1 153 0 0 5 0 0
238 281 0 0 0 0 0 0 0 0
244 108 1 1 24 0 0 12 1 1
246 12 0 0 0 0 0 12 0 0
248 48 1 1 24 0 0 12 0 0
249 24 0 0 12 0 0 0 0 0
258 12 0 0 12 0 0 0 0 0
260 24 1 1 12 0 0 0 0 0
265 35 0 0 5 0 0 0 0 0
268 5 1 1 0 0 0 5 0 0
269 5 0 0 0 0 0 5 0 0
270 5 0 0 0 0 0 5 0 0
271 10 0 0 5 0 0 5 0 0
273 5 0 0 5 0 0 0 0 0
275 25 0 0 5 0 0 10 0 0
279 36 0 0 12 0 0 0 0 0
280 24 0 0 0 0 0 8 0 0
282 378 0 0 0 0 0 0 0 0
287 1 0 0 0 0 0 1 0 0
303 20 1 1 0 0 0 10 0 0
380 12 1 1 0 0 0 6 0 0
433 21 1 1 7 0 0 0 0 0
435 15 0 0 0 0 0 5 1 1
438 20 0 0 0 0 0 5 0 0
439 10 0 0 0 0 0 0 0 0
445 5 0 0 0 0 0 5 1 1
446 25 0 0 5 0 0 5 0 0
447 25 0 0 0 0 0 5 0 0
450 5 0 0 0 0 0 5 0 0
451 5 0 0 5 0 0 0 0 0
455 28 1 1 14 0 0 0 0 0
457 7 0 0 7 0 0 0 0 0
458 32 0 0 6 0 0 0 0 0
464 6 0 0 2 0 0 0 0 0
465 1 0 0 0 0 0 1 0 0
468 5 1 1 2 0 0 1 0 0
479 5 1 1 1 0 0 1 0 0
481 2 0 0 0 0 0 0 0 0
486 6 0 0 3 0 0 1 0 0
487 1 0 0 0 0 0 1 0 0
489 25 1 1 7 0 0 0 0 0
491 7 0 0 7 0 0 0 0 0
495 21 0 0 0 0 0 7 2 2
499 14 0 0 14 0 0 0 0 0
502 2 0 0 1 0 0 0 0 0
553 3 1 1 2 0 0 0 0 0
554 1 0 0 0 0 0 0 0 0
555 3 0 0 1 0 0 0 0 0
590 5 2 2 0 0 0 1 0 0
594 5 0 0 0 0 0 1 0 0
597 1 0 0 0 0 0 1 0 0
599 2 0 0 1 0 0 1 0 0
600 1 0 0 1 0 0 0 0 0
601 2 0 0 0 0 0 0 0 0
608 3 1 1 1 0 0 0 0 0
611 3 0 0 1 0 0 0 0 0
614 8 0 0 7 0 0 0 0 0
fn=openaux
61 36 1 1 0 0 0 12 0 0
64 132 0 0 48 0 0 24 0 0
65 12 0 0 12 0 0 0 0 0
68 12 0 0 12 0 0 0 0 0
69 24 0 0 24 0 0 0 0 0
fl=/build/glibc-B3wQXB/glibc-2.31/elf/dl-environ.c
fn=_dl_next_ld_env_entry
28 3 1 1 0 0 0 0 0 0
29 3 0 0 3 0 0 0 0 0
32 121 0 0 40 0 0 0 0 0
34 78 0 0 39 0 0 0 0 0
35 12 0 0 6 0 0 0 0 0
37 2 0 0 0 0 0 0 0 0
40 4 1 1 0 0 0 2 0 0
42 2 0 0 2 0 0 0 0 0
45 37 0 0 0 0 0 0 0 0
49 1 0 0 1 0 0 0 0 0
fl=/build/glibc-B3wQXB/glibc-2.31/elf/dl-error-skeleton.c
fn=_dl_catch_error
225 10 1 1 0 0 0 3 0 0
227 2 0 0 0 0 0 1 0 0
228 2 0 0 1 0 0 1 0 0
229 2 0 0 1 0 0 1 0 0
230 2 0 0 1 0 0 1 0 0
232 5 1 1 4 0 0 0 0 0
fn=_dl_catch_exception
175 104 1 1 13 0 0 65 2 2
178 26 0 0 0 0 0 0 0 0
199 13 0 0 0 0 0 13 1 1
200 26 1 1 0 0 0 13 0 0
203 26 0 0 0 0 0 13 0 0
206 91 0 0 0 0 0 13 0 0
208 39 0 0 26 0 0 13 0 0
209 26 1 1 13 0 0 13 0 0
210 52 0 0 13 0 0 26 0 0
219 52 0 0 26 0 0 0 0 0
fn=_dl_receive_error
238 6 0 0 0 0 0 2 0 0
239 1 0 0 1 0 0 0 0 0
240 1 0 0 1 0 0 0 0 0
243 1 0 0 0 0 0 1 0 0
244 1 0 0 0 0 0 1 0 0
246 1 1 1 0 0 0 1 0 0
248 1 0 0 0 0 0 1 0 0
249 1 0 0 0 0 0 1 0 0
250 4 0 0 3 0 0 0 0 0
fl=/build/glibc-B3wQXB/glibc-2.31/elf/dl-hwcaps.c
fn=_dl_important_hwcaps
42 14 1 1 0 0 0 10 1 1
43 8 1 1 1 0 0 3 0 0
45 2 0 0 1 0 0 1 0 0
46 3 0 0 0 0 0 0 0 0
55 17 1 1 0 0 0 0 0 0
56 8 0 0 2 0 0 2 1 1
57 1 0 0 0 0 0 0 0 0
65 3 0 0 1 0 0 0 0 0
148 19 4 4 1 0 0 0 0 0
149 1 0 0 0 0 0 0 0 0
185 12 0 0 1 0 0 0 0 0
186 10 1 1 2 0 0 2 1 1
188 1 0 0 0 0 0 1 1 1
189 2 0 0 0 0 0 2 0 0
190 13 0 0 1 0 0 1 0 0
193 3 1 1 1 0 0 0 0 0
195 1 0 0 0 0 0 1 0 0
196 2 0 0 1 0 0 1 0 0
197 4 1 1 0 0 0 0 0 0
200 2 0 0 0 0 0 1 0 0
201 1 0 0 0 0 0 1 0 0
204 2 0 0 0 0 0 0 0 0
207 5 0 0 1 0 0 1 0 0
211 7 1 1 1 0 0 2 0 0
212 2 0 0 0 0 0 0 0 0
214 2 0 0 0 0 0 0 0 0
215 8 2 2 0 0 0 0 0 0
216 3 1 1 1 0 0 0 0 0
217 4 0 0 0 0 0 0 0 0
224 2 1 1 0 0 0 0 0 0
230 11 1 1 1 0 0 5 1 1
231 5 0 0 0 0 0 1 0 0
232 5 0 0 2 0 0 0 0 0
263 10 1 1 0 0 0 3 1 1
266 4 0 0 0 0 0 2 0 0
273 3 0 0 2 0 0 0 0 0
276 2 0 0 0 0 0 0 0 0
279 12 0 0 4 0 0 4 0 0
282 11 1 1 3 0 0 0 0 0
283 21 1 1 1 0 0 4 0 0
284 7 0 0 2 0 0 2 0 0
287 10 1 1 2 0 0 4 0 0
289 6 0 0 2 0 0 0 0 0
294 28 0 0 2 0 0 0 0 0
295 24 1 1 0 0 0 8 1 1
299 21 0 0 0 0 0 0 0 0
302 24 0 0 0 0 0 0 0 0
303 96 1 1 0 0 0 0 0 0
304 48 0 0 24 0 0 12 0 0
306 9 0 0 0 0 0 0 0 0
309 3 0 0 1 0 0 0 0 0
310 2 0 0 0 0 0 0 0 0
311 19 3 3 2 0 0 0 0 0
313 6 0 0 0 0 0 0 0 0
314 2 0 0 2 0 0 0 0 0
316 1 0 0 1 0 0 0 0 0
317 4 0 0 0 0 0 2 0 0
324 18 0 0 6 0 0 4 0 0
325 4 0 0 0 0 0 0 0 0
327 8 0 0 0 0 0 0 0 0
330 3 0 0 2 0 0 1 0 0
333 9 1 1 7 0 0 0 0 0
fl=/build/glibc-B3wQXB/glibc-2.31/elf/dl-init.c
fn=_dl_init
30 41 1 1 8 0 0 7 0 0
79 12 1 1 0 0 0 6 0 0
80 1 1 1 1 1 0 0 0 0
81 1 0 0 1 0 0 0 0 0
84 3 0 0 1 0 0 0 0 0
87 2 0 0 0 0 0 1 0 0
92 2 0 0 0 0 0 0 0 0
117 1 0 0 1 0 0 0 0 0
118 26 0 0 0 0 0 0 0 0
119 14 1 1 14 3 0 0 0 0
125 8 0 0 7 1 0 0 0 0
fn=call_init.part.0
28 63 1 1 0 0 0 35 0 0
36 21 0 0 7 0 0 7 0 0
39 28 0 0 14 8 0 0 0 0
40 3 1 1 0 0 0 0 0 0
44 18 0 0 6 6 0 0 0 0
45 3 0 0 1 0 0 0 0 0
49 10 1 1 5 0 0 0 0 0
58 35 0 0 15 9 0 5 0 0
62 10 0 0 0 0 0 0 0 0
68 15 0 0 10 1 0 0 0 0
70 10 0 0 10 0 0 0 0 0
71 79 1 1 0 0 0 0 0 0
72 72 0 0 18 7 0 18 0 0
74 42 0 0 42 1 0 0 0 0
fl=/build/glibc-B3wQXB/glibc-2.31/elf/dl-load.c
fn=_dl_dst_count
231 72 1 1 0 0 0 60 1 1
234 24 0 0 0 0 0 12 0 0
237 24 0 0 0 0 0 0 0 0
238 12 0 0 0 0 0 0 0 0
257 84 1 1 72 0 0 0 0 0
fn=_dl_init_paths
681 10 1 1 0 0 0 7 0 0
694 6 1 1 2 0 0 2 0 0
698 1 0 0 0 0 0 1 0 0
699 2 0 0 0 0 0 1 0 0
700 2 0 0 0 0 0 0 0 0
707 5 0 0 0 0 0 0 0 0
708 4 1 1 1 0 0 1 0 0
711 6 0 0 0 0 0 2 0 0
713 2 0 0 0 0 0 0 0 0
719 1 1 1 0 0 0 1 0 0
720 1 0 0 0 0 0 1 0 0
728 11 1 1 0 0 0 3 0 0
730 8 1 1 0 0 0 4 2 2
731 4 0 0 0 0 0 4 1 1
733 5 0 0 0 0 0 4 0 0
734 7 0 0 3 1 1 4 1 1
735 7 1 1 0 0 0 0 0 0
738 6 0 0 3 1 1 0 0 0
739 24 0 0 4 0 0 4 0 0
742 26 0 0 6 0 0 6 0 0
748 1 0 0 0 0 0 1 0 0
749 1 0 0 0 0 0 1 0 0
753 1 0 0 1 0 0 0 0 0
754 2 0 0 0 0 0 0 0 0
756 4 1 1 1 0 0 0 0 0
758 3 0 0 1 0 0 0 0 0
775 1 1 1 0 0 0 1 0 0
777 3 1 1 1 0 0 0 0 0
791 2 1 1 0 0 0 1 0 0
796 5 0 0 2 0 0 0 0 0
798 24 2 2 2 0 0 2 0 0
802 2 0 0 0 0 0 0 0 0
803 61 1 1 15 0 0 0 0 0
804 56 0 0 0 0 0 0 0 0
807 1 1 1 0 0 0 1 0 0
808 2 0 0 0 0 0 1 0 0
809 2 0 0 0 0 0 0 0 0
815 6 0 0 0 0 0 1 0 0
818 3 0 0 2 0 0 0 0 0
824 1 0 0 0 0 0 1 0 0
828 8 0 0 7 0 0 0 0 0
fn=_dl_map_object
659 36 1 1 12 0 0 0 0 0
1927 130 1 1 0 0 0 104 3 3
1929 5 0 0 0 0 0 5 0 0
1935 26 1 1 0 0 0 0 0 0
1936 52 0 0 13 1 1 0 0 0
1939 254 0 0 63 0 0 0 0 0
1944 406 1 1 58 0 0 0 0 0
1946 290 0 0 0 0 0 58 0 0
1950 100 0 0 50 0 0 0 0 0
1951 150 1 1 50 0 0 0 0 0
1954 28 0 0 28 0 0 0 0 0
1955 56 0 0 56 0 0 0 0 0
1956 112 0 0 0 0 0 28 0 0
1972 30 1 1 5 0 0 5 1 1
1982 15 0 0 5 0 0 0 0 0
2016 5 0 0 0 0 0 5 1 1
2018 25 1 1 0 0 0 5 0 0
2022 16 2 2 0 0 0 8 0 0
2024 8 0 0 4 0 0 0 0 0
2031 16 0 0 4 0 0 0 0 0
2035 20 1 1 8 0 0 12 0 0
2040 12 1 1 4 0 0 0 0 0
2041 4 0 0 0 0 0 0 0 0
2043 16 0 0 0 0 0 4 0 0
2055 16 2 2 12 0 0 0 0 0
2056 32 0 0 8 0 0 4 0 0
2057 4 0 0 0 0 0 0 0 0
2066 8 1 1 4 0 0 0 0 0
2067 60 1 1 4 0 0 16 0 0
2073 20 0 0 0 0 0 0 0 0
2074 4 1 1 0 0 0 0 0 0
2082 4 1 1 0 0 0 4 0 0
2096 8 0 0 0 0 0 0 0 0
2098 12 1 1 4 0 0 0 0 0
2102 12 0 0 0 0 0 4 0 0
2104 8 0 0 0 0 0 0 0 0
2108 8 0 0 0 0 0 0 0 0
2116 12 0 0 4 0 0 0 0 0
2139 28 1 1 0 0 0 8 0 0
2143 12 0 0 4 0 0 0 0 0
2144 8 0 0 0 0 0 4 0 0
2161 8 1 1 4 0 0 0 0 0
2167 1 0 0 0 0 0 1 0 0
2168 4 0 0 0 0 0 1 0 0
2169 2 0 0 0 0 0 0 0 0
2170 3 0 0 0 0 0 0 0 0
2174 5 1 1 0 0 0 1 0 0
2177 2 0 0 0 0 0 0 0 0
2189 20 0 0 5 0 0 0 0 0
2191 16 0 0 0 0 0 0 0 0
2235 10 0 0 5 0 0 5 0 0
2236 75 1 1 15 0 0 25 0 0
2238 117 0 0 91 0 0 0 0 0
fn=_dl_map_object_from_fd
866 70 1 1 0 0 0 55 3 3
876 20 1 1 5 0 0 10 0 0
877 5 0 0 0 0 0 5 0 0
883 20 0 0 5 0 0 5 0 0
901 95 1 1 30 0 0 0 0 0
902 40 1 1 20 0 0 0 0 0
920 10 1 1 5 0 0 0 0 0
944 20 1 1 5 0 0 5 0 0
954 10 0 0 5 0 0 0 0 0
961 20 0 0 10 0 0 0 0 0
994 10 0 0 0 0 0 0 0 0
997 40 1 1 25 0 0 5 0 0
998 10 0 0 0 0 0 0 0 0
1009 15 0 0 10 0 0 5 4 4
1010 20 0 0 10 0 0 10 0 0
1011 10 0 0 5 0 0 5 0 0
1013 15 0 0 0 0 0 0 0 0
1014 20 0 0 10 0 0 0 0 0
1015 5 1 1 0 0 0 0 0 0
1018 17 2 2 1 0 0 0 0 0
1019 6 0 0 1 0 0 1 1 1
1030 10 0 0 0 0 0 5 0 0
1032 5 1 1 0 0 0 5 0 0
1034 105 1 1 10 0 0 10 0 0
1035 5 0 0 0 0 0 0 0 0
1036 5 0 0 0 0 0 5 0 0
1042 379 1 1 0 0 0 0 0 0
1043 520 2 2 98 2 2 0 0 0
1049 10 1 1 5 0 0 0 0 0
1054 10 0 0 5 0 0 5 0 0
1055 20 0 0 5 0 0 5 0 0
1060 2 0 0 1 0 0 1 0 0
1061 1 0 0 0 0 0 0 0 0
1066 100 2 2 40 0 0 0 0 0
1071 140 0 0 40 0 0 0 0 0
1079 60 0 0 0 0 0 0 0 0
1080 120 0 0 20 0 0 20 3 3
1081 200 1 1 40 0 0 20 0 0
1082 40 0 0 20 0 0 20 2 2
1084 40 0 0 0 0 0 20 2 2
1088 40 1 1 0 0 0 0 0 0
1089 90 0 0 45 0 0 15 0 0
1093 40 0 0 0 0 0 0 0 0
1094 160 1 1 40 0 0 20 0 0
1107 6 0 0 2 0 0 0 0 0
1111 2 0 0 0 0 0 2 2 2
1112 4 1 1 2 0 0 2 2 2
1113 2 0 0 2 0 0 0 0 0
1116 10 0 0 0 0 0 2 0 0
1117 4 0 0 2 0 0 2 0 0
1120 2 0 0 0 0 0 2 0 0
1125 8 1 1 2 0 0 0 0 0
1132 20 0 0 5 0 0 5 0 0
1140 10 1 1 5 0 0 5 0 0
1141 5 0 0 0 0 0 0 0 0
1144 20 0 0 10 0 0 5 2 2
1146 5 0 0 0 0 0 0 0 0
1149 90 1 1 30 0 0 10 2 2
1157 10 0 0 0 0 0 0 0 0
1170 10 1 1 0 0 0 0 0 0
1180 45 1 1 20 0 0 5 0 0
1192 20 1 1 10 0 0 0 0 0
1201 15 0 0 5 0 0 5 0 0
1208 10 0 0 0 0 0 0 0 0
1210 10 0 0 0 0 0 0 0 0
1229 15 1 1 5 0 0 0 0 0
1248 10 0 0 5 0 0 5 0 0
1250 25 0 0 10 0 0 0 0 0
1298 15 1 1 5 3 3 0 0 0
1299 4 0 0 2 0 0 2 0 0
1302 20 0 0 5 0 0 5 0 0
1311 10 0 0 5 0 0 0 0 0
1313 20 1 1 10 0 0 5 0 0
1315 10 0 0 5 0 0 0 0 0
1331 10 0 0 0 0 0 5 0 0
1335 10 0 0 5 0 0 0 0 0
1336 10 0 0 5 0 0 0 0 0
1353 10 1 1 5 0 0 0 0 0
1354 2 0 0 0 0 0 1 0 0
1357 10 0 0 5 0 0 5 0 0
1362 10 0 0 5 0 0 0 0 0
1372 10 1 1 5 0 0 0 0 0
1381 10 0 0 5 0 0 0 0 0
1382 8 0 0 2 0 0 0 0 0
1387 4 0 0 0 0 0 4 0 0
1394 15 0 0 5 0 0 5 0 0
1398 15 1 1 5 0 0 0 0 0
1417 45 1 1 35 0 0 0 0 0
fn=expand_dynamic_string_token
234 6 0 0 0 0 0 2 0 0
237 4 0 0 0 0 0 0 0 0
378 18 1 1 0 0 0 12 0 0
392 4 0 0 0 0 0 0 0 0
403 14 1 1 12 0 0 0 0 0
fn=fillin_rpath
447 16 2 2 0 0 0 12 0 0
449 1 0 0 0 0 0 0 0 0
451 12 1 1 4 0 0 2 0 0
458 2 0 0 1 0 0 0 0 0
460 4 0 0 1 0 0 1 0 0
464 2 0 0 0 0 0 0 0 0
469 3 0 0 0 0 0 1 0 0
470 2 0 0 0 0 0 0 0 0
477 5 1 1 1 0 0 0 0 0
482 4 1 1 0 0 0 2 0 0
486 17 0 0 5 0 0 0 0 0
487 8 1 1 4 0 0 0 0 0
505 4 1 1 1 0 0 1 0 0
509 8 1 1 2 0 0 3 0 0
511 3 1 1 1 0 0 0 0 0
515 2 0 0 0 0 0 2 1 1
516 1 0 0 0 0 0 0 0 0
517 4 0 0 0 0 0 2 0 0
518 2 0 0 1 0 0 1 0 0
520 2 0 0 1 0 0 0 0 0
526 4 1 1 1 0 0 0 0 0
527 18 1 1 0 0 0 0 0 0
528 8 0 0 0 0 0 2 0 0
530 2 1 1 1 0 0 1 0 0
531 2 0 0 1 0 0 0 0 0
536 2 1 1 0 0 0 1 0 0
538 1 0 0 0 0 0 1 0 0
539 1 0 0 0 0 0 1 0 0
542 3 0 0 0 0 0 1 0 0
544 3 0 0 1 0 0 1 0 0
548 1 0 0 0 0 0 1 0 0
551 9 0 0 7 0 0 0 0 0
fn=open_path
1443 8 1 1 0 0 0 4 0 0
1779 56 1 1 4 0 0 44 2 2
1780 8 1 1 4 0 0 4 0 0
1783 4 0 0 0 0 0 4 0 0
1784 4 0 0 0 0 0 4 0 0
1786 8 0 0 0 0 0 0 0 0
1791 88 2 2 12 1 1 0 0 0
1794 8 0 0 8 0 0 0 0 0
1798 4 0 0 0 0 0 4 0 0
1803 24 0 0 4 0 0 4 0 0
1810 20 1 1 8 0 0 4 1 1
1811 166 1 1 15 0 0 0 0 0
1814 64 0 0 32 0 0 0 0 0
1818 121 1 1 55 0 0 22 0 0
1821 22 0 0 0 0 0 11 0 0
1824 33 0 0 11 0 0 0 0 0
1827 77 1 1 33 0 0 11 0 0
1829 33 0 0 11 0 0 0 0 0
1831 16 0 0 0 0 0 0 0 0
1836 16 1 1 0 0 0 0 0 0
1837 56 0 0 24 0 0 0 0 0
1843 64 3 3 20 0 0 12 0 0
1845 56 0 0 8 0 0 8 0 0
1846 2 0 0 1 1 1 0 0 0
1848 32 1 1 1 0 0 9 0 0
1855 12 0 0 3 0 0 0 0 0
1857 6 0 0 0 0 0 0 0 0
1865 8 0 0 0 0 0 4 0 0
1893 4 1 1 0 0 0 0 0 0
1896 32 1 1 8 0 0 0 0 0
1901 8 0 0 8 0 0 0 0 0
1903 16 0 0 12 0 0 0 0 0
1906 12 1 1 4 0 0 0 0 0
1920 36 0 0 28 0 0 0 0 0
fn=open_verify.constprop.0
1466 165 1 1 0 0 0 90 1 1
1505 45 0 0 15 0 0 0 0 0
1518 11 1 1 0 0 0 0 0 0
1536 75 0 0 0 0 0 15 0 0
1538 30 1 1 0 0 0 0 0 0
1543 8 0 0 0 0 0 0 0 0
1549 12 0 0 0 0 0 4 0 0
1550 8 0 0 0 0 0 8 1 1
1555 24 0 0 4 0 0 4 0 0
1557 8 1 1 0 0 0 0 0 0
1559 12 0 0 4 0 0 4 0 0
1561 8 0 0 0 0 0 0 0 0
1567 8 0 0 0 0 0 0 0 0
1583 73 3 3 35 0 0 0 0 0
1657 8 0 0 4 0 0 0 0 0
1662 8 0 0 4 0 0 0 0 0
1664 16 1 1 4 0 0 0 0 0
1670 8 0 0 4 0 0 0 0 0
1676 20 0 0 4 1 1 0 0 0
1677 16 1 1 4 0 0 0 0 0
1678 6 0 0 3 0 0 0 0 0
1681 16 1 1 1 0 0 0 0 0
1682 13 0 0 2 0 0 2 0 0
1698 238 0 0 0 0 0 0 0 0
1699 102 1 1 47 9 9 0 0 0
1700 32 0 0 8 1 1 0 0 0
1704 32 0 0 16 0 0 0 0 0
1705 18 1 1 6 0 0 0 0 0
1710 4 0 0 0 0 0 0 0 0
1711 32 1 1 2 0 0 0 0 0
1721 32 1 1 6 0 0 8 1 1
1729 60 1 1 40 3 3 0 0 0
1731 8 0 0 0 0 0 0 0 0
1732 72 1 1 24 0 0 0 0 0
1735 24 0 0 0 0 0 0 0 0
1740 2 0 0 0 0 0 0 0 0
1741 16 1 1 6 0 0 0 0 0
1744 4 0 0 0 0 0 0 0 0
1747 4 0 0 2 0 0 0 0 0
1748 8 1 1 2 0 0 0 0 0
1749 2 0 0 2 0 0 0 0 0
1750 6 0 0 2 0 0 0 0 0
1751 6 0 0 2 0 0 0 0 0
1761 12 0 0 0 0 0 4 0 0
1765 135 0 0 105 0 0 0 0 0
fn=open_verify.constprop.1
1466 11 1 1 0 0 0 6 0 0
1536 4 0 0 0 0 0 1 1 1
1538 2 0 0 0 0 0 0 0 0
1543 2 0 0 0 0 0 0 0 0
1549 3 1 1 0 0 0 1 0 0
1550 2 0 0 0 0 0 2 0 0
1555 6 0 0 1 0 0 1 0 0
1557 2 0 0 0 0 0 0 0 0
1559 3 0 0 1 0 0 1 0 0
1561 2 0 0 0 0 0 0 0 0
1567 2 1 1 0 0 0 0 0 0
1583 16 2 2 8 1 1 0 0 0
1657 2 0 0 1 0 0 0 0 0
1662 2 0 0 1 0 0 0 0 0
1664 4 0 0 1 0 0 0 0 0
1670 2 0 0 1 0 0 0 0 0
1676 5 0 0 1 0 0 0 0 0
1677 4 1 1 1 0 0 0 0 0
1678 2 0 0 1 0 0 0 0 0
1698 70 0 0 0 0 0 0 0 0
1699 28 1 1 13 8 8 0 0 0
1700 8 0 0 2 1 1 0 0 0
1704 8 1 1 4 0 0 0 0 0
1705 6 1 1 2 0 0 0 0 0
1721 4 1 1 0 0 0 0 0 0
1729 12 0 0 8 3 3 0 0 0
1731 2 0 0 0 0 0 0 0 0
1732 18 1 1 6 0 0 0 0 0
1735 6 0 0 0 0 0 0 0 0
1741 4 1 1 2 0 0 0 0 0
1761 2 0 0 0 0 0 1 0 0
1765 9 0 0 7 0 0 0 0 0
fl=/build/glibc-B3wQXB/glibc-2.31/elf/dl-lookup.c
fn=_dl_lookup_symbol_x
581 4638 0 0 0 0 0 0 0 0
582 409155 0 0 101709 2020 1726 0 0 0
583 496950 0 0 0 0 0 0 0 0
841 32466 2 2 0 0 0 23190 14 3
843 4638 1 1 0 0 0 2319 6 1
844 4638 0 0 0 0 0 2319 1 0
847 2319 0 0 2319 6 1 0 0 0
851 9230 0 0 4615 0 0 0 0 0
853 13914 0 0 2319 0 0 2319 0 0
854 11595 1 1 9276 10 1 0 0 0
860 4764 0 0 42 0 0 0 0 0
861 39402 1 1 13893 0 0 16233 7 1
866 4638 1 1 2319 0 0 0 0 0
868 126 1 1 21 0 0 0 0 0
885 21 1 1 0 0 0 21 0 0
886 42 0 0 0 0 0 0 0 0
890 18384 0 0 4596 0 0 0 0 0
930 9192 0 0 2298 0 0 0 0 0
944 6894 1 1 2298 21 3 0 0 0
945 2 1 1 0 0 0 1 0 0
947 9192 0 0 4596 0 0 0 0 0
952 2298 0 0 0 0 0 2298 0 0
954 20871 0 0 16233 0 0 0 0 0
fn=_dl_setup_hash
961 7 1 1 0 0 0 0 0 0
964 21 0 0 7 0 0 0 0 0
966 7 1 1 7 0 0 0 0 0
968 14 0 0 7 7 7 7 1 1
969 7 0 0 7 0 0 0 0 0
970 7 0 0 7 1 1 0 0 0
972 21 0 0 0 0 0 0 0 0
973 7 0 0 0 0 0 7 0 0
974 21 0 0 7 0 0 7 0 0
976 7 0 0 0 0 0 7 0 0
977 14 0 0 0 0 0 0 0 0
979 7 0 0 0 0 0 7 0 0
981 21 1 1 0 0 0 7 0 0
986 7 0 0 7 0 0 0 0 0
fn=check_match
75 29952 2 2 6912 137 52 11520 16 4
78 13824 0 0 2304 245 183 0 0 0
91 13794 1 1 0 0 0 0 0 0
94 5498 0 0 300 0 0 150 0 0
98 2299 0 0 2299 10 1 0 0 0
99 4598 0 0 0 0 0 0 0 0
101 4594 0 0 0 0 0 0 0 0
120 4594 0 0 4594 108 18 0 0 0
121 18376 1 1 6891 29 2 0 0 0
122 11470 1 1 4588 6 2 2294 0 0
123 6 0 0 3 0 0 0 0 0
124 4 0 0 0 0 0 0 0 0
149 4 0 0 0 0 0 0 0 0
151 12 1 1 4 2 0 0 0 0
152 8 0 0 0 0 0 0 0 0
155 2 0 0 0 0 0 0 0 0
156 7 0 0 3 0 0 1 0 0
158 3 0 0 1 0 0 1 0 0
160 2309 0 0 0 0 0 0 0 0
167 13824 0 0 13824 0 0 0 0 0
fn=do_lookup_x
175 280 0 0 0 0 0 0 0 0
176 280 0 0 0 0 0 0 0 0
177 940 1 1 250 47 47 0 0 0
179 98 0 0 0 0 0 0 0 0
180 294 0 0 0 0 0 0 0 0
181 528 1 1 0 0 0 0 0 0
184 152 0 0 0 0 0 152 0 0
185 538 1 1 70 0 0 152 0 0
187 152 0 0 0 0 0 152 41 35
188 70 0 0 0 0 0 0 0 0
226 122 0 0 0 0 0 122 0 0
227 366 1 1 244 0 0 122 0 0
229 854 0 0 122 2 0 244 0 0
231 366 1 1 122 0 0 122 0 0
232 122 0 0 122 0 0 0 0 0
233 366 0 0 122 0 0 0 0 0
235 2321 1 1 187 0 0 363 0 0
236 726 0 0 0 0 0 0 0 0
239 1012 1 1 506 56 25 0 0 0
240 160 0 0 40 0 0 40 0 0
242 200 0 0 120 0 0 0 0 0
252 40 0 0 40 0 0 0 0 0
253 160 0 0 80 0 0 0 0 0
255 160 0 0 80 0 0 80 0 0
256 40 0 0 0 0 0 0 0 0
259 426 0 0 0 0 0 0 0 0
262 132 0 0 0 0 0 0 0 0
263 396 0 0 0 0 0 0 0 0
264 132 1 1 0 0 0 0 0 0
267 1215 0 0 405 0 0 0 0 0
274 12 1 1 0 0 0 6 0 0
276 8 0 0 0 0 0 2 0 0
277 4 0 0 0 0 0 0 0 0
284 296 1 1 6 0 0 0 0 0
285 276 0 0 92 4 1 0 0 0
286 350 1 1 210 3 0 70 0 0
290 18 1 1 6 1 0 6 0 0
291 4 0 0 0 0 0 2 0 0
293 4 0 0 2 0 0 2 0 0
294 16103 1 1 11489 1 0 4 0 0
310 2 1 1 0 0 0 0 0 0
318 2 0 0 1 0 0 0 0 0
319 5 1 1 0 0 0 3 0 0
320 2 0 0 0 0 0 0 0 0
323 1 0 0 0 0 0 1 0 0
324 3 0 0 0 0 0 1 0 0
325 718 2 2 576 1 0 1 1 0
328 656 2 2 328 0 0 0 0 0
336 328 0 0 82 0 0 0 0 0
347 574 1 1 164 0 0 0 0 0
352 328 0 0 164 0 0 164 0 0
354 328 0 0 164 0 0 82 0 0
368 32466 1 1 4638 0 0 23190 20 5
369 2319 0 0 2319 5 1 0 0 0
375 2319 0 0 2319 0 0 0 0 0
379 14778 1 1 14778 47 7 0 0 0
382 14778 0 0 0 0 0 0 0 0
386 21807 0 0 2355 0 0 2319 0 0
390 14754 0 0 7377 37 6 0 0 0
394 14754 0 0 7377 4 0 0 0 0
400 22131 0 0 7377 23 3 0 0 0
404 7377 1 1 0 0 0 7377 0 0
405 7377 0 0 0 0 0 7377 0 0
408 22131 0 0 14754 72 10 7377 0 0
409 22131 0 0 14754 19 3 7377 1 1
412 7377 0 0 7377 0 0 0 0 0
413 14754 0 0 0 0 0 0 0 0
415 7377 0 0 7377 695 134 0 0 0
416 4638 0 0 0 0 0 2319 0 0
417 14754 0 0 14754 0 0 0 0 0
420 36885 0 0 14754 0 0 0 0 0
423 51639 0 0 0 0 0 0 0 0
426 4836 1 1 4836 967 203 0 0 0
427 7254 1 1 0 0 0 0 0 0
428 4836 0 0 0 0 0 0 0 0
430 4824 0 0 2412 0 0 0 0 0
433 30115 0 0 6023 1612 460 0 0 0
435 6912 1 1 2304 0 0 0 0 0
436 63504 2 2 18756 0 0 28296 11 2
437 4608 0 0 0 0 0 0 0 0
440 6926 0 0 7 0 0 0 0 0
443 11178 0 0 0 0 0 0 0 0
451 11595 1 1 0 0 0 2319 0 0
474 231 2 2 116 0 0 0 0 0
476 2 0 0 0 0 0 0 0 0
482 4596 1 1 2298 0 0 0 0 0
533 4596 0 0 0 0 0 0 0 0
536 11948 0 0 2298 0 0 0 0 0
540 4644 1 1 1548 3 1 0 0 0
552 10880 0 0 2176 0 0 2176 0 0
554 4596 0 0 0 0 0 0 0 0
571 15273 0 0 0 0 0 0 0 0
574 21 0 0 0 0 0 0 0 0
575 18552 0 0 16233 0 0 0 0 0
fl=/build/glibc-B3wQXB/glibc-2.31/elf/dl-minimal.c
fn=calloc
92 34 1 1 0 0 0 0 0 0
96 17 0 0 0 0 0 0 0 0
99 34 0 0 0 0 0 0 0 0
100 51 0 0 0 0 0 0 0 0
103 17 0 0 0 0 0 0 0 0
fn=free
109 8 1 1 0 0 0 0 0 0
111 32 0 0 16 0 0 0 0 0
fn=malloc
49 200 1 1 0 0 0 80 1 1
50 160 1 1 80 2 0 0 0 0
55 4 0 0 1 0 0 1 0 0
56 2 1 1 1 0 0 0 0 0
57 2 1 1 0 0 0 0 0 0
61 120 0 0 0 0 0 40 0 0
64 268 0 0 0 0 0 0 0 0
69 12 1 1 3 0 0 0 0 0
70 6 0 0 0 0 0 0 0 0
72 3 0 0 0 0 0 0 0 0
73 24 0 0 0 0 0 3 0 0
75 6 0 0 0 0 0 0 0 0
77 6 0 0 3 0 0 0 0 0
79 12 0 0 0 0 0 3 0 0
82 40 0 0 0 0 0 40 0 0
83 40 0 0 0 0 0 40 0 0
85 160 0 0 120 0 0 0 0 0
fn=strsep
262 2 1 1 0 0 0 0 0 0
265 4 0 0 2 1 1 0 0 0
267 2 0 0 2 0 0 0 0 0
268 4 0 0 0 0 0 0 0 0
272 77 0 0 15 0 0 0 0 0
277 56 1 1 28 0 0 0 0 0
279 84 0 0 28 0 0 0 0 0
287 14 0 0 0 0 0 0 0 0
290 1 0 0 0 0 0 1 0 0
294 4 0 0 2 0 0 0 0 0
fl=/build/glibc-B3wQXB/glibc-2.31/elf/dl-misc.c
fn=_dl_higher_prime_number
300 2 1 1 0 0 0 0 0 0
337 2 0 0 0 0 0 0 0 0
338 2 0 0 0 0 0 0 0 0
340 26 1 1 0 0 0 0 0 0
342 80 0 0 0 0 0 0 0 0
343 37 0 0 10 2 1 0 0 0
344 6 0 0 0 0 0 0 0 0
358 2 0 0 2 0 0 0 0 0
359 2 0 0 2 0 0 0 0 0
fn=_dl_name_match_p
282 744 1 1 0 0 0 248 1 1
283 620 0 0 124 0 0 124 1 1
284 144 0 0 0 0 0 0 0 0
286 124 0 0 124 0 0 0 0 0
288 488 0 0 0 0 0 0 0 0
289 700 1 1 140 0 0 140 0 0
292 120 0 0 120 0 0 0 0 0
294 104 0 0 0 0 0 0 0 0
295 496 0 0 372 0 0 0 0 0
fn=_dl_sysdep_read_whole_file
44 9 2 2 0 0 0 4 0 0
47 3 0 0 0 0 0 1 0 0
48 2 0 0 0 0 0 0 0 0
50 7 1 1 0 0 0 1 0 0
52 2 0 0 1 0 0 1 0 0
55 2 0 0 0 0 0 0 0 0
57 8 1 1 0 0 0 1 0 0
68 3 0 0 0 0 0 1 0 0
71 7 0 0 5 0 0 0 0 0
fl=/build/glibc-B3wQXB/glibc-2.31/elf/dl-object.c
fn=_dl_add_to_namespace_list
31 36 2 2 0 0 0 18 0 0
33 18 0 0 6 0 0 6 1 1
35 41 0 0 6 0 0 0 0 0
38 80 0 0 20 0 0 0 0 0
40 5 0 0 0 0 0 5 0 0
42 5 0 0 0 0 0 5 0 0
45 2 0 0 0 0 0 1 0 0
46 18 1 1 6 0 0 0 0 0
47 12 0 0 6 0 0 6 0 0
48 12 0 0 0 0 0 6 0 0
50 12 0 0 6 0 0 0 0 0
51 18 0 0 18 0 0 0 0 0
fn=_dl_new_object
59 78 1 1 0 0 0 54 3 3
62 18 1 1 0 0 0 6 0 0
64 2 1 1 0 0 0 0 0 0
65 6 0 0 0 0 0 0 0 0
69 2 0 0 0 0 0 0 0 0
74 1 0 0 0 0 0 0 0 0
77 45 0 0 5 0 0 5 0 0
89 30 1 1 0 0 0 18 1 1
92 12 0 0 0 0 0 0 0 0
95 6 0 0 0 0 0 6 6 6
96 18 0 0 6 0 0 6 6 6
100 12 1 1 0 0 0 6 1 1
101 48 0 0 12 0 0 18 1 1
103 6 0 0 0 0 0 6 0 0
116 40 0 0 18 0 0 0 0 0
122 1 0 0 0 0 0 0 0 0
124 42 1 1 12 6 6 12 0 0
127 12 0 0 6 0 0 0 0 0
128 12 1 1 0 0 0 6 6 6
129 6 0 0 0 0 0 6 0 0
133 6 0 0 0 0 0 6 0 0
136 78 2 2 5 0 0 0 0 0
138 16 0 0 0 0 0 16 4 4
146 12 0 0 0 0 0 6 0 0
147 6 1 1 0 0 0 6 6 6
150 1 0 0 0 0 0 0 0 0
152 36 0 0 6 0 0 0 0 0
154 20 0 0 0 0 0 5 4 4
157 14 1 1 0 0 0 0 0 0
161 20 0 0 5 0 0 0 0 0
165 25 0 0 0 0 0 0 0 0
167 1 1 1 0 0 0 0 0 0
173 1 0 0 0 0 0 1 1 1
176 12 0 0 0 0 0 6 0 0
186 18 0 0 0 0 0 6 0 0
188 25 1 1 5 0 0 10 0 0
192 20 0 0 5 0 0 0 0 0
196 15 0 0 0 0 0 5 0 0
197 20 0 0 0 0 0 0 0 0
205 5 0 0 0 0 0 0 0 0
209 5 0 0 0 0 0 0 0 0
242 20 1 1 10 0 0 5 0 0
247 168 0 0 0 0 0 0 0 0
248 168 0 0 84 0 0 0 0 0
250 10 0 0 0 0 0 0 0 0
253 5 0 0 0 0 0 5 0 0
256 5 0 0 0 0 0 5 1 1
260 54 1 1 42 0 0 0 0 0
fl=/build/glibc-B3wQXB/glibc-2.31/elf/dl-open.c
fn=_dl_find_dso_for_object
201 9 1 1 0 0 0 4 0 0
205 3 0 0 1 0 0 0 0 0
206 19 0 0 6 0 0 0 0 0
207 24 1 1 12 2 0 0 0 0
208 2 0 0 1 0 0 0 0 0
211 2 1 1 1 0 0 0 0 0
215 7 0 0 5 0 0 0 0 0
fl=/build/glibc-B3wQXB/glibc-2.31/elf/dl-profstub.c
fn=_dl_mcount_wrapper_check
37 256 1 1 0 0 0 0 0 0
38 384 0 0 256 0 0 0 0 0
40 128 1 1 128 0 0 0 0 0
fl=/build/glibc-B3wQXB/glibc-2.31/elf/dl-reloc.c
fn=_dl_relocate_object
148 91 2 2 0 0 0 56 1 0
158 12 0 0 0 0 0 0 0 0
159 21 0 0 0 0 0 14 0 0
163 14 0 0 0 0 0 0 0 0
164 35 0 0 7 2 0 7 0 0
170 14 1 1 7 0 0 0 0 0
176 35 0 0 14 0 0 0 0 0
177 14 1 1 7 6 0 0 0 0
180 15 0 0 0 0 0 0 0 0
187 28 1 1 7 3 0 7 0 0
227 21 0 0 14 2 0 7 0 0
255 350 5 5 147 29 0 54 0 0
258 28 0 0 7 0 0 0 0 0
282 7 0 0 7 0 0 0 0 0
285 14 0 0 7 0 0 0 0 0
302 21 0 0 7 5 0 0 0 0
304 56 0 0 49 3 0 0 0 0
310 42 2 2 21 1 0 0 0 0
313 14 0 0 0 0 0 0 0 0
317 14 0 0 0 0 0 0 0 0
318 42 0 0 0 0 0 7 0 0
fl=/build/glibc-B3wQXB/glibc-2.31/elf/dl-sort-maps.c
fn=_dl_sort_maps
28 13 1 1 0 0 0 10 0 0
30 2 0 0 0 0 0 0 0 0
33 4 0 0 0 0 0 1 0 0
34 20 2 2 1 0 0 1 0 0
35 13 1 1 2 0 0 4 0 0
39 36 0 0 12 0 0 12 0 0
40 18 1 1 12 0 0 0 0 0
42 12 0 0 6 0 0 0 0 0
54 87 1 1 21 0 0 0 0 0
56 45 0 0 30 0 0 0 0 0
57 30 0 0 0 0 0 0 0 0
59 105 1 1 35 0 0 0 0 0
60 75 0 0 0 0 0 0 0 0
90 30 0 0 0 0 0 0 0 0
115 33 0 0 11 0 0 0 0 0
118 45 2 2 5 0 0 5 0 0
122 8 0 0 7 0 0 0 0 0
fl=/build/glibc-B3wQXB/glibc-2.31/elf/dl-tunables.c
fn=__GI___tunables_init
67 200 1 1 40 0 0 0 0 0
70 78 0 0 0 0 0 0 0 0
73 3703 1 1 529 21 21 0 0 0
77 78 0 0 0 0 0 0 0 0
82 234 0 0 0 0 0 39 0 0
278 5 0 0 1 0 0 0 0 0
287 9 1 1 0 0 0 6 1 1
310 4056 1 1 0 0 0 0 0 0
316 5070 1 1 2028 0 0 0 0 0
328 156 0 0 39 0 0 0 0 0
362 8 0 0 7 0 0 0 0 0
fn=__tunable_get_val
368 23 2 1 0 0 0 0 0 0
371 224 0 0 23 11 0 0 0 0
380 26 1 1 23 4 0 3 0 0
390 20 1 1 0 0 0 20 0 0
391 20 0 0 0 0 0 0 0 0
397 115 0 0 23 1 0 0 0 0
399 23 0 0 23 0 0 0 0 0
fl=/build/glibc-B3wQXB/glibc-2.31/elf/dl-tunables.h
fn=__GI___tunables_init
119 2660 1 1 779 9 9 0 0 0
120 1558 0 0 0 0 0 0 0 0
fl=/build/glibc-B3wQXB/glibc-2.31/elf/dl-version.c
fn=_dl_check_all_versions
362 6 1 1 0 0 0 4 0 0
364 2 0 0 0 0 0 0 0 0
366 26 0 0 7 0 0 0 0 0
368 70 1 1 7 0 0 7 0 0
371 7 0 0 5 0 0 0 0 0
fn=_dl_check_map_versions
37 192 1 1 24 0 0 0 0 0
38 54 0 0 54 0 0 0 0 0
39 330 0 0 0 0 0 66 0 0
57 111 0 0 74 0 0 37 0 0
65 111 1 1 37 0 0 0 0 0
71 111 0 0 37 0 0 0 0 0
87 37 0 0 37 1 0 0 0 0
88 74 0 0 0 0 0 0 0 0
90 37 0 0 37 0 0 0 0 0
95 983 0 0 399 28 28 74 0 0
109 798 1 1 399 6 6 0 0 0
111 37 1 1 37 1 1 0 0 0
114 308 1 1 86 0 0 37 0 0
121 1086 0 0 362 11 11 0 0 0
125 362 0 0 0 0 0 0 0 0
143 60 1 1 0 0 0 36 0 0
156 70 1 1 0 0 0 56 0 0
157 7 0 0 0 0 0 7 0 0
165 7 1 1 0 0 0 0 0 0
171 21 0 0 7 0 0 0 0 0
173 14 0 0 7 0 0 7 0 0
175 14 0 0 7 0 0 7 0 0
176 21 1 1 7 0 0 7 0 0
178 14 0 0 0 0 0 0 0 0
181 15 1 1 10 0 0 5 0 0
185 35 0 0 10 4 4 0 0 0
198 7 0 0 0 0 0 0 0 0
199 7 0 0 0 0 0 0 0 0
201 24 0 0 24 1 1 0 0 0
209 36 0 0 12 0 0 0 0 0
210 5 1 1 0 0 0 0 0 0
214 36 0 0 24 0 0 0 0 0
218 361 1 1 285 0 0 0 0 0
220 37 0 0 37 5 5 0 0 0
222 99 0 0 37 5 5 37 0 0
225 148 0 0 37 0 0 0 0 0
228 111 0 0 37 0 0 0 0 0
233 25 0 0 0 0 0 0 0 0
237 48 0 0 24 0 0 0 0 0
242 14 0 0 0 0 0 7 0 0
251 25 0 0 7 0 0 0 0 0
254 20 0 0 15 0 0 0 0 0
257 432 0 0 108 11 11 0 0 0
260 324 0 0 108 4 4 0 0 0
264 206 0 0 0 0 0 0 0 0
268 12 1 1 0 0 0 0 0 0
273 6 0 0 0 0 0 6 0 0
274 30 1 1 0 0 0 6 0 0
275 12 0 0 0 0 0 0 0 0
285 6 0 0 0 0 0 6 0 0
288 18 1 1 12 0 0 6 0 0
290 18 0 0 6 0 0 0 0 0
293 20 0 0 15 0 0 0 0 0
295 7 0 0 0 0 0 0 0 0
297 36 0 0 12 0 0 0 0 0
300 111 1 1 37 0 0 0 0 0
302 148 1 1 0 0 0 0 0 0
304 185 0 0 37 0 0 37 0 0
305 111 0 0 0 0 0 37 16 16
306 111 0 0 37 0 0 37 2 2
307 111 0 0 37 0 0 37 1 1
310 111 0 0 37 0 0 0 0 0
315 25 0 0 0 0 0 0 0 0
318 36 0 0 12 0 0 0 0 0
323 7 0 0 0 0 0 0 0 0
328 18 0 0 6 0 0 0 0 0
331 20 0 0 15 0 0 0 0 0
335 103 0 0 103 0 0 0 0 0
337 216 1 1 108 0 0 0 0 0
341 103 0 0 103 0 0 0 0 0
342 515 0 0 103 0 0 103 27 27
343 309 0 0 103 0 0 103 0 0
344 103 0 0 0 0 0 103 12 12
347 324 0 0 108 0 0 0 0 0
351 103 0 0 0 0 0 0 0 0
357 63 0 0 56 0 0 0 0 0
fl=/build/glibc-B3wQXB/glibc-2.31/elf/do-rel.h
fn=_dl_relocate_object
47 42 0 0 14 0 0 14 0 0
48 14 0 0 14 1 0 0 0 0
50 16 1 1 0 0 0 6 0 0
51 12 0 0 0 0 0 7 0 0
58 42 0 0 14 0 0 0 0 0
61 3430 0 0 0 0 0 0 0 0
63 4560 1 1 1140 427 427 0 0 0
65 170 0 0 0 0 0 0 0 0
74 10 0 0 0 0 0 0 0 0
75 184 0 0 2 0 0 0 0 0
76 112 0 0 56 0 0 0 0 0
83 18 0 0 9 0 0 9 0 0
84 9 1 1 9 0 0 0 0 0
86 27 1 1 9 0 0 0 0 0
98 27 0 0 0 0 0 0 0 0
108 14 0 0 0 0 0 0 0 0
111 6311 1 1 0 0 0 0 0 0
112 4194 0 0 2097 266 263 0 0 0
118 27 0 0 9 7 0 0 0 0
121 16 0 0 8 2 0 8 0 0
124 10414 2 2 3474 0 0 0 0 0
127 13864 1 1 3466 870 867 0 0 0
136 13864 0 0 6932 956 230 0 0 0
137 10398 0 0 3466 0 0 0 0 0
138 13433 0 0 3466 1 0 3466 0 0
139 10398 0 0 6932 0 0 3466 0 0
143 30 0 0 12 0 0 0 0 0
160 21 1 1 7 0 0 2 0 0
162 20 0 0 5 1 1 0 0 0
170 30 1 1 5 0 0 5 0 0
171 15 0 0 10 0 0 5 0 0
174 3 0 0 1 0 0 0 0 0
fn=_dl_start
83 1 0 0 1 0 0 0 0 0
84 1 0 0 1 0 0 0 0 0
111 129 0 0 0 0 0 0 0 0
112 84 0 0 42 6 6 0 0 0
116 2 0 0 1 0 0 0 0 0
124 29 0 0 0 0 0 0 0 0
136 27 1 1 9 2 2 0 0 0
137 18 0 0 0 0 0 0 0 0
139 18 0 0 9 0 0 0 0 0
fl=/build/glibc-B3wQXB/glibc-2.31/elf/get-dynamic-info.h
fn=_dl_map_object_from_fd
42 5 0 0 0 0 0 0 0 0
46 5 0 0 0 0 0 0 0 0
48 402 1 1 134 37 37 0 0 0
50 258 1 1 0 0 0 0 0 0
63 129 0 0 0 0 0 0 0 0
64 88 0 0 0 0 0 26 13 13
65 25 0 0 0 0 0 0 0 0
67 5 0 0 0 0 0 0 0 0
68 25 1 1 0 0 0 0 0 0
69 5 0 0 0 0 0 0 0 0
71 25 0 0 0 0 0 0 0 0
72 20 0 0 0 0 0 0 0 0
73 206 0 0 0 0 0 103 20 20
74 129 0 0 0 0 0 0 0 0
81 10 0 0 0 0 0 0 0 0
101 17 0 0 7 0 0 0 0 0
102 20 1 1 10 0 0 0 0 0
103 20 0 0 10 0 0 0 0 0
104 20 0 0 10 0 0 0 0 0
106 20 0 0 10 0 0 0 0 0
111 20 0 0 10 0 0 0 0 0
112 19 1 1 9 1 1 0 0 0
113 20 0 0 10 0 0 0 0 0
118 15 0 0 5 0 0 0 0 0
123 10 0 0 5 0 0 0 0 0
130 10 1 1 5 0 0 0 0 0
131 15 0 0 10 0 0 0 0 0
149 15 0 0 5 0 0 0 0 0
154 4 0 0 2 0 0 2 0 0
156 4 0 0 0 0 0 0 0 0
158 4 0 0 0 0 0 0 0 0
160 4 0 0 0 0 0 0 0 0
163 15 1 1 5 0 0 0 0 0
165 3 0 0 1 0 0 1 1 1
166 2 0 0 0 0 0 0 0 0
175 2 1 1 1 0 0 0 0 0
180 2 0 0 0 0 0 0 0 0
183 10 0 0 5 0 0 0 0 0
fn=_dl_start
48 57 1 1 19 6 6 0 0 0
50 36 1 1 0 0 0 0 0 0
63 21 0 0 0 0 0 0 0 0
64 14 0 0 0 0 0 4 2 2
65 5 1 1 0 0 0 0 0 0
67 1 0 0 0 0 0 0 0 0
68 5 1 1 0 0 0 0 0 0
69 1 0 0 0 0 0 0 0 0
71 5 1 1 0 0 0 0 0 0
72 4 0 0 0 0 0 0 0 0
73 16 0 0 0 0 0 14 5 5
74 18 0 0 0 0 0 0 0 0
81 2 0 0 0 0 0 0 0 0
101 4 1 1 2 0 0 0 0 0
102 4 0 0 2 0 0 0 0 0
103 4 0 0 2 0 0 0 0 0
104 4 0 0 2 0 0 0 0 0
106 4 1 1 2 0 0 0 0 0
111 4 0 0 2 0 0 0 0 0
112 4 0 0 2 0 0 0 0 0
113 4 0 0 2 0 0 0 0 0
118 3 1 1 1 0 0 0 0 0
123 2 0 0 1 0 0 0 0 0
130 3 0 0 1 0 0 0 0 0
131 3 0 0 2 0 0 0 0 0
139 3 0 0 1 0 0 0 0 0
142 3 1 1 1 1 1 0 0 0
146 2 0 0 1 0 0 0 0 0
147 2 1 1 1 0 0 0 0 0
fn=dl_main
33 1 0 0 1 0 0 0 0 0
42 2 0 0 0 0 0 0 0 0
46 1 0 0 0 0 0 0 0 0
48 90 0 0 30 8 8 0 0 0
50 58 0 0 0 0 0 0 0 0
63 25 0 0 0 0 0 0 0 0
64 17 0 0 0 0 0 5 2 2
65 5 0 0 0 0 0 0 0 0
68 5 0 0 0 0 0 0 0 0
69 1 1 1 0 0 0 0 0 0
71 5 0 0 0 0 0 0 0 0
72 5 0 0 0 0 0 0 0 0
73 24 0 0 0 0 0 24 4 4
74 29 1 1 0 0 0 0 0 0
81 3 0 0 1 0 0 0 0 0
101 3 0 0 1 0 0 0 0 0
102 4 0 0 2 0 0 0 0 0
103 4 0 0 2 0 0 0 0 0
104 4 1 1 2 0 0 0 0 0
106 4 0 0 2 0 0 0 0 0
111 4 0 0 2 0 0 0 0 0
112 4 0 0 2 0 0 0 0 0
113 4 1 1 2 0 0 0 0 0
118 3 0 0 1 0 0 0 0 0
123 2 0 0 1 0 0 0 0 0
130 2 0 0 1 0 0 0 0 0
131 3 0 0 2 0 0 0 0 0
149 3 0 0 1 0 0 0 0 0
154 2 1 1 1 0 0 1 0 0
156 2 0 0 0 0 0 0 0 0
158 2 0 0 0 0 0 0 0 0
160 2 0 0 0 0 0 0 0 0
161 2 1 1 0 0 0 1 0 0
163 3 0 0 1 0 0 0 0 0
165 3 1 1 1 0 0 1 0 0
166 2 0 0 0 0 0 0 0 0
175 2 0 0 1 0 0 0 0 0
180 2 0 0 0 0 0 0 0 0
181 3 0 0 1 0 0 1 0 0
183 2 0 0 1 0 0 0 0 0
fl=/build/glibc-B3wQXB/glibc-2.31/elf/rtld.c
fn=_dl_start
66 8 0 0 0 0 0 2 1 1
430 2 0 0 0 0 0 1 1 1
431 2 1 1 0 0 0 1 0 0
432 2 0 0 0 0 0 1 0 0
433 2 0 0 0 0 0 1 1 1
434 2 0 0 0 0 0 1 0 0
443 1 0 0 0 0 0 1 0 0
449 4 0 0 0 0 0 1 0 0
451 2 0 0 1 0 0 0 0 0
463 10 2 2 0 0 0 6 1 1
504 1 0 0 0 0 0 1 0 0
507 1 0 0 0 0 0 1 1 1
518 2 0 0 0 0 0 0 0 0
523 25 2 2 9 0 0 0 0 0
525 1 0 0 1 1 1 0 0 0
550 9 0 0 7 2 0 0 0 0
fn=dl_main
66 16 5 5 0 0 0 0 0 0
73 12 0 0 0 0 0 0 0 0
74 2 0 0 0 0 0 1 1 0
82 8 0 0 3 0 0 0 0 0
817 1 0 0 1 0 0 0 0 0
819 1 0 0 0 0 0 1 0 0
828 1 0 0 0 0 0 1 0 0
830 1 0 0 0 0 0 1 0 0
835 1 0 0 0 0 0 1 0 0
1090 14 2 2 0 0 0 8 1 1
1096 1 0 0 0 0 0 0 0 0
1099 1 0 0 0 0 0 1 0 0
1102 2 0 0 0 0 0 1 1 1
1106 6 0 0 0 0 0 1 1 1
1112 2 1 1 0 0 0 1 1 1
1122 3 0 0 1 0 0 0 0 0
1330 8 1 1 0 0 0 1 0 0
1332 2 0 0 0 0 0 0 0 0
1333 1 1 1 0 0 0 1 1 1
1334 2 0 0 1 0 0 1 0 0
1335 2 0 0 1 0 0 1 0 0
1339 3 0 0 0 0 0 1 0 0
1340 2 0 0 1 0 0 0 0 0
1362 1 0 0 0 0 0 1 0 0
1364 2 1 1 1 1 1 1 0 0
1366 1 0 0 1 0 0 0 0 0
1369 47 3 3 14 0 0 1 0 0
1370 116 2 2 22 7 7 0 0 0
1374 3 1 1 1 0 0 1 0 0
1379 3 0 0 2 0 0 1 0 0
1388 2 0 0 0 0 0 1 1 1
1389 2 0 0 2 1 1 0 0 0
1391 1 0 0 0 0 0 1 0 0
1398 3 2 2 1 0 0 0 0 0
1410 3 0 0 0 0 0 1 0 0
1416 1 0 0 0 0 0 0 0 0
1424 8 0 0 4 0 0 0 0 0
1425 17 1 1 9 1 1 1 0 0
1426 8 1 1 4 0 0 0 0 0
1427 1 0 0 0 0 0 1 0 0
1430 8 0 0 4 3 3 0 0 0
1431 8 0 0 4 0 0 0 0 0
1432 4 0 0 0 0 0 4 0 0
1433 10 0 0 5 0 0 0 0 0
1434 1 0 0 0 0 0 1 0 0
1461 2 1 1 1 0 0 1 0 0
1465 4 0 0 2 0 0 1 1 1
1478 7 1 1 4 1 1 0 0 0
1481 2 0 0 0 0 0 0 0 0
1483 2 1 1 0 0 0 0 0 0
1485 3 0 0 1 0 0 0 0 0
1498 3 0 0 1 0 0 0 0 0
1499 5 0 0 1 0 0 1 0 0
1501 3 0 0 3 0 0 0 0 0
1504 1 0 0 0 0 0 1 0 0
1506 1 1 1 0 0 0 1 1 1
1507 1 0 0 0 0 0 1 0 0
1509 2 0 0 1 0 0 0 0 0
1510 2 0 0 0 0 0 1 0 0
1514 2 0 0 1 0 0 0 0 0
1516 2 1 1 1 0 0 0 0 0
1521 2 1 1 0 0 0 1 0 0
1524 2 0 0 1 0 0 0 0 0
1549 10 0 0 1 0 0 2 0 0
1554 2 1 1 1 0 0 1 0 0
1557 4 0 0 1 0 0 2 0 0
1559 1 0 0 0 0 0 1 0 0
1564 2 1 1 1 0 0 0 0 0
1567 4 1 1 2 0 0 1 0 0
1568 4 0 0 1 0 0 1 0 0
1569 2 0 0 1 0 0 1 0 0
1570 1 0 0 0 0 0 1 0 0
1571 1 0 0 1 0 0 0 0 0
1572 1 1 1 1 0 0 0 0 0
1577 2 0 0 1 0 0 0 0 0
1578 6 0 0 1 0 0 1 0 0
1595 2 0 0 1 1 1 0 0 0
1596 2 0 0 1 0 0 0 0 0
1598 2 1 1 1 0 0 0 0 0
1600 1 0 0 0 0 0 1 0 0
1601 3 0 0 1 0 0 1 0 0
1606 5 1 1 0 0 0 0 0 0
1607 5 0 0 1 1 1 0 0 0
1609 4 1 1 2 1 1 1 1 1
1615 2 0 0 1 1 1 0 0 0
1620 1 0 0 0 0 0 1 0 0
1621 3 0 0 1 0 0 0 0 0
1622 4 1 1 1 0 0 1 0 0
1640 2 0 0 0 0 0 2 0 0
1648 3 0 0 1 0 0 0 0 0
1651 2 0 0 1 0 0 1 0 0
1655 3 0 0 1 0 0 0 0 0
1660 2 1 1 1 0 0 1 0 0
1661 1 0 0 0 0 0 1 0 0
1662 1 0 0 0 0 0 0 0 0
1666 3 0 0 1 0 0 0 0 0
1682 3 0 0 2 0 0 0 0 0
1684 1 0 0 0 0 0 0 0 0
1686 2 1 1 1 0 0 0 0 0
1690 5 0 0 1 0 0 1 0 0
1694 2 0 0 1 0 0 0 0 0
1709 5 0 0 0 0 0 1 0 0
1785 4 0 0 2 0 0 0 0 0
1789 20 3 3 1 0 0 0 0 0
1790 1 0 0 0 0 0 0 0 0
1793 3 0 0 0 0 0 1 0 0
1794 1 0 0 1 0 0 0 0 0
1795 2 0 0 0 0 0 0 0 0
1796 2 0 0 0 0 0 0 0 0
1805 8 0 0 1 0 0 1 0 0
1810 31 1 1 1 0 0 0 0 0
1811 17 0 0 15 0 0 0 0 0
1814 3 0 0 2 0 0 1 0 0
1815 3 1 1 1 0 0 0 0 0
1816 1 0 0 0 0 0 1 0 0
1818 18 0 0 0 0 0 0 0 0
1819 28 1 1 13 0 0 0 0 0
1829 5 1 1 1 0 0 1 0 0
1831 3 0 0 1 0 0 1 0 0
1832 3 0 0 1 0 0 0 0 0
1834 2 0 0 0 0 0 1 0 0
1836 3 0 0 0 0 0 0 0 0
1838 3 0 0 1 0 0 0 0 0
1839 1 1 1 1 0 0 0 0 0
1852 2 0 0 0 0 0 0 0 0
1853 2 0 0 1 0 0 1 0 0
1854 3 0 0 1 0 0 0 0 0
1865 5 1 1 1 0 0 1 0 0
1866 1 0 0 0 0 0 1 0 0
1867 5 1 1 0 0 0 1 0 0
1877 2 0 0 1 0 0 1 0 0
1878 2 0 0 1 0 0 0 0 0
1879 3 1 1 0 0 0 2 0 0
1881 2 0 0 1 0 0 0 0 0
1886 3 0 0 1 0 0 0 0 0
2116 3 1 1 1 0 0 0 0 0
2172 1 0 0 0 0 0 1 0 0
2176 2 2 2 1 0 0 1 0 0
2182 2 0 0 1 0 0 1 0 0
2185 2 0 0 0 0 0 0 0 0
2193 1 0 0 1 0 0 0 0 0
2239 3 0 0 1 0 0 0 0 0
2242 1 0 0 1 0 0 0 0 0
2246 1 0 0 1 0 0 0 0 0
2247 25 0 0 0 0 0 0 0 0
2249 14 0 0 14 3 0 0 0 0
2254 14 1 1 14 5 0 0 0 0
2256 16 0 0 0 0 0 0 0 0
2258 1 1 1 0 0 0 1 0 0
2259 1 0 0 1 0 0 0 0 0
2262 7 0 0 7 0 0 0 0 0
2264 14 0 0 7 2 0 0 0 0
2265 48 0 0 12 5 0 6 0 0
2269 18 1 1 9 2 0 0 0 0
2270 8 0 0 0 0 0 2 0 0
2278 2 0 0 1 0 0 0 0 0
2283 4 2 2 2 2 0 0 0 0
2285 1 0 0 1 1 0 0 0 0
2292 3 0 0 1 0 0 1 0 0
2295 2 0 0 1 0 0 0 0 0
2304 3 0 0 2 1 0 0 0 0
2306 2 1 1 1 0 0 0 0 0
2319 1 0 0 1 1 0 0 0 0
2320 5 1 1 1 0 0 1 0 0
2330 1 0 0 0 0 0 1 0 0
2334 3 0 0 1 0 0 0 0 0
2355 4 0 0 0 0 0 1 0 0
2356 1 0 0 0 0 0 1 0 0
2357 1 0 0 0 0 0 1 0 0
2358 1 0 0 0 0 0 0 0 0
2362 1 0 0 0 0 0 1 0 0
2367 8 1 1 7 2 0 0 0 0
2533 2 0 0 1 0 0 1 1 1
2535 1 0 0 0 0 0 1 1 1
2536 1 1 1 0 0 0 0 0 0
2540 6 0 0 1 0 0 1 0 0
2542 17 0 0 3 0 0 4 1 1
2544 2 0 0 0 0 0 0 0 0
2546 105 0 0 21 0 0 0 0 0
2547 19 1 1 0 0 0 0 0 0
2555 12 0 0 2 1 1 0 0 0
2576 2 1 1 1 0 0 0 0 0
2583 6 1 1 3 0 0 0 0 0
2585 2 1 1 0 0 0 1 1 1
2586 1 0 0 0 0 0 0 0 0
2631 3 1 1 1 0 0 0 0 0
2632 5 2 2 2 0 0 0 0 0
2634 2 0 0 0 0 0 1 1 1
2635 1 0 0 0 0 0 0 0 0
2704 3 0 0 1 0 0 0 0 0
2736 3 1 1 1 0 0 0 0 0
fn=handle_preload_list
168 3 0 0 1 0 0 0 0 0
770 1 0 0 0 0 0 1 0 0
774 1 0 0 0 0 0 1 0 0
775 1 0 0 0 0 0 1 0 0
776 1 0 0 0 0 0 1 0 0
778 1 0 0 1 0 0 0 0 0
780 6 1 1 0 0 0 1 0 0
781 3 0 0 1 0 0 0 0 0
789 4 0 0 1 0 0 0 0 0
858 10 1 1 1 1 1 6 0 0
859 1 1 1 0 0 0 0 0 0
863 7 0 0 2 0 0 0 0 0
866 4 0 0 0 0 0 1 1 1
867 3 0 0 0 0 0 0 0 0
869 6 1 1 0 0 0 1 0 0
870 2 0 0 0 0 0 1 0 0
876 1 1 1 0 0 0 0 0 0
878 2 0 0 1 0 0 0 0 0
880 2 0 0 1 0 0 0 0 0
884 9 0 0 7 0 0 0 0 0
fn=init_tls
699 1 1 1 0 0 0 1 0 0
701 2 1 1 1 0 0 1 0 0
705 2 0 0 1 0 0 0 0 0
711 2 0 0 0 0 0 1 0 0
714 1 0 0 0 0 0 1 0 0
715 3 0 0 0 0 0 1 0 0
716 1 0 0 0 0 0 0 0 0
720 1 0 0 0 0 0 0 0 0
722 1 1 1 0 0 0 1 0 0
726 2 0 0 1 1 1 0 0 0
727 2 0 0 0 0 0 0 0 0
728 18 0 0 1 0 0 0 0 0
729 11 2 2 7 0 0 0 0 0
730 21 0 0 7 2 0 0 0 0
734 4 0 0 0 0 0 2 1 1
736 2 0 0 0 0 0 0 0 0
738 2 0 0 0 0 0 0 0 0
741 1 0 0 0 0 0 1 0 0
748 2 0 0 0 0 0 1 0 0
749 2 0 0 0 0 0 0 0 0
755 2 0 0 1 0 0 1 0 0
758 7 0 0 0 0 0 2 0 0
761 1 0 0 0 0 0 1 0 0
764 3 0 0 2 0 0 0 0 0
fn=map_doit
606 3 1 1 0 0 0 1 0 0
608 4 0 0 1 0 0 0 0 0
609 6 0 0 2 0 0 2 1 1
611 2 0 0 2 0 0 0 0 0
fn=rtld_lock_default_lock_recursive
801 129 1 1 0 0 0 0 0 0
802 129 0 0 129 4 2 0 0 0
803 129 0 0 129 0 0 0 0 0
fn=rtld_lock_default_unlock_recursive
807 129 0 0 0 0 0 0 0 0
808 129 0 0 129 1 0 0 0 0
809 129 0 0 129 0 0 0 0 0
fn=version_check_doit
639 3 1 1 0 0 0 1 0 0
641 6 0 0 2 0 0 1 0 0
645 2 0 0 2 0 0 0 0 0
fl=/build/glibc-B3wQXB/glibc-2.31/iconv/gconv_simple.c
fn=__gconv_btwoc_ascii
50 128 1 1 0 0 0 0 0 0
52 512 1 1 0 0 0 0 0 0
55 128 0 0 128 0 0 0 0 0
fl=/build/glibc-B3wQXB/glibc-2.31/io/../sysdeps/unix/sysv/linux/access.c
fn=access
25 1 1 1 0 0 0 0 0 0
27 7 0 0 0 0 0 1 0 0
31 1 0 0 1 0 0 0 0 0
fl=/build/glibc-B3wQXB/glibc-2.31/io/../sysdeps/unix/sysv/linux/close_nocancel.c
fn=__GI___close_nocancel
25 6 1 1 0 0 0 0 0 0
26 24 0 0 0 0 0 0 0 0
27 6 0 0 6 0 0 0 0 0
fn=__close_nocancel
25 29 1 1 0 0 0 0 0 0
26 116 0 0 0 0 0 0 0 0
27 29 0 0 29 0 0 0 0 0
fl=/build/glibc-B3wQXB/glibc-2.31/io/../sysdeps/unix/sysv/linux/getcwd.c
fn=getcwd
47 13 1 1 1 0 0 7 0 0
53 2 1 1 0 0 0 0 0 0
55 2 0 0 0 0 0 0 0 0
61 5 0 0 0 0 0 1 0 0
66 4 0 0 0 0 0 2 0 0
67 3 0 0 1 0 0 0 0 0
78 5 1 1 0 0 0 0 0 0
79 6 0 0 1 1 1 0 0 0
82 2 1 1 0 0 0 0 0 0
84 4 1 1 0 0 0 1 0 0
86 3 0 0 0 0 0 0 0 0
129 12 2 2 9 0 0 0 0 0
fl=/build/glibc-B3wQXB/glibc-2.31/io/../sysdeps/unix/sysv/linux/open64.c
fn=open
37 10 1 1 1 0 0 4 0 0
40 7 0 0 0 0 0 0 0 0
48 10 1 1 1 0 0 0 0 0
50 7 1 1 5 0 0 0 0 0
fl=/build/glibc-B3wQXB/glibc-2.31/io/../sysdeps/unix/sysv/linux/open64_nocancel.c
fn=__open_nocancel
34 292 3 3 28 0 0 73 2 2
37 315 1 1 0 0 0 0 0 0
45 348 1 1 0 0 0 11 0 0
47 157 0 0 101 0 0 0 0 0
fl=/build/glibc-B3wQXB/glibc-2.31/io/../sysdeps/unix/sysv/linux/pread64_nocancel.c
fn=__pread64_nocancel
29 12 1 1 0 0 0 0 0 0
30 24 0 0 0 0 0 0 0 0
31 6 0 0 6 0 0 0 0 0
fl=/build/glibc-B3wQXB/glibc-2.31/io/../sysdeps/unix/sysv/linux/read.c
fn=read
25 33 1 1 0 0 0 0 0 0
26 198 0 0 33 0 0 0 0 0
27 33 0 0 33 0 0 0 0 0
fl=/build/glibc-B3wQXB/glibc-2.31/io/../sysdeps/unix/sysv/linux/read_nocancel.c
fn=__read_nocancel
25 5 1 1 0 0 0 0 0 0
26 20 0 0 0 0 0 0 0 0
27 5 0 0 5 0 0 0 0 0
fl=/build/glibc-B3wQXB/glibc-2.31/io/../sysdeps/unix/sysv/linux/wordsize-64/fxstat.c
fn=_fxstat
33 140 2 2 0 0 0 0 0 0
34 70 0 0 0 0 0 0 0 0
35 140 2 2 0 0 0 0 0 0
39 35 0 0 35 0 0 0 0 0
fl=/build/glibc-B3wQXB/glibc-2.31/io/../sysdeps/unix/sysv/linux/wordsize-64/xstat.c
fn=_xstat
33 40 2 2 0 0 0 0 0 0
34 20 0 0 0 0 0 0 0 0
35 68 0 0 7 0 0 7 0 0
39 3 0 0 3 0 0 0 0 0
fl=/build/glibc-B3wQXB/glibc-2.31/io/../sysdeps/unix/sysv/linux/write.c
fn=write
25 6 1 1 0 0 0 0 0 0
26 42 0 0 6 0 0 0 0 0
27 6 0 0 6 0 0 0 0 0
fl=/build/glibc-B3wQXB/glibc-2.31/libio/../include/sys/sysmacros.h
fn=_IO_file_doallocate
47 6 1 1 0 0 0 0 0 0
fl=/build/glibc-B3wQXB/glibc-2.31/libio/../sysdeps/unix/sysv/linux/x86/lowlevellock.h
fn=_IO_link_in
47 4 0 0 2 0 0 0 0 0
fn=__GI__IO_un_link.part.0
47 4 1 1 2 0 0 0 0 0
fn=fclose@@GLIBC_2.2.5
47 2 0 0 1 0 0 0 0 0
fn=fflush
47 6 0 0 3 0 0 0 0 0
fn=fwrite
47 30 0 0 15 0 0 0 0 0
fl=/build/glibc-B3wQXB/glibc-2.31/libio/filedoalloc.c
fn=_IO_file_doallocate
78 9 2 2 1 0 0 4 0 0
84 9 0 0 3 0 0 1 0 0
86 4 0 0 1 0 0 0 0 0
89 2 0 0 0 0 0 0 0 0
91 2 1 1 1 0 0 0 0 0
94 2 0 0 1 0 0 0 0 0
97 4 0 0 1 0 0 0 0 0
101 3 1 1 0 0 0 1 0 0
102 2 0 0 0 0 0 0 0 0
104 4 0 0 0 0 0 1 0 0
105 1 0 0 0 0 0 0 0 0
106 8 0 0 6 0 0 0 0 0
fl=/build/glibc-B3wQXB/glibc-2.31/libio/fileno.c
fn=fileno
32 33 1 1 0 0 0 0 0 0
35 165 0 0 66 62 2 0 0 0
42 33 0 0 33 0 0 0 0 0
fl=/build/glibc-B3wQXB/glibc-2.31/libio/fileops.c
fn=_IO_do_write@@GLIBC_2.2.5
424 103 2 2 6 0 0 36 0 0
426 45 0 0 0 0 0 0 0 0
427 49 0 0 43 0 0 0 0 0
434 12 0 0 6 0 0 0 0 0
441 24 0 0 12 0 0 0 0 0
449 30 0 0 6 0 0 6 0 0
450 30 0 0 6 0 0 0 0 0
452 24 0 0 6 0 0 18 0 0
453 12 1 1 0 0 0 12 0 0
454 6 0 0 0 0 0 6 0 0
455 12 1 1 6 0 0 0 0 0
456 18 0 0 6 0 0 0 0 0
fn=_IO_file_close
1165 1 1 1 0 0 0 0 0 0
1168 2 0 0 1 0 0 0 0 0
fn=_IO_file_close_it@@GLIBC_2.2.5
129 4 1 1 0 0 0 3 0 0
131 3 1 1 1 0 0 0 0 0
134 2 0 0 0 0 0 0 0 0
135 3 0 0 1 0 0 0 0 0
138 1 0 0 0 0 0 0 0 0
140 2 0 0 0 0 0 1 0 0
143 7 0 0 3 2 2 1 0 0
146 3 0 0 1 0 0 0 0 0
154 5 1 1 0 0 0 1 0 0
155 4 1 1 0 0 0 3 0 0
158 2 0 0 0 0 0 1 0 0
159 1 0 0 0 0 0 1 0 0
160 1 0 0 0 0 0 1 0 0
161 1 0 0 0 0 0 1 0 0
163 2 0 0 0 0 0 0 0 0
164 5 0 0 4 0 0 0 0 0
fn=_IO_file_finish@@GLIBC_2.2.5
169 5 1 1 0 0 0 2 0 0
170 2 0 0 1 0 0 0 0 0
176 3 0 0 0 0 0 0 0 0
177 3 1 1 2 0 0 0 0 0
fn=_IO_file_fopen@@GLIBC_2.2.5
214 11 2 2 1 0 0 7 0 0
215 2 0 0 0 0 0 0 0 0
223 2 0 0 1 0 0 0 0 0
225 6 0 0 1 1 1 0 0 0
228 1 0 0 0 0 0 0 0 0
229 1 1 1 0 0 0 0 0 0
248 8 2 2 1 0 0 0 0 0
281 5 1 1 0 0 0 1 0 0
284 2 0 0 0 0 0 0 0 0
287 4 0 0 0 0 0 1 0 0
288 2 1 1 0 0 0 0 0 0
357 12 1 1 9 0 0 0 0 0
fn=_IO_file_open
183 9 2 2 0 0 0 3 0 0
185 2 0 0 1 0 0 0 0 0
186 1 0 0 0 0 0 0 0 0
189 2 0 0 0 0 0 1 0 0
190 2 0 0 0 0 0 0 0 0
192 1 0 0 0 0 0 1 0 0
193 6 0 0 1 0 0 1 0 0
196 3 1 1 0 0 0 0 0 0
206 2 1 1 0 0 0 1 0 0
207 1 0 0 0 0 0 0 0 0
208 4 0 0 4 0 0 0 0 0
fn=_IO_file_overflow@@GLIBC_2.2.5
732 240 1 1 0 0 0 144 0 0
733 192 0 0 48 0 0 0 0 0
740 285 0 0 95 0 0 0 0 0
743 2 1 1 0 0 0 0 0 0
745 2 1 1 0 0 0 1 0 0
746 6 1 1 2 0 0 3 0 0
755 2 1 1 0 0 0 0 0 0
764 4 0 0 2 0 0 0 0 0
769 9 1 1 0 0 0 3 0 0
771 3 0 0 0 0 0 1 0 0
772 5 0 0 1 0 0 0 0 0
773 1 0 0 0 0 0 1 0 0
775 96 0 0 0 0 0 0 0 0
776 8 0 0 0 0 0 0 0 0
777 4 0 0 0 0 0 0 0 0
778 88 0 0 44 0 0 0 0 0
781 132 0 0 0 0 0 88 1 1
782 132 0 0 44 0 0 0 0 0
783 176 0 0 0 0 0 0 0 0
784 12 0 0 0 0 0 3 0 0
785 9 1 1 6 0 0 0 0 0
787 44 0 0 0 0 0 0 0 0
788 188 0 0 188 0 0 0 0 0
fn=_IO_file_stat
1147 2 1 1 0 0 0 0 0 0
1148 3 0 0 1 0 0 0 0 0
fn=_IO_file_sync@@GLIBC_2.2.5
793 15 1 1 0 0 0 6 0 0
798 12 0 0 6 0 0 0 0 0
800 3 1 1 3 0 0 0 0 0
801 6 0 0 3 0 0 0 0 0
812 6 1 1 0 0 0 3 0 0
816 12 0 0 9 0 0 0 0 0
fn=_IO_file_write@@GLIBC_2.2.5
1174 42 0 0 0 0 0 24 0 0
1176 48 1 1 0 0 0 0 0 0
1178 6 0 0 6 0 0 0 0 0
1180 12 0 0 0 0 0 0 0 0
1181 18 0 0 6 0 0 6 0 0
1182 12 0 0 0 0 0 0 0 0
1187 6 0 0 0 0 0 0 0 0
1188 6 0 0 0 0 0 0 0 0
1191 18 0 0 6 0 0 0 0 0
1194 54 1 1 30 0 0 0 0 0
fn=_IO_file_xsputn@@GLIBC_2.2.5
1198 120 1 1 0 0 0 90 0 0
1204 90 0 0 15 2 1 0 0 0
1205 15 0 0 0 0 0 0 0 0
1211 60 1 1 15 0 0 0 0 0
1213 28 0 0 14 0 0 0 0 0
1214 28 0 0 0 0 0 0 0 0
1217 384 0 0 0 0 0 0 0 0
1219 489 0 0 163 3 3 0 0 0
1221 3 1 1 0 0 0 0 0 0
1228 3 0 0 1 0 0 0 0 0
1232 10 1 1 0 0 0 0 0 0
1234 14 0 0 0 0 0 0 0 0
1236 42 0 0 0 0 0 28 0 0
1237 14 0 0 0 0 0 0 0 0
1238 56 0 0 0 0 0 0 0 0
1240 50 0 0 0 0 0 0 0 0
1244 24 0 0 8 1 0 4 0 0
1250 8 2 1 8 0 0 0 0 0
1251 28 0 0 0 0 0 0 0 0
1253 8 0 0 0 0 0 0 0 0
1264 12 0 0 0 0 0 0 0 0
1265 7 1 1 0 0 0 1 0 0
1268 135 1 1 105 0 0 0 0 0
fn=_IO_new_file_init_internal
107 3 1 1 0 0 0 1 0 0
111 1 1 1 0 0 0 1 0 0
112 1 0 0 1 0 0 0 0 0
114 1 0 0 0 0 0 1 0 0
115 1 0 0 0 0 0 1 0 0
116 2 0 0 2 0 0 0 0 0
fl=/build/glibc-B3wQXB/glibc-2.31/libio/genops.c
fn=_IO_default_finish
54 2 1 1 1 0 0 0 0 0
601 3 1 1 0 0 0 1 0 0
603 3 0 0 1 0 0 0 0 0
609 3 0 0 1 0 0 0 0 0
612 3 0 0 1 0 0 0 0 0
624 2 0 0 2 0 0 0 0 0
fn=_IO_default_xsputn
371 12 2 2 0 0 0 6 0 0
374 2 0 0 0 0 0 0 0 0
379 209 1 1 84 0 0 0 0 0
393 1 0 0 0 0 0 0 0 0
399 371 0 0 123 1 1 41 0 0
401 41 0 0 0 0 0 0 0 0
404 8 1 1 7 0 0 0 0 0
fn=_IO_doallocbuf
343 4 1 1 0 0 0 3 0 0
344 2 0 0 1 0 0 0 0 0
346 4 0 0 1 0 0 0 0 0
347 5 0 0 2 1 0 1 0 0
350 4 1 1 4 0 0 0 0 0
fn=_IO_link_in
87 16 1 1 2 0 0 8 0 0
88 6 1 1 2 0 0 0 0 0
90 3 0 0 0 0 0 1 0 0
92 6 0 0 1 1 0 2 0 0
93 10 1 1 4 0 0 2 0 0
94 1 0 0 0 0 0 1 0 0
95 14 2 2 8 0 0 1 0 0
97 2 0 0 1 1 0 1 0 0
98 1 0 0 0 0 0 1 0 0
100 14 1 1 5 0 0 2 0 0
101 1 0 0 0 0 0 1 0 0
102 8 1 1 2 0 0 2 0 0
103 2 0 0 0 0 0 0 0 0
106 16 1 1 12 0 0 0 0 0
fn=_IO_no_init
563 10 1 1 0 0 0 4 0 0
564 1 0 0 0 0 0 1 0 0
565 1 1 1 0 0 0 1 1 1
566 2 0 0 0 0 0 0 0 0
568 1 0 0 0 0 0 1 0 0
572 6 0 0 0 0 0 5 0 0
579 1 0 0 0 0 0 1 1 1
581 1 0 0 0 0 0 1 0 0
587 1 1 1 0 0 0 1 0 0
588 6 0 0 5 0 0 0 0 0
fn=_IO_old_init
531 1 1 1 0 0 0 0 0 0
532 2 0 0 0 0 0 1 0 0
533 1 1 1 0 0 0 1 0 0
534 3 0 0 1 1 1 0 0 0
539 7 0 0 0 0 0 6 1 1
544 1 0 0 0 0 0 1 0 0
550 2 0 0 0 0 0 1 0 0
555 3 0 0 1 0 0 0 0 0
556 2 0 0 0 0 0 2 1 1
558 1 0 0 1 0 0 0 0 0
fn=_IO_setb
329 16 1 1 0 0 0 8 0 0
330 8 1 1 4 0 0 0 0 0
332 6 0 0 4 0 0 2 0 0
334 2 0 0 0 0 0 2 0 0
335 10 0 0 0 0 0 0 0 0
338 8 0 0 6 0 0 0 0 0
fn=_IO_un_link
53 2 0 0 0 0 0 0 0 0
54 5 0 0 2 0 0 0 0 0
82 1 0 0 1 0 0 0 0 0
fn=_IO_unsave_markers
960 3 1 1 0 0 0 1 0 0
962 2 0 0 1 0 0 0 0 0
967 3 1 1 1 1 1 0 0 0
969 2 0 0 2 0 0 0 0 0
fn=__GI__IO_un_link.part.0
52 8 1 1 1 0 0 4 0 0
58 7 2 2 1 1 0 2 0 0
59 10 1 1 4 1 1 2 0 0
60 1 0 0 0 0 0 1 1 1
61 16 2 2 8 1 1 1 0 0
63 4 0 0 1 1 1 0 0 0
65 3 0 0 1 0 0 0 0 0
66 1 0 0 0 0 0 1 0 0
74 2 0 0 0 0 0 1 0 0
76 14 1 1 6 0 0 2 0 0
77 1 0 0 0 0 0 1 0 0
78 8 1 1 2 0 0 2 0 0
79 2 0 0 0 0 0 0 0 0
82 8 0 0 6 0 0 0 0 0
fn=__overflow
199 9 1 1 0 0 0 3 0 0
201 9 0 0 3 0 0 0 0 0
203 9 1 1 6 0 0 0 0 0
204 6 0 0 3 0 0 0 0 0
fl=/build/glibc-B3wQXB/glibc-2.31/libio/iofclose.c
fn=fclose@@GLIBC_2.2.5
34 5 1 1 0 0 0 3 0 0
48 3 0 0 1 0 0 0 0 0
49 1 1 1 0 0 0 1 0 0
51 14 1 1 8 0 0 1 0 0
52 4 0 0 0 0 0 0 0 0
53 6 1 1 1 0 0 1 0 0
57 4 1 1 2 1 1 1 0 0
58 3 0 0 1 0 0 0 0 0
71 2 0 0 1 0 0 0 0 0
76 5 0 0 4 0 0 0 0 0
fl=/build/glibc-B3wQXB/glibc-2.31/libio/iofflush.c
fn=fflush
32 15 1 1 0 0 0 6 0 0
33 6 0 0 0 0 0 0 0 0
39 39 1 1 21 0 0 3 0 0
40 21 1 1 6 0 0 3 0 0
44 15 0 0 9 0 0 0 0 0
fl=/build/glibc-B3wQXB/glibc-2.31/libio/iofopen.c
fn=fopen@@GLIBC_2.2.5
37 2 0 0 1 0 0 0 0 0
65 2 0 0 0 0 0 1 0 0
67 3 0 0 0 0 0 0 0 0
70 2 1 1 0 0 0 1 1 1
72 7 0 0 0 0 0 1 0 0
73 2 0 0 0 0 0 1 0 0
74 2 0 0 0 0 0 1 0 0
75 7 1 1 0 0 0 1 0 0
85 8 1 1 0 0 0 4 0 0
87 7 1 1 5 0 0 0 0 0
fl=/build/glibc-B3wQXB/glibc-2.31/libio/iofwrite.c
fn=fwrite
31 120 1 1 0 0 0 90 0 0
32 30 0 0 0 0 0 0 0 0
35 45 0 0 0 0 0 0 0 0
37 240 1 1 105 3 1 15 0 0
38 74 1 1 15 1 0 1 0 0
39 105 1 1 30 1 0 15 0 0
45 30 1 1 0 0 0 0 0 0
46 15 0 0 0 0 0 0 0 0
49 135 0 0 105 0 0 0 0 0
fl=/build/glibc-B3wQXB/glibc-2.31/libio/libioP.h
fn=_IO_default_xsputn
941 3 0 0 0 0 0 0 0 0
943 82 0 0 0 0 0 0 0 0
944 82 0 0 0 0 0 0 0 0
fn=_IO_do_write@@GLIBC_2.2.5
944 12 2 2 0 0 0 0 0 0
fn=_IO_doallocbuf
941 3 0 0 0 0 0 0 0 0
943 2 1 1 0 0 0 0 0 0
944 2 0 0 0 0 0 0 0 0
fn=_IO_file_close_it@@GLIBC_2.2.5
941 3 1 1 0 0 0 0 0 0
943 2 0 0 0 0 0 0 0 0
944 2 0 0 0 0 0 0 0 0
fn=_IO_file_doallocate
941 3 0 0 0 0 0 0 0 0
943 2 0 0 0 0 0 0 0 0
944 2 1 1 0 0 0 0 0 0
fn=_IO_file_xsputn@@GLIBC_2.2.5
941 12 0 0 0 0 0 0 0 0
943 8 0 0 0 0 0 0 0 0
944 8 0 0 0 0 0 0 0 0
947 6 1 1 0 0 0 0 0 0
fn=__overflow
941 9 0 0 0 0 0 0 0 0
943 6 0 0 0 0 0 0 0 0
944 6 0 0 0 0 0 0 0 0
fn=fclose@@GLIBC_2.2.5
856 4 1 1 2 2 2 0 0 0
857 4 0 0 1 0 0 0 0 0
863 2 0 0 0 0 0 1 0 0
884 2 1 1 0 0 0 0 0 0
885 9 0 0 4 0 0 1 0 0
941 3 0 0 0 0 0 0 0 0
943 2 0 0 0 0 0 0 0 0
944 2 0 0 0 0 0 0 0 0
fn=fflush
884 6 0 0 3 0 0 0 0 0
885 30 1 1 12 0 0 6 0 0
941 9 0 0 0 0 0 0 0 0
943 6 0 0 0 0 0 0 0 0
944 6 0 0 0 0 0 0 0 0
fn=fwrite
884 45 0 0 15 0 0 0 0 0
885 120 0 0 60 0 0 15 0 0
941 45 0 0 0 0 0 0 0 0
943 30 0 0 0 0 0 0 0 0
944 30 0 0 0 0 0 0 0 0
fl=/build/glibc-B3wQXB/glibc-2.31/libio/putc.c
fn=putc
25 18 1 1 0 0 0 9 0 0
28 6 0 0 3 0 0 0 0 0
29 21 1 1 6 0 0 0 0 0
34 9 1 1 9 0 0 0 0 0
fl=/build/glibc-B3wQXB/glibc-2.31/libio/vtables.c
fn=check_stdfiles_vtables
83 1 1 1 0 0 0 0 0 0
84 4 0 0 2 1 0 0 0 0
85 3 1 1 2 1 0 0 0 0
86 3 0 0 2 1 0 0 0 0
88 1 0 0 1 0 0 0 0 0
fl=/build/glibc-B3wQXB/glibc-2.31/locale/newlocale.c
fn=newlocale
44 14 1 1 1 0 0 7 0 0
56 2 0 0 0 0 0 0 0 0
57 2 1 1 0 0 0 0 0 0
64 2 1 1 0 0 0 0 0 0
67 3 0 0 0 0 0 0 0 0
73 2 0 0 0 0 0 0 0 0
74 6 0 0 2 0 0 0 0 0
76 1 1 1 0 0 0 0 0 0
278 12 0 0 9 0 0 0 0 0
fl=/build/glibc-B3wQXB/glibc-2.31/locale/uselocale.c
fn=uselocale
30 2 1 1 0 0 0 0 0 0
31 6 0 0 4 1 0 0 0 0
33 4 0 0 0 0 0 0 0 0
36 4 1 1 0 0 0 0 0 0
37 2 0 0 0 0 0 2 0 0
65 6 0 0 4 2 0 2 0 0
66 6 0 0 4 1 0 2 0 0
68 6 0 0 4 0 0 2 0 0
72 6 1 1 0 0 0 0 0 0
73 2 0 0 2 0 0 0 0 0
fl=/build/glibc-B3wQXB/glibc-2.31/malloc/../sysdeps/unix/sysv/linux/x86/lowlevellock.h
fn=tcache_init.part.0
47 2 0 0 1 0 0 0 0 0
fl=/build/glibc-B3wQXB/glibc-2.31/malloc/arena.c
fn=malloc_hook_ini
291 5 0 0 2 2 1 1 0 0
fn=ptmalloc_init.part.0
289 5 1 1 1 0 0 2 0 0
294 1 0 0 0 0 0 1 0 0
302 2 0 0 1 0 0 0 0 0
303 7 1 1 0 0 0 1 0 0
304 4 1 1 2 0 0 0 0 0
308 4 1 1 1 1 0 1 1 0
313 5 0 0 0 0 0 1 0 0
314 4 1 1 0 0 0 1 0 0
315 4 0 0 0 0 0 1 0 0
316 4 0 0 0 0 0 1 0 0
317 4 1 1 0 0 0 1 0 0
318 4 0 0 0 0 0 1 0 0
319 4 0 0 0 0 0 1 0 0
320 4 1 1 0 0 0 1 0 0
322 4 0 0 0 0 0 1 0 0
323 4 0 0 0 0 0 1 0 0
324 4 1 1 0 0 0 1 0 0
327 4 0 0 0 0 0 1 0 0
396 2 0 0 2 2 1 0 0 0
397 2 0 0 0 0 0 0 0 0
400 1 0 0 0 0 0 1 1 0
401 6 0 0 4 0 0 0 0 0
fn=realloc_hook_ini
291 3 0 0 1 1 0 0 0 0
fn=sysmalloc
536 1191 2 1 0 0 0 397 0 0
fl=/build/glibc-B3wQXB/glibc-2.31/malloc/hooks.c
fn=malloc_hook_ini
29 5 1 1 0 0 0 3 0 0
30 2 0 0 1 0 0 1 0 0
33 5 0 0 4 1 0 0 0 0
fn=realloc_hook_ini
37 10 2 2 0 0 0 6 0 0
38 2 0 0 1 0 0 1 0 0
39 2 0 0 1 0 0 1 0 0
42 10 1 1 7 0 0 0 0 0
fl=/build/glibc-B3wQXB/glibc-2.31/malloc/malloc.c
fn=_int_free
1875 1128 0 0 376 0 0 0 0 0
2924 36078 1 1 0 0 0 18039 0 0
2926 36078 0 0 18039 5 1 18039 0 0
2927 18039 0 0 0 0 0 18039 0 0
2928 36078 0 0 0 0 0 18039 0 0
4155 202565 1 1 18415 1 0 128905 1 0
4165 55245 0 0 18415 0 0 0 0 0
4171 92075 0 0 0 0 0 0 0 0
4172 36830 1 1 0 0 0 0 0 0
4176 73660 0 0 0 0 0 0 0 0
4183 36830 0 0 0 0 0 0 0 0
4184 128905 0 0 55245 1 0 0 0 0
4187 18039 0 0 0 0 0 0 0 0
4193 36078 0 0 18039 0 0 0 0 0
4206 90195 0 0 36078 1 1 0 0 0
4209 18039 0 0 0 0 0 0 0 0
4220 752 1 1 376 2 0 0 0 0
4295 752 1 1 376 0 0 0 0 0
4298 376 0 0 376 0 0 0 0 0
4301 1128 1 1 0 0 0 376 345 0
4304 376 0 0 0 0 0 0 0 0
4308 1128 0 0 376 2 0 0 0 0
4311 810 0 0 376 2 0 0 0 0
4313 87 1 1 29 0 0 0 0 0
4316 1128 0 0 376 1 1 0 0 0
4319 752 0 0 0 0 0 0 0 0
4320 752 1 1 0 0 0 0 0 0
4321 752 0 0 376 2 0 0 0 0
4327 752 0 0 376 0 0 0 0 0
4336 752 1 1 376 0 0 0 0 0
4341 744 0 0 372 2 2 0 0 0
4342 2 1 1 0 0 0 1 0 0
4343 2 0 0 0 0 0 0 0 0
4345 371 0 0 371 0 0 0 0 0
4353 372 0 0 0 0 0 0 0 0
4354 372 0 0 372 0 0 0 0 0
4355 744 0 0 372 1 0 0 0 0
4357 1488 0 0 0 0 0 372 2 1
4359 744 0 0 0 0 0 0 0 0
4361 1116 1 1 0 0 0 372 344 344
4364 372 0 0 0 0 0 372 0 0
4365 372 0 0 0 0 0 372 0 0
4367 1116 0 0 0 0 0 372 0 0
4368 372 0 0 0 0 0 372 0 0
4379 4 1 1 0 0 0 0 0 0
4380 12 0 0 0 0 0 4 0 0
4381 8 0 0 0 0 0 4 0 0
4398 752 1 1 0 0 0 0 0 0
4399 9 1 1 3 0 0 0 0 0
4402 9 1 1 0 0 0 0 0 0
4404 15 2 2 9 0 0 0 0 0
4406 9 0 0 3 0 0 3 0 0
4418 1128 1 1 376 0 0 0 0 0
4428 202565 1 1 165735 0 0 0 0 0
fn=_int_malloc
1208 13546 1 1 0 0 0 0 0 0
1210 33865 1 1 0 0 0 0 0 0
1637 13546 0 0 0 0 0 0 0 0
1868 20319 3 2 6773 0 0 0 0 0
3513 60957 1 1 0 0 0 40638 6694 0
3553 13546 0 0 0 0 0 0 0 0
3577 13546 1 1 6773 6696 0 0 0 0
3582 44 1 1 22 0 0 0 0 0
3584 44 0 0 0 0 0 0 0 0
3589 129 1 1 0 0 0 0 0 0
3635 13502 0 0 0 0 0 0 0 0
3637 129 0 0 0 0 0 43 0 0
3638 86 1 1 0 0 0 0 0 0
3640 602 1 1 43 8 0 387 0 0
3697 282552 3 3 0 0 0 87455 13386 0
3698 20190 0 0 6730 6695 0 0 0 0
3716 33862 0 0 6772 0 0 13545 3 0
3717 20319 0 0 0 0 0 0 0 0
3718 20319 0 0 13546 0 0 0 0 0
3722 13546 1 1 0 0 0 6773 0 0
3727 378 0 0 0 0 0 0 0 0
3728 21393 0 0 7131 6696 0 0 0 0
3730 384 1 1 384 2 0 0 0 0
3731 768 0 0 384 346 0 0 0 0
3732 384 0 0 0 0 0 0 0 0
3734 768 1 1 0 0 0 0 0 0
3735 1152 0 0 384 346 0 0 0 0
3737 384 0 0 384 347 0 0 0 0
3738 1536 0 0 0 0 0 0 0 0
3740 1536 0 0 384 0 0 0 0 0
3742 768 0 0 384 0 0 0 0 0
3743 768 0 0 384 0 0 0 0 0
3745 768 0 0 0 0 0 0 0 0
3756 788 0 0 0 0 0 0 0 0
3757 16 1 1 8 0 0 0 0 0
3758 10 0 0 5 0 0 0 0 0
3759 2268 0 0 0 0 0 1134 0 0
3762 5 0 0 0 0 0 0 0 0
3763 30 1 1 0 0 0 0 0 0
3764 10 0 0 5 0 0 5 0 0
3765 5 0 0 0 0 0 5 0 0
3766 15 0 0 0 0 0 5 4 4
3767 10 0 0 0 0 0 0 0 0
3769 10 0 0 0 0 0 5 1 1
3773 40 1 1 0 0 0 5 0 0
3775 15 0 0 0 0 0 5 1 1
3776 5 0 0 0 0 0 5 0 0
3779 5 0 0 0 0 0 0 0 0
3787 379 0 0 0 0 0 379 0 0
3788 379 0 0 0 0 0 379 0 0
3792 758 1 1 0 0 0 0 0 0
3794 42 1 1 0 0 0 21 0 0
3795 20382 0 0 0 0 0 13546 0 0
3800 63 0 0 21 0 0 0 0 0
3801 1554 2 2 777 0 0 378 0 0
3821 716 0 0 0 0 0 0 0 0
3829 5370 1 1 0 0 0 0 0 0
3830 1432 1 1 0 0 0 0 0 0
3831 358 0 0 358 347 0 0 0 0
3834 716 0 0 0 0 0 0 0 0
3837 696 0 0 0 0 0 348 0 0
3839 1392 0 0 696 345 0 0 0 0
3840 696 0 0 348 0 0 0 0 0
3846 1 0 0 0 0 0 1 0 0
3847 2 0 0 1 1 1 1 0 0
3848 3 0 0 0 0 0 2 0 0
3852 1735 1 1 694 342 0 0 0 0
3853 694 0 0 0 0 0 0 0 0
3859 347 0 0 0 0 0 0 0 0
3862 692 0 0 346 0 0 0 0 0
3865 1 0 0 0 0 0 1 0 0
3866 2 0 0 1 0 0 1 0 0
3867 3 0 0 2 0 0 0 0 0
3869 1 0 0 0 0 0 1 0 0
3870 3 0 0 1 0 0 1 0 0
3872 347 1 1 347 341 0 0 0 0
3873 694 0 0 347 0 0 0 0 0
3878 50 1 0 0 0 0 10 1 0
3881 2148 0 0 358 346 0 0 0 0
3883 1432 0 0 0 0 0 358 0 0
3884 358 0 0 0 0 0 358 0 0
3885 358 0 0 0 0 0 358 0 0
3890 716 1 1 716 0 0 0 0 0
3891 716 0 0 0 0 0 0 0 0
3892 1134 0 0 378 0 0 378 0 0
3900 1074 0 0 0 0 0 0 0 0
3917 13494 2 2 0 0 0 0 0 0
3919 26836 0 0 6709 0 0 0 0 0
3922 20127 0 0 6709 6700 0 0 0 0
3990 13494 0 0 6747 0 0 0 0 0
3991 13494 0 0 0 0 0 0 0 0
3992 13494 0 0 0 0 0 0 0 0
3993 13494 0 0 6747 6350 0 0 0 0
3994 20241 1 1 0 0 0 0 0 0
3999 13496 0 0 0 0 0 0 0 0
4003 20431 1 1 0 0 0 0 0 0
4006 422 1 1 111 0 0 0 0 0
4008 24 1 1 0 0 0 0 0 0
4009 12 0 0 0 0 0 0 0 0
4013 288 0 0 0 0 0 0 0 0
4015 137 0 0 0 0 0 0 0 0
4017 274 0 0 0 0 0 0 0 0
4021 7 0 0 7 0 0 0 0 0
4024 14 1 1 0 0 0 0 0 0
4033 21 1 1 14 0 0 0 0 0
4036 14 0 0 0 0 0 0 0 0
4038 14 0 0 0 0 0 0 0 0
4041 28 0 0 0 0 0 21 0 0
4044 28 1 1 14 0 0 0 0 0
4054 7 0 0 0 0 0 0 0 0
4059 7 0 0 7 0 0 0 0 0
4060 14 0 0 7 0 0 0 0 0
4063 28 0 0 0 0 0 7 6 6
4064 7 0 0 0 0 0 7 0 0
4065 7 0 0 0 0 0 7 0 0
4068 14 0 0 0 0 0 0 0 0
4069 6 0 0 0 0 0 6 0 0
4070 14 1 1 0 0 0 0 0 0
4072 14 0 0 0 0 0 7 0 0
4075 56 0 0 0 0 0 7 0 0
4077 21 0 0 0 0 0 7 1 1
4078 7 0 0 0 0 0 7 0 0
4081 7 0 0 0 0 0 0 0 0
4103 6740 1 1 6740 0 0 0 0 0
4104 13480 0 0 6740 2 0 0 0 0
4106 13480 0 0 6740 6351 0 0 0 0
4109 20618 0 0 0 0 0 398 0 0
4111 6342 0 0 0 0 0 0 0 0
4112 12684 0 0 6342 0 0 0 0 0
4113 6342 0 0 0 0 0 6342 0 0
4114 50736 1 1 0 0 0 6342 0 0
4116 12684 0 0 0 0 0 6342 6339 6339
4119 6342 0 0 0 0 0 0 0 0
4126 1194 0 0 398 0 0 0 0 0
4141 1990 2 1 398 0 0 398 0 0
4142 796 0 0 0 0 0 0 0 0
4147 61109 2 2 47411 0 0 0 0 0
fn=_int_realloc
4540 8 1 1 0 0 0 6 0 0
4551 4 0 0 1 0 0 0 0 0
4552 4 1 1 1 0 0 0 0 0
4558 3 0 0 0 0 0 0 0 0
4560 2 0 0 0 0 0 0 0 0
4561 3 0 0 1 0 0 0 0 0
4563 4 0 0 0 0 0 0 0 0
4566 2 0 0 0 0 0 0 0 0
4629 3 1 1 0 0 0 0 0 0
4631 2 0 0 0 0 0 0 0 0
4638 1 0 0 0 0 0 0 0 0
4639 7 1 1 0 0 0 1 0 0
4640 2 1 1 0 0 0 1 0 0
4643 1 0 0 1 0 0 0 0 0
4644 4 0 0 0 0 0 1 0 0
4648 1 0 0 0 0 0 0 0 0
4649 9 0 0 7 0 0 0 0 0
fn=free
3087 36138 1 1 0 0 0 0 0 0
3092 36138 0 0 36138 3 1 0 0 0
3093 36138 0 0 0 0 0 0 0 0
3099 36138 0 0 0 0 0 0 0 0
3102 18069 0 0 0 0 0 0 0 0
3104 54207 0 0 18069 2 1 0 0 0
3122 54207 1 1 36138 2 0 0 0 0
3124 54207 0 0 0 0 0 0 0 0
3125 36138 0 0 0 0 0 0 0 0
3126 18069 0 0 0 0 0 0 0 0
fn=malloc
1208 49546 1 1 0 0 0 0 0 0
1210 198184 1 1 0 0 0 0 0 0
2936 36004 0 0 18002 1 1 0 0 0
2937 36004 1 1 18002 1 1 18002 0 0
2938 36004 0 0 0 0 0 18002 0 0
2939 18002 0 0 0 0 0 18002 0 0
3023 123870 1 1 0 0 0 74322 0 0
3031 49548 0 0 49548 13393 0 0 0 0
3032 49548 0 0 0 0 0 0 0 0
3033 2 1 1 1 0 0 0 0 0
3044 99092 0 0 49546 13392 0 0 0 0
3047 49546 0 0 24773 6696 0 0 0 0
3048 18045 1 1 0 0 0 0 0 0
3049 54135 0 0 18045 4 1 0 0 0
3051 18002 0 0 0 0 0 0 0 0
3056 20313 1 1 6771 6694 0 0 0 0
3058 27084 0 0 0 0 0 6771 0 0
3059 47395 0 0 6771 0 0 0 0 0
3082 123868 0 0 99095 0 0 0 0 0
fn=malloc_hook_ini
1208 2 0 0 0 0 0 0 0 0
1210 8 1 1 0 0 0 0 0 0
2978 4 1 1 2 1 0 1 0 0
3032 2 1 1 0 0 0 0 0 0
3044 4 0 0 2 0 0 0 0 0
3047 2 0 0 1 0 0 0 0 0
3056 3 1 1 1 0 0 0 0 0
3058 4 0 0 0 0 0 1 0 0
3059 7 0 0 1 0 0 0 0 0
fn=ptmalloc_init.part.0
1795 257 1 1 0 0 0 0 0 0
1798 508 0 0 0 0 0 127 33 32
1806 1 0 0 0 0 0 1 1 1
1807 1 0 0 0 0 0 1 1 1
1809 1 0 0 0 0 0 1 0 0
fn=realloc
3131 10 1 1 0 0 0 6 0 0
3138 2 0 0 2 1 0 0 0 0
3139 2 0 0 0 0 0 0 0 0
3140 2 1 1 1 0 0 0 0 0
3254 7 0 0 6 0 0 0 0 0
fn=realloc_hook_ini
1208 2 0 0 0 0 0 0 0 0
1210 6 0 0 0 0 0 0 0 0
3139 2 1 1 0 0 0 0 0 0
3143 2 1 1 0 0 0 0 0 0
3150 2 0 0 0 0 0 0 0 0
3154 1 0 0 0 0 0 0 0 0
3156 3 1 1 1 0 0 0 0 0
3158 2 0 0 0 0 0 0 0 0
3159 1 0 0 0 0 0 0 0 0
3162 3 0 0 2 0 0 0 0 0
3163 3 0 0 0 0 0 0 0 0
3172 4 0 0 0 0 0 0 0 0
3173 2 1 1 0 0 0 0 0 0
3183 2 0 0 0 0 0 0 0 0
3224 3 0 0 1 0 0 0 0 0
3226 5 1 1 0 0 0 1 0 0
3227 10 0 0 1 0 0 0 0 0
fn=sysmalloc
2255 3184 1 1 0 0 0 2388 395 0
2275 796 0 0 796 790 0 0 0 0
2286 796 0 0 0 0 0 0 0 0
2287 1988 0 0 398 397 1 397 394 0
2288 3 0 0 2 0 0 0 0 0
2302 1592 0 0 0 0 0 794 0 0
2308 2 0 0 0 0 0 0 0 0
2310 7 1 1 0 0 0 1 1 0
2312 2 1 1 0 0 0 0 0 0
2327 3 1 1 0 0 0 0 0 0
2342 1 0 0 0 0 0 1 1 1
2343 3 1 1 0 0 0 1 0 0
2348 3 0 0 2 0 0 0 0 0
2349 5 0 0 2 0 0 0 0 0
2352 3 0 0 2 0 0 0 0 0
2353 5 0 0 2 0 0 0 0 0
2368 397 0 0 397 0 0 0 0 0
2369 1191 0 0 397 0 0 0 0 0
2370 397 0 0 0 0 0 0 0 0
2379 3568 0 0 397 0 0 0 0 0
2385 1191 1 1 0 0 0 0 0 0
2388 1191 0 0 0 0 0 0 0 0
2449 3573 2 2 794 0 0 397 0 0
2460 53 0 0 0 0 0 0 0 0
2468 1191 0 0 0 0 0 0 0 0
2470 2382 0 0 794 396 0 1191 0 0
2471 397 0 0 0 0 0 0 0 0
2474 1588 2 1 794 0 0 0 0 0
2477 104 0 0 104 100 0 0 0 0
2478 104 0 0 0 0 0 0 0 0
2493 690 1 1 345 0 0 0 0 0
2494 6 0 0 1 0 0 0 0 0
2497 1035 1 1 0 0 0 0 0 0
2501 1725 0 0 690 0 0 0 0 0
2503 3450 1 0 0 0 0 1035 0 0
2505 1380 1 1 690 0 0 0 0 0
2509 345 0 0 0 0 0 0 0 0
2517 345 0 0 345 0 0 0 0 0
2522 690 0 0 0 0 0 0 0 0
2524 1743 0 0 794 1 0 0 0 0
2525 2 1 1 0 0 0 1 0 0
2526 397 2 1 0 0 0 397 0 0
2532 206 0 0 0 0 0 0 0 0
2533 255 0 0 51 0 0 51 0 0
2535 4 1 1 1 0 0 0 0 0
2562 345 0 0 0 0 0 0 0 0
2575 3 0 0 0 0 0 0 0 0
2597 2 1 1 0 0 0 0 0 0
2598 6 0 0 1 0 0 0 0 0
2600 2 0 0 0 0 0 0 0 0
2601 2 0 0 2 0 0 1 0 0
2613 2 0 0 0 0 0 0 0 0
2621 2 0 0 2 0 0 0 0 0
2622 9 1 1 2 0 0 1 0 0
2632 690 1 0 0 0 0 0 0 0
2660 346 0 0 0 0 0 346 0 0
2661 1384 1 1 0 0 0 346 346 346
2662 346 0 0 0 0 0 346 0 0
2673 692 0 0 0 0 0 0 0 0
2680 690 0 0 0 0 0 0 0 0
2681 1035 1 1 0 0 0 345 0 0
2689 345 0 0 0 0 0 345 345 345
2691 345 0 0 0 0 0 345 0 0
2695 690 0 0 0 0 0 0 0 0
2697 1725 0 0 0 0 0 345 0 0
2705 794 2 1 397 0 0 0 0 0
2706 397 0 0 0 0 0 397 0 0
2711 794 1 1 397 0 0 0 0 0
2714 794 0 0 0 0 0 0 0 0
2716 1191 0 0 0 0 0 0 0 0
2717 397 0 0 0 0 0 0 0 0
2718 1191 0 0 0 0 0 397 0 0
2719 1191 0 0 0 0 0 397 0 0
2720 794 0 0 0 0 0 397 397 397
2722 397 0 0 0 0 0 0 0 0
2728 3582 2 1 2786 0 0 0 0 0
fn=systrim.isra.0.constprop.0
2741 15 1 1 0 0 0 12 0 0
2751 3 0 0 3 0 0 0 0 0
2752 9 1 1 6 0 0 0 0 0
2754 3 0 0 0 0 0 0 0 0
2755 6 0 0 0 0 0 0 0 0
2756 2 1 1 0 0 0 0 0 0
2759 9 0 0 3 0 0 0 0 0
2761 9 0 0 0 0 0 0 0 0
2768 4 0 0 2 0 0 1 0 0
2769 4 0 0 1 0 0 0 0 0
2781 3 0 0 1 0 0 1 0 0
2783 2 0 0 2 0 0 0 0 0
2784 2 0 0 0 0 0 0 0 0
2786 2 0 0 1 0 0 1 0 0
2788 1 0 0 0 0 0 0 0 0
2790 2 1 1 0 0 0 0 0 0
2794 2 0 0 0 0 0 0 0 0
2797 1 0 0 1 0 0 0 0 0
2798 4 0 0 1 0 0 1 0 0
2800 2 0 0 0 0 0 0 0 0
2805 18 0 0 15 0 0 0 0 0
fn=tcache_init.part.0
2972 1 0 0 0 0 0 1 0 0
2981 7 1 1 3 0 0 0 0 0
2982 4 0 0 0 0 0 1 0 0
2983 2 1 1 0 0 0 0 0 0
2991 4 0 0 2 0 0 0 0 0
2998 2 0 0 0 0 0 0 0 0
3000 2 0 0 1 0 0 1 0 0
3001 88 1 1 0 0 0 81 9 9
3004 2 0 0 2 0 0 0 0 0
fn=unlink_chunk.isra.0
1451 8 1 1 0 0 0 0 0 0
1453 40 0 0 16 0 0 0 0 0
1456 8 0 0 8 0 0 0 0 0
1457 8 1 1 8 0 0 0 0 0
1459 32 0 0 16 2 1 0 0 0
1462 8 0 0 0 0 0 8 0 0
1463 8 0 0 0 0 0 8 0 0
1464 40 0 0 8 0 0 0 0 0
1466 16 0 0 8 0 0 0 0 0
1467 24 0 0 16 0 0 0 0 0
1470 16 0 0 8 0 0 0 0 0
1484 8 1 1 0 0 0 8 0 0
1485 16 0 0 8 0 0 8 0 0
1488 16 0 0 8 0 0 0 0 0
fl=/build/glibc-B3wQXB/glibc-2.31/malloc/morecore.c
fn=__default_morecore
46 802 2 1 0 0 0 0 0 0
47 401 0 0 0 0 0 401 394 0
49 1203 0 0 0 0 0 0 0 0
52 802 0 0 401 0 0 0 0 0
fl=/build/glibc-B3wQXB/glibc-2.31/malloc/scratch_buffer_set_array_size.c
fn=__libc_scratch_buffer_set_array_size
30 25 1 1 0 0 0 15 0 0
31 10 1 1 0 0 0 0 0 0
34 10 0 0 0 0 0 0 0 0
35 10 0 0 0 0 0 0 0 0
45 10 0 0 5 0 0 0 0 0
46 5 0 0 0 0 0 0 0 0
63 20 1 1 20 0 0 0 0 0
fl=/build/glibc-B3wQXB/glibc-2.31/math/../sysdeps/x86_64/fpu/multiarch/e_asin.c
fn=__acos_finite@GLIBC_2.15
35 1 1 1 0 0 0 0 0 0
fn=__asin_finite@GLIBC_2.15
27 2 1 1 1 0 0 0 0 0
fl=/build/glibc-B3wQXB/glibc-2.31/math/../sysdeps/x86_64/fpu/multiarch/e_atan2.c
fn=__atan2_finite@GLIBC_2.15
26 2 2 2 1 0 0 0 0 0
fl=/build/glibc-B3wQXB/glibc-2.31/math/../sysdeps/x86_64/fpu/multiarch/e_exp.c
fn=__exp_finite@GLIBC_2.15
27 2 2 2 1 0 0 0 0 0
fl=/build/glibc-B3wQXB/glibc-2.31/math/../sysdeps/x86_64/fpu/multiarch/e_exp2f.c
fn=exp2f@@GLIBC_2.27
27 2 1 1 1 0 0 0 0 0
fl=/build/glibc-B3wQXB/glibc-2.31/math/../sysdeps/x86_64/fpu/multiarch/e_expf.c
fn=expf@@GLIBC_2.27
27 2 1 1 1 0 0 0 0 0
fl=/build/glibc-B3wQXB/glibc-2.31/math/../sysdeps/x86_64/fpu/multiarch/e_log.c
fn=__log_finite@GLIBC_2.15
27 2 1 1 1 0 0 0 0 0
fl=/build/glibc-B3wQXB/glibc-2.31/math/../sysdeps/x86_64/fpu/multiarch/e_log2f.c
fn=log2f@@GLIBC_2.27
27 2 1 1 1 0 0 0 0 0
fl=/build/glibc-B3wQXB/glibc-2.31/math/../sysdeps/x86_64/fpu/multiarch/e_logf.c
fn=logf@@GLIBC_2.27
27 2 1 1 1 0 0 0 0 0
fl=/build/glibc-B3wQXB/glibc-2.31/math/../sysdeps/x86_64/fpu/multiarch/e_pow.c
fn=__pow_finite@GLIBC_2.15
27 2 2 2 1 0 0 0 0 0
fl=/build/glibc-B3wQXB/glibc-2.31/math/../sysdeps/x86_64/fpu/multiarch/e_powf.c
fn=powf@@GLIBC_2.27
30 3 1 1 2 0 0 0 0 0
fl=/build/glibc-B3wQXB/glibc-2.31/math/../sysdeps/x86_64/fpu/multiarch/ifunc-avx-fma4.h
fn=__atan2_finite@GLIBC_2.15
32 2 0 0 0 0 0 0 0 0
33 5 0 0 2 0 0 0 0 0
fn=__exp_finite@GLIBC_2.15
32 2 0 0 0 0 0 0 0 0
33 5 0 0 2 0 0 0 0 0
fn=__log_finite@GLIBC_2.15
32 2 1 1 0 0 0 0 0 0
33 5 0 0 2 0 0 0 0 0
fn=cos
32 2 0 0 0 0 0 0 0 0
33 5 0 0 2 0 0 0 0 0
fn=sin
32 2 0 0 0 0 0 0 0 0
33 5 1 1 2 0 0 0 0 0
fl=/build/glibc-B3wQXB/glibc-2.31/math/../sysdeps/x86_64/fpu/multiarch/ifunc-fma.h
fn=cosf
29 4 0 0 0 0 0 0 0 0
30 3 0 0 2 0 0 0 0 0
fn=exp2f@@GLIBC_2.27
29 4 0 0 0 0 0 0 0 0
30 3 0 0 2 0 0 0 0 0
fn=expf@@GLIBC_2.27
29 4 0 0 0 0 0 0 0 0
30 3 0 0 2 0 0 0 0 0
fn=log2f@@GLIBC_2.27
29 4 1 1 0 0 0 0 0 0
30 3 0 0 2 0 0 0 0 0
fn=logf@@GLIBC_2.27
29 4 0 0 0 0 0 0 0 0
30 3 0 0 2 0 0 0 0 0
fn=powf@@GLIBC_2.27
29 4 1 1 0 0 0 0 0 0
30 2 0 0 1 0 0 0 0 0
fn=sincosf
29 4 1 1 0 0 0 0 0 0
30 3 0 0 2 0 0 0 0 0
fn=sinf
29 4 1 1 0 0 0 0 0 0
30 3 0 0 2 0 0 0 0 0
fl=/build/glibc-B3wQXB/glibc-2.31/math/../sysdeps/x86_64/fpu/multiarch/ifunc-fma4.h
fn=__acos_finite@GLIBC_2.15
31 2 1 1 0 0 0 0 0 0
32 5 0 0 2 0 0 0 0 0
35 1 0 0 1 0 0 0 0 0
fn=__asin_finite@GLIBC_2.15
31 2 0 0 0 0 0 0 0 0
32 5 0 0 2 0 0 0 0 0
fn=__pow_finite@GLIBC_2.15
31 2 0 0 0 0 0 0 0 0
32 5 0 0 2 0 0 0 0 0
fl=/build/glibc-B3wQXB/glibc-2.31/math/../sysdeps/x86_64/fpu/multiarch/s_cosf.c
fn=cosf
26 2 1 1 1 0 0 0 0 0
fl=/build/glibc-B3wQXB/glibc-2.31/math/../sysdeps/x86_64/fpu/multiarch/s_sin.c
fn=cos
34 2 2 2 1 0 0 0 0 0
fn=sin
27 2 1 1 1 0 0 0 0 0
fl=/build/glibc-B3wQXB/glibc-2.31/math/../sysdeps/x86_64/fpu/multiarch/s_sincosf.c
fn=sincosf
26 2 1 1 1 0 0 0 0 0
fl=/build/glibc-B3wQXB/glibc-2.31/math/../sysdeps/x86_64/fpu/multiarch/s_sinf.c
fn=sinf
26 2 1 1 1 0 0 0 0 0
fl=/build/glibc-B3wQXB/glibc-2.31/misc/../sysdeps/unix/syscall-template.S
fn=mprotect
78 40 1 1 0 0 0 0 0 0
79 8 0 0 8 0 0 0 0 0
fn=munmap
78 5 0 0 0 0 0 0 0 0
79 1 0 0 1 0 0 0 0 0
fl=/build/glibc-B3wQXB/glibc-2.31/misc/../sysdeps/unix/sysv/linux/getpagesize.c
fn=getpagesize
27 1 1 1 0 0 0 0 0 0
28 4 0 0 2 0 0 0 0 0
30 1 0 0 1 0 0 0 0 0
fl=/build/glibc-B3wQXB/glibc-2.31/misc/../sysdeps/unix/sysv/linux/mmap64.c
fn=mmap
48 1860 2 2 0 0 0 744 1 0
51 744 0 0 0 0 0 0 0 0
54 1454 2 2 0 0 0 0 0 0
59 2232 0 0 0 0 0 0 0 0
61 1116 0 0 1116 0 0 0 0 0
fl=/build/glibc-B3wQXB/glibc-2.31/misc/../sysdeps/unix/sysv/linux/x86_64/brk.c
fn=brk
28 399 1 1 0 0 0 0 0 0
31 2394 0 0 399 0 0 399 0 0
33 798 3 1 0 0 0 0 0 0
35 690 0 0 345 0 0 345 345 0
36 690 0 0 345 0 0 0 0 0
39 54 0 0 0 0 0 0 0 0
40 54 0 0 54 0 0 0 0 0
fl=/build/glibc-B3wQXB/glibc-2.31/misc/init-misc.c
fn=__init_misc
30 5 1 1 0 0 0 2 0 0
31 5 0 0 1 0 0 0 0 0
33 3 1 1 0 0 0 1 0 0
37 5 0 0 1 1 0 1 1 0
38 3 0 0 2 0 0 1 0 0
40 4 0 0 3 0 0 0 0 0
fl=/build/glibc-B3wQXB/glibc-2.31/misc/sbrk.c
fn=sbrk
32 2005 1 1 0 0 0 1203 0 0
40 2804 0 0 1202 792 0 0 0 0
41 6 1 1 1 0 0 1 0 0
44 802 0 0 0 0 0 0 0 0
48 2387 0 0 0 0 0 0 0 0
50 2 0 0 0 0 0 0 0 0
53 345 0 0 0 0 0 0 0 0
56 1592 2 1 0 0 0 398 0 0
60 2005 0 0 1604 0 0 0 0 0
fl=/build/glibc-B3wQXB/glibc-2.31/posix/../sysdeps/unix/syscall-template.S
fn=uname
78 5 1 1 0 0 0 0 0 0
79 1 0 0 1 0 0 0 0 0
fl=/build/glibc-B3wQXB/glibc-2.31/setjmp/../sysdeps/x86_64/bsd-_setjmp.S
fn=_setjmp
28 1 1 1 0 0 0 0 0 0
30 1 0 0 0 0 0 0 0 0
32 1 0 0 0 0 0 0 0 0
fl=/build/glibc-B3wQXB/glibc-2.31/setjmp/../sysdeps/x86_64/setjmp.S
fn=__sigsetjmp
30 14 2 2 0 0 0 0 0 0
32 14 0 0 0 0 0 14 0 0
41 14 0 0 0 0 0 0 0 0
42 28 2 2 14 0 0 0 0 0
43 14 0 0 0 0 0 14 0 0
47 14 0 0 0 0 0 14 0 0
48 14 0 0 0 0 0 14 0 0
49 14 0 0 0 0 0 14 1 1
50 14 0 0 0 0 0 14 0 0
51 14 0 0 0 0 0 0 0 0
53 28 0 0 14 0 0 0 0 0
55 14 0 0 0 0 0 14 1 0
56 14 0 0 14 0 0 0 0 0
57 14 0 0 0 0 0 0 0 0
59 28 1 1 14 0 0 0 0 0
61 14 1 1 0 0 0 14 0 0
66 1 0 0 1 1 0 0 0 0
67 1 0 0 0 0 0 0 0 0
69 13 0 0 0 0 0 0 0 0
72 13 0 0 0 0 0 0 0 0
73 13 0 0 0 0 0 13 0 0
80 13 0 0 0 0 0 0 0 0
81 13 0 0 13 0 0 0 0 0
84 1 0 0 0 0 0 0 0 0
fl=/build/glibc-B3wQXB/glibc-2.31/setjmp/sigjmp.c
fn=__sigjmp_save
28 3 0 0 0 0 0 1 0 0
29 1 0 0 0 0 0 1 0 0
30 2 0 0 0 0 0 0 0 0
34 3 1 1 2 0 0 0 0 0
fl=/build/glibc-B3wQXB/glibc-2.31/stdlib/../include/rounding-mode.h
fn=round_and_return
46 88130 0 0 0 0 0 0 0 0
49 17626 1 1 0 0 0 0 0 0
52 52878 1 1 0 0 0 0 0 0
fl=/build/glibc-B3wQXB/glibc-2.31/stdlib/../sysdeps/generic/get-rounding-mode.h
fn=round_and_return
94 17626 0 0 0 0 0 17626 0 0
95 141008 1 1 17626 0 0 0 0 0
fl=/build/glibc-B3wQXB/glibc-2.31/stdlib/../sysdeps/ieee754/dbl-64/mpn2dbl.c
fn=__mpn_construct_double
29 17626 1 1 0 0 0 0 0 0
33 17626 0 0 0 0 0 0 0 0
39 17626 0 0 17626 0 0 0 0 0
40 176260 1 1 0 0 0 0 0 0
46 35252 0 0 0 0 0 0 0 0
47 17626 0 0 17626 0 0 0 0 0
fl=/build/glibc-B3wQXB/glibc-2.31/stdlib/../sysdeps/unix/sysv/linux/x86/lowlevellock.h
fn=__cxa_atexit
47 30 0 0 10 2 1 0 0 0
fl=/build/glibc-B3wQXB/glibc-2.31/stdlib/../sysdeps/x86_64/lshift.S
fn=__mpn_lshift
28 17626 1 1 0 0 0 0 0 0
29 17626 0 0 0 0 0 0 0 0
30 17626 0 0 0 0 0 0 0 0
32 17626 0 0 0 0 0 0 0 0
33 17626 0 0 0 0 0 0 0 0
34 17626 0 0 0 0 0 0 0 0
46 17626 0 0 0 0 0 0 0 0
47 17626 0 0 0 0 0 0 0 0
48 17626 0 0 17626 0 0 0 0 0
49 17626 0 0 0 0 0 0 0 0
50 17626 1 1 0 0 0 0 0 0
51 17626 0 0 0 0 0 0 0 0
52 17626 0 0 0 0 0 0 0 0
58 17626 0 0 0 0 0 0 0 0
59 17626 0 0 0 0 0 17626 0 0
60 17626 0 0 17626 0 0 0 0 0
fl=/build/glibc-B3wQXB/glibc-2.31/stdlib/cxa_atexit.c
fn=__cxa_atexit
41 30 0 0 0 0 0 0 0 0
43 30 1 1 10 0 0 0 0 0
44 20 0 0 0 0 0 10 0 0
46 20 0 0 0 0 0 0 0 0
53 30 1 1 10 0 0 0 0 0
55 10 0 0 0 0 0 10 0 0
56 30 0 0 20 0 0 10 5 0
58 10 0 0 0 0 0 10 0 0
59 40 0 0 20 0 0 0 0 0
69 60 1 1 0 0 0 40 0 0
71 50 0 0 30 0 0 0 0 0
fn=__new_exitfn
82 50 1 1 0 0 0 20 0 0
83 20 0 0 0 0 0 0 0 0
88 20 0 0 10 3 0 0 0 0
93 44 0 0 11 3 0 0 0 0
95 40 1 1 10 0 0 0 0 0
96 45 0 0 9 2 0 0 0 0
103 1 0 0 0 0 0 1 0 0
106 18 0 0 0 0 0 0 0 0
124 1 0 0 0 0 0 0 0 0
125 2 1 1 0 0 0 1 0 0
131 27 0 0 0 0 0 0 0 0
132 18 0 0 0 0 0 9 0 0
138 10 1 1 0 0 0 10 1 0
139 10 0 0 10 0 0 0 0 0
143 50 0 0 30 0 0 0 0 0
fl=/build/glibc-B3wQXB/glibc-2.31/stdlib/strtod_l.c
fn=____strtod_l_internal
509 246764 2 2 17626 0 0 141008 0 0
515 70504 1 1 0 0 0 0 0 0
554 17626 0 0 0 0 0 0 0 0
562 17626 0 0 17626 1 1 0 0 0
564 35252 0 0 0 0 0 0 0 0
588 17626 0 0 0 0 0 0 0 0
596 52878 1 1 17626 1 1 35252 0 0
597 52878 0 0 0 0 0 35252 0 0
598 70504 0 0 35252 0 0 0 0 0
602 17626 0 0 0 0 0 17626 0 0
603 17626 0 0 0 0 0 17626 0 0
608 35252 0 0 0 0 0 0 0 0
611 70504 1 1 17626 0 0 0 0 0
612 52878 0 0 35252 1 1 0 0 0
615 35252 0 0 0 0 0 0 0 0
620 35252 0 0 0 0 0 0 0 0
633 105756 0 0 17626 0 0 0 0 0
634 35252 1 1 17626 0 0 0 0 0
642 52878 0 0 0 0 0 0 0 0
690 52878 2 2 17626 0 0 0 0 0
709 35252 0 0 0 0 0 0 0 0
734 88130 2 2 0 0 0 17626 0 0
776 323062 0 0 0 0 0 0 0 0
777 35252 0 0 0 0 0 0 0 0
780 135092 1 1 0 0 0 0 0 0
789 35252 0 0 0 0 0 0 0 0
802 135092 0 0 67546 0 0 0 0 0
805 35252 0 0 0 0 0 0 0 0
847 70504 1 1 0 0 0 0 0 0
856 70504 0 0 0 0 0 0 0 0
857 52878 1 1 17626 0 0 0 0 0
875 35252 0 0 0 0 0 0 0 0
881 52878 0 0 35252 1 1 0 0 0
882 35252 0 0 0 0 0 0 0 0
883 35252 1 1 0 0 0 0 0 0
896 17626 0 0 0 0 0 0 0 0
1014 35252 0 0 0 0 0 0 0 0
1024 123382 1 1 17626 0 0 0 0 0
1043 35252 0 0 17626 0 0 0 0 0
1044 35252 1 1 17626 0 0 17626 0 0
1046 35252 0 0 0 0 0 0 0 0
1049 35252 0 0 0 0 0 0 0 0
1082 35252 1 1 0 0 0 0 0 0
1174 17626 0 0 17626 0 0 0 0 0
1176 105756 0 0 0 0 0 0 0 0
1177 17626 1 1 0 0 0 0 0 0
1178 35252 0 0 0 0 0 17626 0 0
1181 70504 0 0 0 0 0 0 0 0
1193 35252 0 0 0 0 0 0 0 0
1196 35252 0 0 0 0 0 0 0 0
1199 246764 1 1 17626 0 0 70504 0 0
1205 105756 1 1 70504 0 0 0 0 0
1249 52878 2 2 17626 0 0 0 0 0
1250 70504 0 0 0 0 0 17626 0 0
1254 35252 0 0 0 0 0 0 0 0
1260 35252 0 0 0 0 0 0 0 0
1292 35252 0 0 0 0 0 0 0 0
1295 229138 1 1 0 0 0 17626 0 0
1297 35252 1 1 0 0 0 0 0 0
1307 88130 0 0 0 0 0 17626 0 0
1311 88130 0 0 35252 0 0 0 0 0
1326 141008 1 1 17626 0 0 17626 0 0
1771 193886 0 0 158634 0 0 0 0 0
fn=round_and_return
216 282016 1 1 17626 0 0 123382 0 0
219 35252 0 0 0 0 0 0 0 0
314 123382 1 1 0 0 0 0 0 0
318 52878 1 1 17626 0 0 0 0 0
320 158634 0 0 0 0 0 0 0 0
351 70504 0 0 0 0 0 0 0 0
356 52878 0 0 0 0 0 17626 0 0
357 193886 1 1 158634 0 0 0 0 0
fn=str_to_mpn.isra.0
366 158634 1 1 17626 0 0 123382 0 0
375 35252 0 0 0 0 0 0 0 0
376 17626 0 0 0 0 0 0 0 0
379 17626 1 1 0 0 0 17626 0 0
380 123382 0 0 0 0 0 0 0 0
383 99840 0 0 0 0 0 0 0 0
414 270184 0 0 67546 0 0 0 0 0
427 202638 1 1 0 0 0 0 0 0
428 67546 0 0 0 0 0 0 0 0
430 135092 0 0 0 0 0 0 0 0
432 70504 1 1 35252 0 0 0 0 0
439 52878 0 0 17626 1 1 0 0 0
441 52878 0 0 17626 0 0 0 0 0
443 17626 0 0 0 0 0 17626 0 0
444 17626 1 1 0 0 0 17626 0 0
459 158634 0 0 123382 0 0 0 0 0
fn=strtod_l
1783 35252 1 1 0 0 0 0 0 0
1784 35252 0 0 0 0 0 0 0 0
fl=/build/glibc-B3wQXB/glibc-2.31/string/../bits/stdlib-bsearch.h
fn=intel_check_word.isra.0
27 12 0 0 0 0 0 0 0 0
28 12 0 0 0 0 0 0 0 0
29 228 0 0 0 0 0 0 0 0
31 162 0 0 0 0 0 0 0 0
32 81 0 0 0 0 0 0 0 0
37 15 1 1 0 0 0 0 0 0
fl=/build/glibc-B3wQXB/glibc-2.31/string/../string/strstr.c
fn=__GI_strstr
77 11 2 2 1 0 0 7 0 0
82 3 0 0 1 1 1 0 0 0
84 5 0 0 0 0 0 1 0 0
85 2 0 0 0 0 0 0 0 0
129 1 1 1 0 0 0 0 0 0
161 12 1 1 9 0 0 0 0 0
fl=/build/glibc-B3wQXB/glibc-2.31/string/../sysdeps/x86/cacheinfo.c
fn=handle_intel.constprop.0
259 30 1 1 3 0 0 21 0 0
261 3 1 1 3 0 0 0 0 0
264 6 0 0 3 0 0 0 0 0
270 6 1 1 0 0 0 3 0 0
272 6 0 0 0 0 0 3 0 0
273 3 0 0 0 0 0 3 0 0
275 9 0 0 0 0 0 0 0 0
281 15 0 0 0 0 0 6 0 0
286 6 0 0 0 0 0 0 0 0
288 6 0 0 0 0 0 3 0 0
289 3 0 0 0 0 0 0 0 0
293 18 1 1 0 0 0 3 0 0
295 6 0 0 0 0 0 0 0 0
298 21 0 0 0 0 0 3 0 0
300 6 0 0 0 0 0 0 0 0
319 33 1 1 27 0 0 0 0 0
fn=init_cacheinfo
488 8 1 1 0 0 0 6 0 0
500 2 2 2 1 0 0 1 0 0
502 6 0 0 4 1 0 0 0 0
504 3 0 0 0 0 0 1 0 0
506 3 0 0 0 0 0 2 0 0
510 1 0 0 0 0 0 1 0 0
511 3 0 0 0 0 0 1 0 0
519 2 0 0 0 0 0 0 0 0
530 1 0 0 0 0 0 0 0 0
535 2 1 1 1 0 0 0 0 0
539 2 0 0 1 0 0 0 0 0
547 12 0 0 0 0 0 0 0 0
550 13 0 0 0 0 0 0 0 0
556 8 0 0 0 0 0 0 0 0
559 26 1 1 0 0 0 0 0 0
564 2 1 1 0 0 0 0 0 0
568 3 0 0 0 0 0 0 0 0
569 2 0 0 0 0 0 0 0 0
573 2 0 0 0 0 0 0 0 0
577 3 0 0 0 0 0 0 0 0
580 3 0 0 0 0 0 0 0 0
581 1 0 0 0 0 0 0 0 0
586 4 0 0 0 0 0 0 0 0
592 2 1 1 1 0 0 0 0 0
600 9 1 1 1 0 0 0 0 0
602 7 0 0 0 0 0 0 0 0
604 7 1 1 0 0 0 0 0 0
606 6 0 0 0 0 0 0 0 0
609 2 0 0 0 0 0 0 0 0
610 8 0 0 0 0 0 0 0 0
612 4 0 0 0 0 0 0 0 0
615 2 0 0 0 0 0 0 0 0
620 1 0 0 0 0 0 0 0 0
622 4 0 0 0 0 0 0 0 0
623 2 0 0 0 0 0 0 0 0
624 2 1 1 0 0 0 0 0 0
627 2 0 0 0 0 0 0 0 0
630 2 0 0 0 0 0 0 0 0
633 1 0 0 0 0 0 0 0 0
634 2 0 0 1 0 0 0 0 0
637 1 1 1 0 0 0 0 0 0
639 4 0 0 0 0 0 0 0 0
640 1 0 0 0 0 0 0 0 0
645 2 0 0 0 0 0 0 0 0
651 2 0 0 0 0 0 0 0 0
652 2 0 0 0 0 0 0 0 0
653 2 0 0 0 0 0 0 0 0
654 2 0 0 1 0 0 0 0 0
691 4 1 1 0 0 0 0 0 0
692 4 0 0 0 0 0 0 0 0
696 2 0 0 0 0 0 0 0 0
755 2 1 1 0 0 0 0 0 0
758 2 1 1 0 0 0 0 0 0
760 3 0 0 0 0 0 1 0 0
761 1 0 0 0 0 0 1 1 1
763 1 0 0 0 0 0 0 0 0
764 3 0 0 0 0 0 1 0 0
765 1 0 0 0 0 0 1 0 0
768 2 1 1 0 0 0 0 0 0
771 2 0 0 0 0 0 0 0 0
773 3 0 0 0 0 0 1 0 0
774 1 0 0 0 0 0 1 1 1
776 1 0 0 0 0 0 0 0 0
777 3 0 0 0 0 0 1 0 0
778 1 0 0 0 0 0 1 0 0
792 2 0 0 1 0 0 1 1 1
794 6 0 0 1 0 0 0 0 0
795 8 0 0 7 0 0 0 0 0
fn=intel_check_word.isra.0
119 162 0 0 81 6 6 0 0 0
122 81 1 1 0 0 0 0 0 0
128 42 0 0 0 0 0 24 0 0
132 12 1 1 0 0 0 0 0 0
134 3 0 0 0 0 0 0 0 0
138 42 0 0 0 0 0 0 0 0
140 60 1 1 0 0 0 0 0 0
142 15 0 0 0 0 0 0 0 0
144 30 0 0 0 0 0 0 0 0
152 30 0 0 0 0 0 0 0 0
161 13 1 1 0 0 0 0 0 0
164 29 1 1 0 0 0 0 0 0
167 24 0 0 0 0 0 0 0 0
171 16 0 0 0 0 0 0 0 0
173 36 0 0 0 0 0 0 0 0
175 14 0 0 0 0 0 0 0 0
177 10 0 0 0 0 0 0 0 0
178 6 0 0 0 0 0 0 0 0
179 2 1 1 0 0 0 0 0 0
181 3 1 1 0 0 0 0 0 0
183 6 0 0 0 0 0 0 0 0
185 9 1 1 0 0 0 0 0 0
186 12 0 0 0 0 0 0 0 0
187 9 1 1 0 0 0 0 0 0
188 15 0 0 0 0 0 0 0 0
196 5 0 0 0 0 0 0 0 0
203 24 1 1 0 0 0 0 0 0
225 12 0 0 0 0 0 0 0 0
255 36 0 0 30 0 0 0 0 0
fl=/build/glibc-B3wQXB/glibc-2.31/string/../sysdeps/x86_64/multiarch/../strchr.S
fn=index
23 19 1 1 0 0 0 0 0 0
24 19 0 0 0 0 0 0 0 0
25 19 0 0 0 0 0 0 0 0
26 19 0 0 0 0 0 0 0 0
27 19 1 1 0 0 0 0 0 0
28 19 0 0 0 0 0 0 0 0
29 19 0 0 0 0 0 0 0 0
30 19 0 0 0 0 0 0 0 0
31 19 0 0 0 0 0 0 0 0
32 19 0 0 19 3 3 0 0 0
33 19 0 0 0 0 0 0 0 0
34 19 0 0 0 0 0 0 0 0
35 19 0 0 0 0 0 0 0 0
36 19 0 0 0 0 0 0 0 0
37 19 0 0 0 0 0 0 0 0
38 19 0 0 0 0 0 0 0 0
39 19 0 0 0 0 0 0 0 0
40 19 0 0 0 0 0 0 0 0
41 15 0 0 0 0 0 0 0 0
45 15 0 0 0 0 0 0 0 0
46 15 1 1 0 0 0 0 0 0
47 15 0 0 15 0 0 0 0 0
48 15 0 0 0 0 0 0 0 0
50 15 0 0 15 0 0 0 0 0
54 4 0 0 4 1 1 0 0 0
55 4 0 0 0 0 0 0 0 0
56 4 0 0 0 0 0 0 0 0
57 4 0 0 0 0 0 0 0 0
58 4 0 0 0 0 0 0 0 0
59 4 0 0 0 0 0 0 0 0
60 4 0 0 4 1 1 0 0 0
61 4 0 0 0 0 0 0 0 0
62 4 0 0 0 0 0 0 0 0
63 4 0 0 0 0 0 0 0 0
64 4 0 0 0 0 0 0 0 0
65 4 1 1 0 0 0 0 0 0
66 4 0 0 0 0 0 0 0 0
67 4 0 0 4 0 0 0 0 0
68 4 0 0 0 0 0 0 0 0
69 4 0 0 0 0 0 0 0 0
70 4 0 0 0 0 0 0 0 0
71 4 0 0 0 0 0 0 0 0
72 4 0 0 0 0 0 0 0 0
73 4 0 0 0 0 0 0 0 0
74 4 0 0 0 0 0 0 0 0
75 4 0 0 0 0 0 0 0 0
76 4 0 0 0 0 0 0 0 0
77 6 0 0 0 0 0 0 0 0
82 1 1 1 0 0 0 0 0 0
83 1 0 0 0 0 0 0 0 0
86 1 0 0 0 0 0 0 0 0
87 1 0 0 1 0 0 0 0 0
88 1 0 0 1 0 0 0 0 0
89 1 0 0 1 0 0 0 0 0
90 1 0 0 0 0 0 0 0 0
91 1 0 0 1 0 0 0 0 0
92 1 0 0 0 0 0 0 0 0
93 1 0 0 0 0 0 0 0 0
94 1 0 0 1 0 0 0 0 0
95 1 0 0 0 0 0 0 0 0
96 1 0 0 1 0 0 0 0 0
97 1 0 0 1 0 0 0 0 0
98 1 1 1 0 0 0 0 0 0
99 1 0 0 1 0 0 0 0 0
100 1 0 0 0 0 0 0 0 0
101 1 0 0 0 0 0 0 0 0
102 1 0 0 0 0 0 0 0 0
103 1 0 0 0 0 0 0 0 0
105 1 0 0 0 0 0 0 0 0
106 1 0 0 0 0 0 0 0 0
108 1 0 0 1 0 0 0 0 0
109 1 0 0 0 0 0 0 0 0
110 1 0 0 0 0 0 0 0 0
111 1 0 0 0 0 0 0 0 0
112 1 0 0 0 0 0 0 0 0
113 1 0 0 0 0 0 0 0 0
114 1 0 0 0 0 0 0 0 0
115 1 0 0 0 0 0 0 0 0
117 1 0 0 0 0 0 0 0 0
118 1 1 1 0 0 0 0 0 0
119 1 0 0 0 0 0 0 0 0
120 1 0 0 0 0 0 0 0 0
121 1 0 0 0 0 0 0 0 0
122 1 0 0 0 0 0 0 0 0
123 1 0 0 0 0 0 0 0 0
124 1 0 0 0 0 0 0 0 0
125 1 0 0 0 0 0 0 0 0
126 1 0 0 0 0 0 0 0 0
129 4 0 0 0 0 0 0 0 0
133 4 0 0 0 0 0 0 0 0
134 4 0 0 0 0 0 0 0 0
135 4 0 0 4 0 0 0 0 0
136 4 0 0 0 0 0 0 0 0
138 4 0 0 4 0 0 0 0 0
fl=/build/glibc-B3wQXB/glibc-2.31/string/../sysdeps/x86_64/multiarch/../strlen.S
fn=strlen
41 28 1 1 0 0 0 0 0 0
79 28 0 0 0 0 0 0 0 0
80 28 0 0 0 0 0 0 0 0
81 28 0 0 0 0 0 0 0 0
82 28 0 0 0 0 0 0 0 0
83 28 0 0 0 0 0 0 0 0
84 28 0 0 0 0 0 0 0 0
85 28 1 1 0 0 0 0 0 0
87 28 0 0 0 0 0 0 0 0
89 28 0 0 0 0 0 0 0 0
120 28 0 0 28 2 2 0 0 0
121 28 0 0 0 0 0 0 0 0
122 28 0 0 0 0 0 0 0 0
123 28 0 0 0 0 0 0 0 0
124 28 0 0 0 0 0 0 0 0
125 13 0 0 0 0 0 0 0 0
127 13 0 0 13 0 0 0 0 0
131 15 0 0 0 0 0 0 0 0
132 15 0 0 15 0 0 0 0 0
133 15 0 0 15 0 0 0 0 0
134 15 0 0 15 2 2 0 0 0
135 15 0 0 0 0 0 0 0 0
136 15 0 0 0 0 0 0 0 0
137 15 0 0 0 0 0 0 0 0
138 15 1 1 0 0 0 0 0 0
139 15 0 0 0 0 0 0 0 0
140 15 0 0 0 0 0 0 0 0
141 15 0 0 0 0 0 0 0 0
142 15 0 0 0 0 0 0 0 0
147 114 0 0 12 0 0 0 0 0
221 3 1 1 3 0 0 0 0 0
222 3 0 0 3 0 0 0 0 0
223 3 0 0 3 0 0 0 0 0
224 3 0 0 3 0 0 0 0 0
225 3 0 0 0 0 0 0 0 0
226 3 0 0 0 0 0 0 0 0
227 3 0 0 0 0 0 0 0 0
228 3 0 0 0 0 0 0 0 0
244 3 1 1 0 0 0 0 0 0
246 3 0 0 0 0 0 0 0 0
247 42 1 1 12 0 0 0 0 0
249 3 0 0 0 0 0 0 0 0
250 3 0 0 0 0 0 0 0 0
251 3 0 0 0 0 0 0 0 0
253 3 0 0 3 0 0 0 0 0
fl=/build/glibc-B3wQXB/glibc-2.31/string/../sysdeps/x86_64/multiarch/ifunc-avx2.h
fn=memchr
30 10 0 0 0 0 0 0 0 0
32 6 0 0 4 0 0 0 0 0
fn=memrchr
30 5 0 0 0 0 0 0 0 0
32 3 1 1 2 0 0 0 0 0
fn=rawmemchr
30 5 1 1 0 0 0 0 0 0
32 3 0 0 2 0 0 0 0 0
fn=rindex
30 5 1 1 0 0 0 0 0 0
32 3 0 0 2 0 0 0 0 0
fn=strchrnul
30 5 1 1 0 0 0 0 0 0
32 3 0 0 2 0 0 0 0 0
fn=strlen
30 10 0 0 0 0 0 0 0 0
32 6 0 0 4 0 0 0 0 0
fn=strnlen
30 10 0 0 0 0 0 0 0 0
32 6 1 1 4 0 0 0 0 0
fl=/build/glibc-B3wQXB/glibc-2.31/string/../sysdeps/x86_64/multiarch/ifunc-memcmp.h
fn=bcmp
32 6 0 0 2 0 0 0 0 0
33 6 0 0 4 0 0 0 0 0
34 6 2 1 0 0 0 0 0 0
35 4 0 0 2 0 0 0 0 0
fl=/build/glibc-B3wQXB/glibc-2.31/string/../sysdeps/x86_64/multiarch/ifunc-memmove.h
fn=memcpy@@GLIBC_2.14
44 6 0 0 0 0 0 0 0 0
45 9 0 0 6 0 0 0 0 0
48 6 1 1 0 0 0 0 0 0
49 6 0 0 3 0 0 0 0 0
60 6 0 0 0 0 0 0 0 0
62 15 0 0 6 1 0 0 0 0
fn=memmove
44 6 0 0 0 0 0 0 0 0
45 9 0 0 6 1 0 0 0 0
48 6 0 0 0 0 0 0 0 0
49 6 0 0 3 0 0 0 0 0
60 6 0 0 0 0 0 0 0 0
62 15 2 1 6 1 0 0 0 0
fn=mempcpy
44 2 0 0 0 0 0 0 0 0
45 3 0 0 2 0 0 0 0 0
48 2 0 0 0 0 0 0 0 0
49 2 1 1 1 0 0 0 0 0
60 2 0 0 0 0 0 0 0 0
62 5 0 0 2 0 0 0 0 0
fl=/build/glibc-B3wQXB/glibc-2.31/string/../sysdeps/x86_64/multiarch/ifunc-memset.h
fn=memset
42 10 0 0 4 1 0 0 0 0
45 4 0 0 0 0 0 0 0 0
46 4 0 0 2 0 0 0 0 0
57 8 1 1 4 1 0 0 0 0
59 10 0 0 2 0 0 0 0 0
fl=/build/glibc-B3wQXB/glibc-2.31/string/../sysdeps/x86_64/multiarch/ifunc-sse4_2.h
fn=strcspn
30 5 1 1 2 0 0 0 0 0
fn=strpbrk
30 5 1 1 2 0 0 0 0 0
fn=strspn
30 5 1 1 2 0 0 0 0 0
fl=/build/glibc-B3wQXB/glibc-2.31/string/../sysdeps/x86_64/multiarch/ifunc-strcasecmp.h
fn=strcasecmp
32 4 1 1 2 0 0 0 0 0
fn=strcasecmp_l
32 4 0 0 2 0 0 0 0 0
fn=strncasecmp
32 4 0 0 2 0 0 0 0 0
fn=strncasecmp_l
32 4 0 0 2 0 0 0 0 0
fl=/build/glibc-B3wQXB/glibc-2.31/string/../sysdeps/x86_64/multiarch/ifunc-strcpy.h
fn=stpcpy
34 3 0 0 0 0 0 0 0 0
36 4 1 1 2 0 0 0 0 0
fn=stpncpy
34 3 0 0 0 0 0 0 0 0
36 4 0 0 2 0 0 0 0 0
fn=strcat
34 3 1 1 0 0 0 0 0 0
36 4 0 0 2 0 0 0 0 0
fn=strcpy
34 3 0 0 0 0 0 0 0 0
36 4 0 0 2 0 0 0 0 0
fn=strncpy
34 3 0 0 0 0 0 0 0 0
36 4 0 0 2 0 0 0 0 0
fl=/build/glibc-B3wQXB/glibc-2.31/string/../sysdeps/x86_64/multiarch/memchr-avx2.S
fn=__memchr_avx2
40 140 1 1 0 0 0 0 0 0
43 140 0 0 0 0 0 0 0 0
44 140 0 0 0 0 0 0 0 0
46 140 0 0 0 0 0 0 0 0
48 140 0 0 0 0 0 0 0 0
57 140 0 0 0 0 0 0 0 0
60 140 0 0 0 0 0 0 0 0
61 140 0 0 0 0 0 0 0 0
62 140 0 0 0 0 0 0 0 0
65 62 1 1 62 0 0 0 0 0
66 62 0 0 0 0 0 0 0 0
67 62 0 0 0 0 0 0 0 0
70 62 0 0 0 0 0 0 0 0
72 55 0 0 0 0 0 0 0 0
73 55 0 0 0 0 0 0 0 0
79 6 0 0 0 0 0 0 0 0
80 6 0 0 0 0 0 0 0 0
81 6 0 0 0 0 0 0 0 0
85 6 0 0 0 0 0 0 0 0
87 6 0 0 0 0 0 0 0 0
88 6 0 0 0 0 0 0 0 0
90 5 0 0 0 0 0 0 0 0
94 78 1 1 0 0 0 0 0 0
95 78 0 0 0 0 0 0 0 0
96 78 0 0 78 0 0 0 0 0
97 78 0 0 0 0 0 0 0 0
99 78 0 0 0 0 0 0 0 0
100 78 0 0 0 0 0 0 0 0
101 78 0 0 0 0 0 0 0 0
102 1 0 0 0 0 0 0 0 0
105 1 0 0 0 0 0 0 0 0
106 1 0 0 0 0 0 0 0 0
108 1 0 0 0 0 0 0 0 0
109 1 0 0 0 0 0 0 0 0
110 1 0 0 0 0 0 0 0 0
111 1 0 0 1 0 0 0 0 0
119 77 0 0 0 0 0 0 0 0
120 77 0 0 0 0 0 0 0 0
123 77 0 0 0 0 0 0 0 0
124 77 0 0 0 0 0 0 0 0
127 29 1 1 0 0 0 0 0 0
130 29 0 0 0 0 0 0 0 0
131 29 0 0 0 0 0 0 0 0
137 10 0 0 10 6 6 0 0 0
138 10 0 0 0 0 0 0 0 0
139 10 0 0 0 0 0 0 0 0
140 10 0 0 0 0 0 0 0 0
142 4 0 0 4 1 1 0 0 0
143 4 0 0 0 0 0 0 0 0
144 4 0 0 0 0 0 0 0 0
145 4 0 0 0 0 0 0 0 0
147 1 0 0 1 1 1 0 0 0
148 1 0 0 0 0 0 0 0 0
149 1 0 0 0 0 0 0 0 0
150 1 1 1 0 0 0 0 0 0
200 25 1 1 0 0 0 0 0 0
201 25 0 0 0 0 0 0 0 0
232 25 1 1 0 0 0 0 0 0
233 25 0 0 25 0 0 0 0 0
234 25 0 0 0 0 0 0 0 0
235 25 0 0 0 0 0 0 0 0
237 25 0 0 0 0 0 0 0 0
238 9 0 0 0 0 0 0 0 0
239 9 0 0 0 0 0 0 0 0
251 23 1 1 0 0 0 0 0 0
253 23 0 0 0 0 0 0 0 0
254 23 0 0 0 0 0 0 0 0
255 6 0 0 0 0 0 0 0 0
256 6 0 0 0 0 0 0 0 0
257 6 0 0 6 0 0 0 0 0
294 123 1 1 0 0 0 0 0 0
296 123 0 0 0 0 0 0 0 0
297 123 0 0 123 0 0 0 0 0
302 6 0 0 0 0 0 0 0 0
303 6 0 0 0 0 0 0 0 0
304 6 0 0 0 0 0 0 0 0
305 6 0 0 6 0 0 0 0 0
309 3 0 0 0 0 0 0 0 0
310 3 0 0 0 0 0 0 0 0
311 3 0 0 0 0 0 0 0 0
312 3 0 0 0 0 0 0 0 0
313 3 0 0 3 0 0 0 0 0
317 1 0 0 0 0 0 0 0 0
318 1 0 0 0 0 0 0 0 0
319 1 0 0 0 0 0 0 0 0
320 1 0 0 0 0 0 0 0 0
321 1 0 0 1 0 0 0 0 0
fl=/build/glibc-B3wQXB/glibc-2.31/string/../sysdeps/x86_64/multiarch/memchr.c
fn=memchr
29 4 1 1 2 0 0 0 0 0
fl=/build/glibc-B3wQXB/glibc-2.31/string/../sysdeps/x86_64/multiarch/memcmp-avx2-movbe.S
fn=__memcmp_avx2_movbe
59 70 1 1 0 0 0 0 0 0
66 70 0 0 0 0 0 0 0 0
67 70 0 0 0 0 0 0 0 0
70 1 1 1 1 0 0 0 0 0
71 1 0 0 1 0 0 0 0 0
72 1 0 0 0 0 0 0 0 0
73 1 0 0 0 0 0 0 0 0
74 1 0 0 0 0 0 0 0 0
76 1 0 0 0 0 0 0 0 0
77 1 0 0 0 0 0 0 0 0
79 1 0 0 0 0 0 0 0 0
81 1 0 0 0 0 0 0 0 0
82 1 0 0 0 0 0 0 0 0
83 1 0 0 0 0 0 0 0 0
84 1 0 0 0 0 0 0 0 0
87 1 0 0 1 0 0 0 0 0
88 1 1 1 1 0 0 0 0 0
90 1 0 0 1 0 0 0 0 0
91 1 0 0 1 0 0 0 0 0
93 1 0 0 1 0 0 0 0 0
94 1 0 0 1 0 0 0 0 0
96 1 0 0 1 0 0 0 0 0
97 1 0 0 1 0 0 0 0 0
99 1 0 0 0 0 0 0 0 0
100 1 0 0 0 0 0 0 0 0
101 1 0 0 0 0 0 0 0 0
103 1 0 0 0 0 0 0 0 0
104 1 0 0 0 0 0 0 0 0
106 1 0 0 0 0 0 0 0 0
107 1 1 1 0 0 0 0 0 0
108 1 0 0 1 0 0 0 0 0
109 1 0 0 1 0 0 0 0 0
111 1 0 0 1 0 0 0 0 0
112 1 0 0 1 0 0 0 0 0
113 1 0 0 0 0 0 0 0 0
115 1 0 0 1 0 0 0 0 0
116 1 0 0 1 0 0 0 0 0
117 1 0 0 0 0 0 0 0 0
119 1 0 0 1 0 0 0 0 0
120 1 0 0 1 0 0 0 0 0
121 1 0 0 0 0 0 0 0 0
123 1 0 0 0 0 0 0 0 0
124 1 0 0 0 0 0 0 0 0
125 1 1 1 0 0 0 0 0 0
126 1 0 0 0 0 0 0 0 0
127 1 0 0 1 0 0 0 0 0
182 66 2 1 66 0 0 0 0 0
183 66 0 0 66 0 0 0 0 0
184 66 0 0 0 0 0 0 0 0
185 66 0 0 0 0 0 0 0 0
186 66 0 0 66 0 0 0 0 0
187 66 0 0 66 0 0 0 0 0
188 66 0 0 0 0 0 0 0 0
189 66 1 1 0 0 0 0 0 0
190 66 0 0 0 0 0 0 0 0
191 66 0 0 0 0 0 0 0 0
192 54 0 0 0 0 0 0 0 0
193 54 0 0 0 0 0 0 0 0
194 54 0 0 54 0 0 0 0 0
198 12 0 0 12 0 0 0 0 0
203 2 0 0 2 0 0 0 0 0
204 2 0 0 2 0 0 0 0 0
205 2 0 0 0 0 0 0 0 0
206 2 0 0 0 0 0 0 0 0
207 2 0 0 0 0 0 0 0 0
208 2 0 0 0 0 0 0 0 0
209 2 0 0 2 0 0 0 0 0
210 2 0 0 2 0 0 0 0 0
212 2 0 0 0 0 0 0 0 0
213 2 0 0 2 0 0 0 0 0
236 69 1 1 0 0 0 0 0 0
237 69 0 0 0 0 0 0 0 0
238 69 0 0 0 0 0 0 0 0
239 69 0 0 0 0 0 0 0 0
240 69 0 0 0 0 0 0 0 0
241 67 0 0 0 0 0 0 0 0
242 67 0 0 0 0 0 0 0 0
244 1 0 0 0 0 0 0 0 0
245 1 0 0 0 0 0 0 0 0
247 1 0 0 1 0 0 0 0 0
248 1 1 1 1 0 0 0 0 0
249 1 0 0 0 0 0 0 0 0
250 1 0 0 0 0 0 0 0 0
251 1 0 0 0 0 0 0 0 0
252 1 0 0 0 0 0 0 0 0
254 1 0 0 0 0 0 0 0 0
255 1 0 0 0 0 0 0 0 0
256 1 0 0 1 0 0 0 0 0
257 1 0 0 1 0 0 0 0 0
258 1 0 0 0 0 0 0 0 0
259 1 0 0 0 0 0 0 0 0
260 1 0 0 0 0 0 0 0 0
261 1 0 0 0 0 0 0 0 0
262 1 0 0 1 0 0 0 0 0
fl=/build/glibc-B3wQXB/glibc-2.31/string/../sysdeps/x86_64/multiarch/memcmp.c
fn=bcmp
29 4 1 1 2 0 0 0 0 0
fl=/build/glibc-B3wQXB/glibc-2.31/string/../sysdeps/x86_64/multiarch/memcpy.c
fn=memcpy@@GLIBC_2.14
29 3 1 1 0 0 0 0 0 0
fl=/build/glibc-B3wQXB/glibc-2.31/string/../sysdeps/x86_64/multiarch/memmove-vec-unaligned-erms.S
fn=__memcpy_avx_unaligned_erms
225 7598 1 1 0 0 0 0 0 0
226 7598 0 0 0 0 0 0 0 0
232 7612 0 0 0 0 0 0 0 0
233 7612 0 0 0 0 0 0 0 0
234 6743 0 0 0 0 0 0 0 0
235 6743 0 0 0 0 0 0 0 0
238 49 0 0 49 1 1 0 0 0
239 49 0 0 49 0 0 0 0 0
240 49 0 0 0 0 0 49 1 0
241 49 0 0 0 0 0 49 1 1
243 49 0 0 0 0 0 0 0 0
244 49 0 0 49 0 0 0 0 0
247 6691 0 0 6691 6691 0 0 0 0
248 6691 0 0 0 0 0 0 0 0
249 6691 0 0 0 0 0 0 0 0
250 6691 0 0 0 0 0 0 0 0
252 6691 0 0 0 0 0 0 0 0
253 6691 0 0 0 0 0 0 0 0
254 6691 0 0 0 0 0 0 0 0
259 6691 0 0 0 0 0 0 0 0
261 6691 0 0 0 0 0 0 0 0
262 358162539 0 0 358155848 5600367 0 358155848 5596849 5590157
264 6691 0 0 6691 6691 0 0 0 0
277 869 1 1 0 0 0 0 0 0
278 869 0 0 0 0 0 0 0 0
280 721 0 0 0 0 0 0 0 0
281 721 0 0 0 0 0 0 0 0
282 558 0 0 0 0 0 0 0 0
283 558 0 0 0 0 0 0 0 0
284 87 0 0 0 0 0 0 0 0
285 87 0 0 0 0 0 0 0 0
286 42 0 0 0 0 0 0 0 0
287 42 0 0 42 0 0 0 0 0
288 42 0 0 0 0 0 42 1 1
290 42 0 0 42 0 0 0 0 0
304 148 0 0 148 0 0 0 0 0
305 148 0 0 148 0 0 0 0 0
306 148 0 0 0 0 0 148 1 0
307 148 0 0 0 0 0 148 0 0
308 148 0 0 148 0 0 0 0 0
312 163 0 0 163 0 0 0 0 0
313 163 0 0 163 0 0 0 0 0
314 163 0 0 0 0 0 163 0 0
315 163 0 0 0 0 0 163 0 0
316 163 0 0 163 0 0 0 0 0
319 471 1 1 471 0 0 0 0 0
320 471 0 0 471 0 0 0 0 0
321 471 0 0 0 0 0 471 10 9
322 471 0 0 0 0 0 471 0 0
323 471 0 0 471 0 0 0 0 0
326 45 0 0 45 0 0 0 0 0
327 45 0 0 45 0 0 0 0 0
328 45 1 1 0 0 0 45 0 0
329 45 0 0 0 0 0 45 0 0
330 45 0 0 45 0 0 0 0 0
334 6694 0 0 0 0 0 0 0 0
335 6694 0 0 0 0 0 0 0 0
340 3 0 0 0 0 0 0 0 0
341 3 0 0 0 0 0 0 0 0
342 3 0 0 0 0 0 0 0 0
343 3 0 0 0 0 0 0 0 0
365 3 1 1 3 0 0 0 0 0
366 3 0 0 3 0 0 0 0 0
367 3 0 0 3 0 0 0 0 0
368 3 0 0 3 0 0 0 0 0
369 3 0 0 0 0 0 3 0 0
370 3 0 0 0 0 0 3 0 0
371 3 0 0 0 0 0 3 0 0
372 3 0 0 0 0 0 3 0 0
373 3 0 0 0 0 0 0 0 0
374 3 0 0 3 0 0 0 0 0
fn=__mempcpy_avx_unaligned_erms
212 14 1 1 0 0 0 0 0 0
213 14 0 0 0 0 0 0 0 0
214 14 0 0 0 0 0 0 0 0
215 14 0 0 0 0 0 0 0 0
fn=memcpy
127 41 1 1 0 0 0 0 0 0
128 41 0 0 0 0 0 0 0 0
134 80 0 0 0 0 0 0 0 0
135 80 0 0 0 0 0 0 0 0
136 39 0 0 0 0 0 0 0 0
137 39 0 0 0 0 0 0 0 0
142 18 0 0 18 4 0 0 0 0
143 18 0 0 18 1 0 0 0 0
144 18 0 0 0 0 0 18 1 1
145 18 0 0 0 0 0 18 5 5
150 18 0 0 18 0 0 0 0 0
280 41 0 0 0 0 0 0 0 0
281 41 0 0 0 0 0 0 0 0
282 13 0 0 0 0 0 0 0 0
283 13 0 0 0 0 0 0 0 0
284 8 1 1 0 0 0 0 0 0
285 8 0 0 0 0 0 0 0 0
286 6 0 0 0 0 0 0 0 0
287 1 0 0 1 1 1 0 0 0
288 1 0 0 0 0 0 1 1 1
290 6 0 0 6 0 0 0 0 0
312 28 0 0 28 0 0 0 0 0
313 28 0 0 28 0 0 0 0 0
314 28 0 0 0 0 0 28 5 5
315 28 0 0 0 0 0 28 0 0
316 28 0 0 28 0 0 0 0 0
319 5 0 0 5 0 0 0 0 0
320 5 0 0 5 0 0 0 0 0
321 5 0 0 0 0 0 5 0 0
322 5 0 0 0 0 0 5 0 0
323 5 0 0 5 0 0 0 0 0
326 2 0 0 2 1 1 0 0 0
327 2 0 0 2 0 0 0 0 0
328 2 0 0 0 0 0 2 1 1
329 2 0 0 0 0 0 2 0 0
330 2 0 0 2 0 0 0 0 0
340 21 1 1 0 0 0 0 0 0
341 21 0 0 0 0 0 0 0 0
342 19 0 0 0 0 0 0 0 0
343 19 0 0 0 0 0 0 0 0
345 10 0 0 10 5 0 0 0 0
346 10 0 0 10 3 0 0 0 0
347 10 0 0 10 1 0 0 0 0
348 10 0 0 10 1 0 0 0 0
349 10 0 0 10 3 0 0 0 0
350 10 0 0 10 0 0 0 0 0
351 10 0 0 10 0 0 0 0 0
352 10 0 0 10 0 0 0 0 0
353 10 0 0 0 0 0 10 2 2
354 10 0 0 0 0 0 10 2 2
355 10 0 0 0 0 0 10 1 1
356 10 0 0 0 0 0 10 5 5
357 10 0 0 0 0 0 10 4 4
358 10 1 1 0 0 0 10 0 0
359 10 0 0 0 0 0 10 0 0
360 10 0 0 0 0 0 10 0 0
362 10 0 0 10 0 0 0 0 0
365 9 0 0 9 0 0 0 0 0
366 9 0 0 9 0 0 0 0 0
367 9 0 0 9 0 0 0 0 0
368 9 0 0 9 0 0 0 0 0
369 9 0 0 0 0 0 9 1 1
370 9 0 0 0 0 0 9 2 2
371 9 0 0 0 0 0 9 2 2
372 9 0 0 0 0 0 9 0 0
374 9 0 0 9 0 0 0 0 0
377 2 0 0 0 0 0 0 0 0
378 2 0 0 0 0 0 0 0 0
380 2 0 0 0 0 0 0 0 0
383 2 1 1 2 2 2 0 0 0
384 2 0 0 2 2 2 0 0 0
385 2 0 0 2 1 1 0 0 0
386 2 0 0 2 0 0 0 0 0
387 2 0 0 2 1 1 0 0 0
389 2 0 0 0 0 0 0 0 0
390 2 0 0 0 0 0 0 0 0
393 2 0 0 0 0 0 0 0 0
394 2 0 0 0 0 0 0 0 0
396 2 0 0 0 0 0 0 0 0
398 2 0 0 0 0 0 0 0 0
400 2 0 0 0 0 0 0 0 0
402 2 0 0 0 0 0 0 0 0
410 6 0 0 6 0 0 0 0 0
411 6 0 0 6 2 2 0 0 0
412 6 0 0 6 0 0 0 0 0
413 6 1 1 6 2 2 0 0 0
414 6 0 0 0 0 0 0 0 0
415 6 0 0 0 0 0 0 0 0
416 6 0 0 0 0 0 6 1 1
417 6 0 0 0 0 0 6 3 3
418 6 0 0 0 0 0 6 0 0
419 6 0 0 0 0 0 6 3 3
420 6 0 0 0 0 0 0 0 0
421 6 0 0 0 0 0 0 0 0
422 6 0 0 0 0 0 0 0 0
424 2 0 0 0 0 0 2 2 2
425 2 0 0 0 0 0 2 0 0
426 2 0 0 0 0 0 2 0 0
427 2 0 0 0 0 0 2 0 0
429 2 0 0 0 0 0 2 0 0
431 2 0 0 2 0 0 0 0 0
fn=mempcpy
114 39 0 0 0 0 0 0 0 0
115 39 0 0 0 0 0 0 0 0
116 39 0 0 0 0 0 0 0 0
117 39 0 0 0 0 0 0 0 0
fl=/build/glibc-B3wQXB/glibc-2.31/string/../sysdeps/x86_64/multiarch/memmove.c
fn=memmove
29 3 2 1 0 0 0 0 0 0
fl=/build/glibc-B3wQXB/glibc-2.31/string/../sysdeps/x86_64/multiarch/mempcpy.c
fn=mempcpy
33 1 1 1 0 0 0 0 0 0
fl=/build/glibc-B3wQXB/glibc-2.31/string/../sysdeps/x86_64/multiarch/memrchr.c
fn=memrchr
29 2 1 1 1 0 0 0 0 0
fl=/build/glibc-B3wQXB/glibc-2.31/string/../sysdeps/x86_64/multiarch/memset-vec-unaligned-erms.S
fn=__memset_avx2_erms
147 5 1 1 0 0 0 0 0 0
148 5 0 0 0 0 0 0 0 0
149 5 0 0 0 0 0 0 0 0
150 5 0 0 0 0 0 0 0 0
151 267645 0 0 0 0 0 267640 4180 4172
152 5 0 0 0 0 0 0 0 0
153 5 0 0 5 5 0 0 0 0
fn=__memset_avx2_unaligned_erms
167 5 1 1 0 0 0 0 0 0
168 15 0 0 0 0 0 0 0 0
173 5 0 0 0 0 0 0 0 0
174 5 0 0 0 0 0 0 0 0
175 5 0 0 0 0 0 0 0 0
176 5 0 0 0 0 0 0 0 0
184 5 1 1 0 0 0 0 0 0
185 5 0 0 0 0 0 0 0 0
fn=memset
108 17 1 1 0 0 0 0 0 0
109 85 0 0 0 0 0 0 0 0
115 17 0 0 0 0 0 0 0 0
116 17 0 0 0 0 0 0 0 0
117 9 0 0 0 0 0 0 0 0
118 9 0 0 0 0 0 0 0 0
120 5 0 0 0 0 0 5 3 3
121 5 0 0 0 0 0 5 0 0
123 5 0 0 5 0 0 0 0 0
188 4 0 0 0 0 0 0 0 0
189 4 0 0 0 0 0 0 0 0
199 4 1 1 0 0 0 0 0 0
200 4 0 0 0 0 0 4 3 3
201 4 0 0 0 0 0 0 0 0
202 4 0 0 0 0 0 4 3 3
203 4 0 0 0 0 0 4 0 0
204 4 0 0 0 0 0 4 0 0
205 4 0 0 0 0 0 4 2 2
206 4 0 0 0 0 0 4 0 0
207 4 0 0 0 0 0 4 2 2
208 4 0 0 0 0 0 4 0 0
209 4 0 0 0 0 0 0 0 0
210 4 0 0 0 0 0 0 0 0
211 4 0 0 0 0 0 0 0 0
212 4 0 0 0 0 0 0 0 0
214 101 0 0 0 0 0 101 94 94
215 101 0 0 0 0 0 101 0 0
216 101 0 0 0 0 0 101 0 0
217 101 0 0 0 0 0 101 0 0
218 101 0 0 0 0 0 0 0 0
219 101 0 0 0 0 0 0 0 0
220 101 0 0 0 0 0 0 0 0
221 4 0 0 4 0 0 0 0 0
236 8 1 1 0 0 0 0 0 0
237 8 0 0 0 0 0 0 0 0
238 8 0 0 0 0 0 0 0 0
239 3 0 0 0 0 0 0 0 0
240 3 0 0 0 0 0 0 0 0
241 1 0 0 0 0 0 0 0 0
242 1 0 0 0 0 0 0 0 0
266 5 1 1 0 0 0 5 2 2
267 5 0 0 0 0 0 5 0 0
269 5 0 0 5 0 0 0 0 0
272 2 0 0 0 0 0 2 0 0
273 2 0 0 0 0 0 2 0 0
275 2 0 0 2 0 0 0 0 0
278 1 0 0 0 0 0 1 0 0
279 1 0 0 0 0 0 1 0 0
281 1 0 0 1 0 0 0 0 0
fl=/build/glibc-B3wQXB/glibc-2.31/string/../sysdeps/x86_64/multiarch/memset.c
fn=memset
29 2 1 1 0 0 0 0 0 0
fl=/build/glibc-B3wQXB/glibc-2.31/string/../sysdeps/x86_64/multiarch/rawmemchr.c
fn=rawmemchr
31 2 1 1 1 0 0 0 0 0
fl=/build/glibc-B3wQXB/glibc-2.31/string/../sysdeps/x86_64/multiarch/stpcpy.c
fn=stpcpy
33 2 1 1 1 0 0 0 0 0
fl=/build/glibc-B3wQXB/glibc-2.31/string/../sysdeps/x86_64/multiarch/stpncpy.c
fn=stpncpy
31 2 1 1 1 0 0 0 0 0
fl=/build/glibc-B3wQXB/glibc-2.31/string/../sysdeps/x86_64/multiarch/strcasecmp.c
fn=strcasecmp
31 2 1 1 1 0 0 0 0 0
fl=/build/glibc-B3wQXB/glibc-2.31/string/../sysdeps/x86_64/multiarch/strcasecmp_l.c
fn=strcasecmp_l
31 2 1 1 1 0 0 0 0 0
fl=/build/glibc-B3wQXB/glibc-2.31/string/../sysdeps/x86_64/multiarch/strcat.c
fn=strcat
29 2 1 1 1 0 0 0 0 0
fl=/build/glibc-B3wQXB/glibc-2.31/string/../sysdeps/x86_64/multiarch/strchr-avx2.S
fn=__strchr_avx2
44 1 1 1 0 0 0 0 0 0
45 1 0 0 0 0 0 0 0 0
47 1 0 0 0 0 0 0 0 0
48 1 0 0 0 0 0 0 0 0
49 1 0 0 0 0 0 0 0 0
51 1 0 0 0 0 0 0 0 0
52 1 0 0 0 0 0 0 0 0
53 1 0 0 0 0 0 0 0 0
57 1 0 0 1 0 0 0 0 0
58 1 0 0 0 0 0 0 0 0
59 1 0 0 0 0 0 0 0 0
60 1 0 0 0 0 0 0 0 0
61 1 1 1 0 0 0 0 0 0
62 1 0 0 0 0 0 0 0 0
63 1 0 0 0 0 0 0 0 0
184 1 1 1 0 0 0 0 0 0
188 1 0 0 0 0 0 0 0 0
189 1 0 0 0 0 0 0 0 0
190 1 0 0 1 0 0 0 0 0
191 1 0 0 0 0 0 0 0 0
193 1 0 0 0 0 0 0 0 0
194 1 0 0 1 0 0 0 0 0
fl=/build/glibc-B3wQXB/glibc-2.31/string/../sysdeps/x86_64/multiarch/strchr.c
fn=index
38 3 0 0 0 0 0 0 0 0
40 4 0 0 2 0 0 0 0 0
49 2 1 1 1 0 0 0 0 0
fl=/build/glibc-B3wQXB/glibc-2.31/string/../sysdeps/x86_64/multiarch/strchrnul.c
fn=strchrnul
31 2 0 0 1 0 0 0 0 0
fl=/build/glibc-B3wQXB/glibc-2.31/string/../sysdeps/x86_64/multiarch/strcmp-avx2.S
fn=__strcmp_avx2
79 16 1 1 0 0 0 0 0 0
102 16 0 0 0 0 0 0 0 0
103 16 0 0 0 0 0 0 0 0
105 16 0 0 0 0 0 0 0 0
106 16 0 0 0 0 0 0 0 0
107 16 1 1 0 0 0 0 0 0
108 16 0 0 0 0 0 0 0 0
109 16 0 0 0 0 0 0 0 0
111 16 0 0 16 1 1 0 0 0
112 16 0 0 16 0 0 0 0 0
113 16 0 0 0 0 0 0 0 0
114 16 0 0 0 0 0 0 0 0
115 16 0 0 0 0 0 0 0 0
116 16 0 0 0 0 0 0 0 0
117 16 0 0 0 0 0 0 0 0
118 16 0 0 0 0 0 0 0 0
136 16 0 0 16 0 0 0 0 0
137 16 0 0 16 0 0 0 0 0
138 16 0 0 0 0 0 0 0 0
140 16 0 0 0 0 0 0 0 0
141 16 0 0 16 0 0 0 0 0
fl=/build/glibc-B3wQXB/glibc-2.31/string/../sysdeps/x86_64/multiarch/strcmp.c
fn=strcmp
39 6 1 1 0 0 0 0 0 0
41 8 0 0 4 1 0 0 0 0
53 4 1 1 2 0 0 0 0 0
fl=/build/glibc-B3wQXB/glibc-2.31/string/../sysdeps/x86_64/multiarch/strcpy.c
fn=strcpy
29 2 1 1 1 0 0 0 0 0
fl=/build/glibc-B3wQXB/glibc-2.31/string/../sysdeps/x86_64/multiarch/strcspn.c
fn=strcspn
29 2 1 1 1 0 0 0 0 0
fl=/build/glibc-B3wQXB/glibc-2.31/string/../sysdeps/x86_64/multiarch/strlen-avx2.S
fn=__strlen_avx2
42 17760 1 1 0 0 0 0 0 0
55 17760 0 0 0 0 0 0 0 0
56 17760 0 0 0 0 0 0 0 0
57 17760 0 0 0 0 0 0 0 0
60 17760 0 0 0 0 0 0 0 0
61 17760 0 0 0 0 0 0 0 0
62 17760 0 0 0 0 0 0 0 0
65 82 0 0 82 2 2 0 0 0
66 82 0 0 0 0 0 0 0 0
67 82 0 0 0 0 0 0 0 0
75 82 0 0 0 0 0 0 0 0
79 2 0 0 0 0 0 0 0 0
80 2 0 0 0 0 0 0 0 0
81 2 0 0 0 0 0 0 0 0
90 2 0 0 0 0 0 0 0 0
94 17678 1 1 0 0 0 0 0 0
95 17678 0 0 0 0 0 0 0 0
96 17678 0 0 17678 3 3 0 0 0
97 17678 0 0 0 0 0 0 0 0
99 17678 0 0 0 0 0 0 0 0
100 17678 0 0 0 0 0 0 0 0
101 17678 0 0 0 0 0 0 0 0
102 17663 0 0 0 0 0 0 0 0
108 17663 0 0 0 0 0 0 0 0
109 17663 0 0 0 0 0 0 0 0
110 17663 0 0 0 0 0 0 0 0
114 17663 0 0 0 0 0 0 0 0
115 17663 0 0 17663 0 0 0 0 0
131 15 0 0 0 0 0 0 0 0
141 17 0 0 17 6 6 0 0 0
142 17 0 0 0 0 0 0 0 0
143 17 0 0 0 0 0 0 0 0
144 17 1 1 0 0 0 0 0 0
335 97 1 1 0 0 0 0 0 0
336 97 0 0 0 0 0 0 0 0
337 97 0 0 0 0 0 0 0 0
341 97 0 0 0 0 0 0 0 0
342 97 0 0 97 0 0 0 0 0
fl=/build/glibc-B3wQXB/glibc-2.31/string/../sysdeps/x86_64/multiarch/strlen.c
fn=strlen
29 4 2 1 2 0 0 0 0 0
fl=/build/glibc-B3wQXB/glibc-2.31/string/../sysdeps/x86_64/multiarch/strncase.c
fn=strncasecmp
31 2 2 2 1 0 0 0 0 0
fl=/build/glibc-B3wQXB/glibc-2.31/string/../sysdeps/x86_64/multiarch/strncase_l.c
fn=strncasecmp_l
31 2 1 1 1 0 0 0 0 0
fl=/build/glibc-B3wQXB/glibc-2.31/string/../sysdeps/x86_64/multiarch/strncmp.c
fn=strncmp
39 3 1 1 0 0 0 0 0 0
41 4 0 0 2 0 0 0 0 0
54 2 1 1 1 0 0 0 0 0
fl=/build/glibc-B3wQXB/glibc-2.31/string/../sysdeps/x86_64/multiarch/strncpy.c
fn=strncpy
29 2 2 2 1 0 0 0 0 0
fl=/build/glibc-B3wQXB/glibc-2.31/string/../sysdeps/x86_64/multiarch/strnlen.c
fn=strnlen
31 4 1 1 2 0 0 0 0 0
fl=/build/glibc-B3wQXB/glibc-2.31/string/../sysdeps/x86_64/multiarch/strpbrk.c
fn=strpbrk
29 2 0 0 1 0 0 0 0 0
fl=/build/glibc-B3wQXB/glibc-2.31/string/../sysdeps/x86_64/multiarch/strrchr-avx2.S
fn=__strrchr_avx2
42 1 1 1 0 0 0 0 0 0
43 1 0 0 0 0 0 0 0 0
44 1 0 0 0 0 0 0 0 0
46 1 0 0 0 0 0 0 0 0
47 1 1 1 0 0 0 0 0 0
50 1 0 0 0 0 0 0 0 0
51 1 0 0 0 0 0 0 0 0
52 1 0 0 0 0 0 0 0 0
85 1 1 1 0 0 0 0 0 0
86 1 0 0 0 0 0 0 0 0
87 1 0 0 1 1 0 0 0 0
88 1 0 0 0 0 0 0 0 0
89 1 0 0 0 0 0 0 0 0
90 1 0 0 0 0 0 0 0 0
91 1 0 0 0 0 0 0 0 0
92 1 0 0 0 0 0 0 0 0
93 1 0 0 0 0 0 0 0 0
94 1 1 1 0 0 0 0 0 0
97 1 0 0 0 0 0 0 0 0
98 1 0 0 0 0 0 0 0 0
107 1 0 0 0 0 0 0 0 0
108 1 0 0 0 0 0 0 0 0
207 1 1 1 0 0 0 0 0 0
208 1 0 0 0 0 0 0 0 0
216 1 0 0 0 0 0 0 0 0
217 1 0 0 0 0 0 0 0 0
218 1 0 0 0 0 0 0 0 0
219 1 0 0 0 0 0 0 0 0
220 1 0 0 0 0 0 0 0 0
222 1 0 0 0 0 0 0 0 0
223 1 0 0 0 0 0 0 0 0
224 1 0 0 0 0 0 0 0 0
225 1 0 0 0 0 0 0 0 0
226 1 0 0 1 0 0 0 0 0
fl=/build/glibc-B3wQXB/glibc-2.31/string/../sysdeps/x86_64/multiarch/strrchr.c
fn=rindex
28 2 0 0 1 0 0 0 0 0
fl=/build/glibc-B3wQXB/glibc-2.31/string/../sysdeps/x86_64/multiarch/strspn.c
fn=strspn
29 2 1 1 1 0 0 0 0 0
fl=/build/glibc-B3wQXB/glibc-2.31/string/../sysdeps/x86_64/strcmp.S
fn=strcmp
111 2818 1 1 0 0 0 0 0 0
144 2818 0 0 0 0 0 0 0 0
145 2818 0 0 0 0 0 0 0 0
147 2818 0 0 0 0 0 0 0 0
148 2818 0 0 0 0 0 0 0 0
169 2818 0 0 0 0 0 0 0 0
170 2818 0 0 0 0 0 0 0 0
171 2139 0 0 0 0 0 0 0 0
172 2139 0 0 0 0 0 0 0 0
173 2077 0 0 2077 118 58 0 0 0
174 2077 0 0 2077 9 8 0 0 0
175 2077 0 0 2077 0 0 0 0 0
176 2077 0 0 2077 0 0 0 0 0
197 2077 0 0 0 0 0 0 0 0
198 2077 0 0 0 0 0 0 0 0
199 2077 0 0 0 0 0 0 0 0
200 2077 0 0 0 0 0 0 0 0
201 2077 0 0 0 0 0 0 0 0
202 2077 1 1 0 0 0 0 0 0
203 2077 0 0 0 0 0 0 0 0
208 90 0 0 0 0 0 0 0 0
209 270 0 0 0 0 0 0 0 0
218 831 0 0 0 0 0 0 0 0
219 831 0 0 0 0 0 0 0 0
220 831 0 0 0 0 0 0 0 0
221 831 0 0 0 0 0 0 0 0
222 831 0 0 0 0 0 0 0 0
223 831 0 0 0 0 0 0 0 0
224 831 0 0 0 0 0 0 0 0
225 831 0 0 0 0 0 0 0 0
226 199 0 0 0 0 0 0 0 0
227 134 0 0 0 0 0 0 0 0
228 134 0 0 0 0 0 0 0 0
229 134 1 1 0 0 0 0 0 0
231 199 0 0 0 0 0 0 0 0
232 199 0 0 0 0 0 0 0 0
233 199 0 0 0 0 0 0 0 0
234 199 0 0 199 18 3 0 0 0
235 199 0 0 0 0 0 0 0 0
236 199 0 0 0 0 0 0 0 0
246 632 0 0 632 10 1 0 0 0
247 632 0 0 0 0 0 0 0 0
248 632 0 0 0 0 0 0 0 0
250 632 0 0 632 6 5 0 0 0
256 632 0 0 0 0 0 0 0 0
257 632 0 0 0 0 0 0 0 0
258 632 0 0 0 0 0 0 0 0
259 632 0 0 0 0 0 0 0 0
260 632 1 1 0 0 0 0 0 0
265 632 0 0 0 0 0 0 0 0
267 622 0 0 0 0 0 0 0 0
268 622 0 0 0 0 0 0 0 0
269 1244 0 0 0 0 0 0 0 0
277 642 0 0 642 5 0 0 0 0
278 642 0 0 642 3 2 0 0 0
281 642 0 0 0 0 0 0 0 0
282 642 0 0 0 0 0 0 0 0
283 642 0 0 0 0 0 0 0 0
284 642 0 0 0 0 0 0 0 0
285 642 0 0 0 0 0 0 0 0
286 642 1 1 0 0 0 0 0 0
292 31 0 0 0 0 0 0 0 0
293 31 0 0 31 0 0 0 0 0
294 31 0 0 31 1 1 0 0 0
297 31 0 0 0 0 0 0 0 0
298 31 0 0 0 0 0 0 0 0
299 31 0 0 0 0 0 0 0 0
300 31 0 0 0 0 0 0 0 0
301 31 0 0 0 0 0 0 0 0
302 31 0 0 0 0 0 0 0 0
307 20 0 0 0 0 0 0 0 0
308 20 0 0 0 0 0 0 0 0
447 14 1 1 0 0 0 0 0 0
448 14 0 0 14 0 0 0 0 0
449 14 0 0 14 0 0 0 0 0
450 14 0 0 0 0 0 0 0 0
451 14 0 0 0 0 0 0 0 0
453 14 0 0 0 0 0 0 0 0
454 14 0 0 0 0 0 0 0 0
455 14 0 0 0 0 0 0 0 0
456 14 0 0 0 0 0 0 0 0
457 14 0 0 0 0 0 0 0 0
458 14 0 0 0 0 0 0 0 0
459 14 0 0 0 0 0 0 0 0
460 3 0 0 3 0 0 0 0 0
463 3 0 0 0 0 0 0 0 0
464 3 0 0 0 0 0 0 0 0
465 3 1 1 0 0 0 0 0 0
471 3 0 0 0 0 0 0 0 0
472 3 0 0 0 0 0 0 0 0
473 6 0 0 0 0 0 0 0 0
477 3 0 0 0 0 0 0 0 0
478 3 0 0 0 0 0 0 0 0
481 3 0 0 3 0 0 0 0 0
482 3 0 0 3 0 0 0 0 0
483 3 0 0 0 0 0 0 0 0
486 3 0 0 0 0 0 0 0 0
487 3 1 1 0 0 0 0 0 0
488 3 0 0 0 0 0 0 0 0
494 3 0 0 0 0 0 0 0 0
495 3 0 0 0 0 0 0 0 0
496 3 0 0 0 0 0 0 0 0
497 3 0 0 0 0 0 0 0 0
498 3 0 0 0 0 0 0 0 0
499 3 0 0 0 0 0 0 0 0
571 2 1 1 0 0 0 0 0 0
572 2 0 0 2 0 0 0 0 0
573 2 0 0 2 0 0 0 0 0
574 2 0 0 0 0 0 0 0 0
575 2 0 0 0 0 0 0 0 0
577 2 0 0 0 0 0 0 0 0
578 2 0 0 0 0 0 0 0 0
579 2 0 0 0 0 0 0 0 0
580 2 0 0 0 0 0 0 0 0
581 2 0 0 0 0 0 0 0 0
582 2 0 0 0 0 0 0 0 0
583 2 0 0 0 0 0 0 0 0
696 1 1 1 0 0 0 0 0 0
697 1 0 0 1 0 0 0 0 0
698 1 0 0 1 1 0 0 0 0
699 1 0 0 0 0 0 0 0 0
700 1 0 0 0 0 0 0 0 0
702 1 0 0 0 0 0 0 0 0
703 1 0 0 0 0 0 0 0 0
704 1 0 0 0 0 0 0 0 0
705 1 0 0 0 0 0 0 0 0
706 1 0 0 0 0 0 0 0 0
707 1 0 0 0 0 0 0 0 0
708 1 0 0 0 0 0 0 0 0
709 1 0 0 1 0 0 0 0 0
713 1 0 0 0 0 0 0 0 0
714 1 0 0 0 0 0 0 0 0
715 1 1 1 0 0 0 0 0 0
721 1 0 0 0 0 0 0 0 0
722 1 0 0 0 0 0 0 0 0
723 2 0 0 0 0 0 0 0 0
727 2 0 0 0 0 0 0 0 0
728 2 0 0 0 0 0 0 0 0
731 2 0 0 2 1 0 0 0 0
732 2 0 0 2 0 0 0 0 0
733 2 0 0 0 0 0 0 0 0
736 2 0 0 0 0 0 0 0 0
737 2 1 1 0 0 0 0 0 0
738 2 0 0 0 0 0 0 0 0
744 2 0 0 0 0 0 0 0 0
745 2 0 0 0 0 0 0 0 0
746 2 0 0 0 0 0 0 0 0
747 2 0 0 0 0 0 0 0 0
748 2 0 0 0 0 0 0 0 0
749 2 0 0 0 0 0 0 0 0
756 1 0 0 0 0 0 0 0 0
757 1 0 0 0 0 0 0 0 0
759 1 0 0 0 0 0 0 0 0
760 1 0 0 0 0 0 0 0 0
762 1 0 0 1 0 0 0 0 0
763 1 0 0 1 0 0 0 0 0
764 1 0 0 0 0 0 0 0 0
767 1 1 1 0 0 0 0 0 0
768 1 0 0 0 0 0 0 0 0
769 1 0 0 0 0 0 0 0 0
775 1 0 0 0 0 0 0 0 0
776 1 0 0 0 0 0 0 0 0
777 1 0 0 0 0 0 0 0 0
778 1 0 0 0 0 0 0 0 0
779 1 0 0 0 0 0 0 0 0
780 1 0 0 0 0 0 0 0 0
787 1 0 0 0 0 0 0 0 0
788 1 0 0 0 0 0 0 0 0
789 1 0 0 0 0 0 0 0 0
821 8 1 1 0 0 0 0 0 0
822 8 0 0 8 3 2 0 0 0
823 8 0 0 8 2 0 0 0 0
824 8 0 0 0 0 0 0 0 0
825 8 0 0 0 0 0 0 0 0
827 8 0 0 0 0 0 0 0 0
828 8 0 0 0 0 0 0 0 0
829 8 0 0 0 0 0 0 0 0
830 8 0 0 0 0 0 0 0 0
831 8 0 0 0 0 0 0 0 0
832 8 0 0 0 0 0 0 0 0
833 8 0 0 0 0 0 0 0 0
834 8 0 0 8 0 0 0 0 0
838 8 0 0 0 0 0 0 0 0
839 8 0 0 0 0 0 0 0 0
840 8 1 1 0 0 0 0 0 0
846 8 0 0 0 0 0 0 0 0
847 8 0 0 0 0 0 0 0 0
848 16 0 0 0 0 0 0 0 0
852 11 0 0 0 0 0 0 0 0
853 11 0 0 0 0 0 0 0 0
856 11 0 0 11 1 0 0 0 0
857 11 0 0 11 3 3 0 0 0
858 11 0 0 0 0 0 0 0 0
861 11 0 0 0 0 0 0 0 0
862 11 1 1 0 0 0 0 0 0
863 11 0 0 0 0 0 0 0 0
869 11 0 0 0 0 0 0 0 0
870 11 0 0 0 0 0 0 0 0
871 11 0 0 0 0 0 0 0 0
872 11 0 0 0 0 0 0 0 0
873 11 0 0 0 0 0 0 0 0
874 11 0 0 0 0 0 0 0 0
881 4 0 0 0 0 0 0 0 0
882 4 0 0 0 0 0 0 0 0
884 4 0 0 0 0 0 0 0 0
885 4 0 0 0 0 0 0 0 0
887 4 0 0 4 1 0 0 0 0
888 4 0 0 4 0 0 0 0 0
889 4 0 0 0 0 0 0 0 0
892 4 1 1 0 0 0 0 0 0
893 4 0 0 0 0 0 0 0 0
894 4 0 0 0 0 0 0 0 0
900 4 0 0 0 0 0 0 0 0
901 4 0 0 0 0 0 0 0 0
902 4 0 0 0 0 0 0 0 0
903 4 0 0 0 0 0 0 0 0
904 4 0 0 0 0 0 0 0 0
905 4 0 0 0 0 0 0 0 0
912 3 0 0 0 0 0 0 0 0
913 3 0 0 0 0 0 0 0 0
914 3 0 0 0 0 0 0 0 0
946 1 1 1 0 0 0 0 0 0
947 1 0 0 1 0 0 0 0 0
948 1 0 0 1 1 1 0 0 0
949 1 0 0 0 0 0 0 0 0
950 1 0 0 0 0 0 0 0 0
952 1 0 0 0 0 0 0 0 0
953 1 0 0 0 0 0 0 0 0
954 1 0 0 0 0 0 0 0 0
955 1 0 0 0 0 0 0 0 0
956 1 0 0 0 0 0 0 0 0
957 1 0 0 0 0 0 0 0 0
958 1 0 0 0 0 0 0 0 0
959 1 0 0 1 0 0 0 0 0
963 1 0 0 0 0 0 0 0 0
964 1 0 0 0 0 0 0 0 0
965 1 1 1 0 0 0 0 0 0
971 1 0 0 0 0 0 0 0 0
972 1 0 0 0 0 0 0 0 0
973 2 0 0 0 0 0 0 0 0
977 1 0 0 0 0 0 0 0 0
978 1 0 0 0 0 0 0 0 0
981 1 0 0 1 1 1 0 0 0
982 1 0 0 1 0 0 0 0 0
983 1 0 0 0 0 0 0 0 0
986 1 0 0 0 0 0 0 0 0
987 1 1 1 0 0 0 0 0 0
988 1 0 0 0 0 0 0 0 0
994 1 0 0 0 0 0 0 0 0
995 1 0 0 0 0 0 0 0 0
996 1 0 0 0 0 0 0 0 0
997 1 0 0 0 0 0 0 0 0
998 1 0 0 0 0 0 0 0 0
999 1 0 0 0 0 0 0 0 0
1006 1 0 0 0 0 0 0 0 0
1007 1 0 0 0 0 0 0 0 0
1009 1 0 0 0 0 0 0 0 0
1010 1 0 0 0 0 0 0 0 0
1012 1 0 0 1 0 0 0 0 0
1013 1 0 0 1 0 0 0 0 0
1014 1 0 0 0 0 0 0 0 0
1017 1 1 1 0 0 0 0 0 0
1018 1 0 0 0 0 0 0 0 0
1019 1 0 0 0 0 0 0 0 0
1025 1 0 0 0 0 0 0 0 0
1026 1 0 0 0 0 0 0 0 0
1027 1 0 0 0 0 0 0 0 0
1028 1 0 0 0 0 0 0 0 0
1029 1 0 0 0 0 0 0 0 0
1030 1 0 0 0 0 0 0 0 0
1071 4 2 1 0 0 0 0 0 0
1072 4 0 0 4 0 0 0 0 0
1073 4 0 0 4 2 2 0 0 0
1074 4 0 0 0 0 0 0 0 0
1075 4 0 0 0 0 0 0 0 0
1077 4 0 0 0 0 0 0 0 0
1078 4 0 0 0 0 0 0 0 0
1079 4 0 0 0 0 0 0 0 0
1080 4 0 0 0 0 0 0 0 0
1081 4 0 0 0 0 0 0 0 0
1082 4 0 0 0 0 0 0 0 0
1083 4 0 0 0 0 0 0 0 0
1084 3 0 0 3 0 0 0 0 0
1088 3 0 0 0 0 0 0 0 0
1089 3 0 0 0 0 0 0 0 0
1090 3 2 1 0 0 0 0 0 0
1096 3 0 0 0 0 0 0 0 0
1097 3 0 0 0 0 0 0 0 0
1098 6 0 0 0 0 0 0 0 0
1102 5 0 0 0 0 0 0 0 0
1103 5 0 0 0 0 0 0 0 0
1106 5 0 0 5 2 2 0 0 0
1107 5 0 0 5 1 1 0 0 0
1108 5 0 0 0 0 0 0 0 0
1111 5 0 0 0 0 0 0 0 0
1112 5 2 1 0 0 0 0 0 0
1113 5 0 0 0 0 0 0 0 0
1119 5 0 0 0 0 0 0 0 0
1120 5 0 0 0 0 0 0 0 0
1121 5 0 0 0 0 0 0 0 0
1122 5 0 0 0 0 0 0 0 0
1123 5 0 0 0 0 0 0 0 0
1124 5 0 0 0 0 0 0 0 0
1131 3 0 0 0 0 0 0 0 0
1132 3 0 0 0 0 0 0 0 0
1134 3 0 0 0 0 0 0 0 0
1135 3 0 0 0 0 0 0 0 0
1137 3 0 0 3 0 0 0 0 0
1138 3 0 0 3 0 0 0 0 0
1139 3 0 0 0 0 0 0 0 0
1142 3 1 1 0 0 0 0 0 0
1143 3 0 0 0 0 0 0 0 0
1144 3 0 0 0 0 0 0 0 0
1150 3 0 0 0 0 0 0 0 0
1151 3 0 0 0 0 0 0 0 0
1152 3 0 0 0 0 0 0 0 0
1153 3 0 0 0 0 0 0 0 0
1154 3 0 0 0 0 0 0 0 0
1155 3 0 0 0 0 0 0 0 0
1162 2 0 0 0 0 0 0 0 0
1163 2 0 0 0 0 0 0 0 0
1164 2 0 0 0 0 0 0 0 0
1196 11 1 1 0 0 0 0 0 0
1197 11 0 0 11 3 2 0 0 0
1198 11 0 0 11 1 1 0 0 0
1199 11 0 0 0 0 0 0 0 0
1200 11 0 0 0 0 0 0 0 0
1202 11 0 0 0 0 0 0 0 0
1203 11 0 0 0 0 0 0 0 0
1204 11 0 0 0 0 0 0 0 0
1205 11 0 0 0 0 0 0 0 0
1206 11 0 0 0 0 0 0 0 0
1207 11 0 0 0 0 0 0 0 0
1208 11 0 0 0 0 0 0 0 0
1209 10 0 0 10 0 0 0 0 0
1213 10 0 0 0 0 0 0 0 0
1214 10 0 0 0 0 0 0 0 0
1215 10 1 1 0 0 0 0 0 0
1221 10 0 0 0 0 0 0 0 0
1222 10 0 0 0 0 0 0 0 0
1223 20 0 0 0 0 0 0 0 0
1227 14 0 0 0 0 0 0 0 0
1228 14 0 0 0 0 0 0 0 0
1231 14 0 0 14 4 3 0 0 0
1232 14 0 0 14 3 2 0 0 0
1233 14 0 0 0 0 0 0 0 0
1236 14 0 0 0 0 0 0 0 0
1237 14 1 1 0 0 0 0 0 0
1238 14 0 0 0 0 0 0 0 0
1244 14 0 0 0 0 0 0 0 0
1245 14 0 0 0 0 0 0 0 0
1246 14 0 0 0 0 0 0 0 0
1247 14 0 0 0 0 0 0 0 0
1248 14 0 0 0 0 0 0 0 0
1249 14 0 0 0 0 0 0 0 0
1256 8 0 0 0 0 0 0 0 0
1257 8 0 0 0 0 0 0 0 0
1259 8 0 0 0 0 0 0 0 0
1260 8 0 0 0 0 0 0 0 0
1262 8 0 0 8 0 0 0 0 0
1263 8 0 0 8 0 0 0 0 0
1264 8 0 0 0 0 0 0 0 0
1267 8 1 1 0 0 0 0 0 0
1268 8 0 0 0 0 0 0 0 0
1269 8 0 0 0 0 0 0 0 0
1275 8 0 0 0 0 0 0 0 0
1276 8 0 0 0 0 0 0 0 0
1277 8 0 0 0 0 0 0 0 0
1278 8 0 0 0 0 0 0 0 0
1279 8 0 0 0 0 0 0 0 0
1280 8 0 0 0 0 0 0 0 0
1287 4 0 0 0 0 0 0 0 0
1288 4 0 0 0 0 0 0 0 0
1289 4 0 0 0 0 0 0 0 0
1321 26 1 1 0 0 0 0 0 0
1322 26 0 0 26 3 1 0 0 0
1323 26 0 0 26 1 1 0 0 0
1324 26 0 0 0 0 0 0 0 0
1325 26 0 0 0 0 0 0 0 0
1327 26 0 0 0 0 0 0 0 0
1328 26 0 0 0 0 0 0 0 0
1329 26 0 0 0 0 0 0 0 0
1330 26 0 0 0 0 0 0 0 0
1331 26 0 0 0 0 0 0 0 0
1332 26 0 0 0 0 0 0 0 0
1333 26 0 0 0 0 0 0 0 0
1334 25 0 0 25 0 0 0 0 0
1338 25 0 0 0 0 0 0 0 0
1339 25 0 0 0 0 0 0 0 0
1340 25 1 1 0 0 0 0 0 0
1346 25 0 0 0 0 0 0 0 0
1347 25 0 0 0 0 0 0 0 0
1348 50 0 0 0 0 0 0 0 0
1352 29 0 0 0 0 0 0 0 0
1353 29 0 0 0 0 0 0 0 0
1356 29 0 0 29 4 2 0 0 0
1357 29 0 0 29 5 3 0 0 0
1358 29 0 0 0 0 0 0 0 0
1361 29 0 0 0 0 0 0 0 0
1362 29 1 1 0 0 0 0 0 0
1363 29 0 0 0 0 0 0 0 0
1369 29 0 0 0 0 0 0 0 0
1370 29 0 0 0 0 0 0 0 0
1371 29 0 0 0 0 0 0 0 0
1372 29 0 0 0 0 0 0 0 0
1373 29 0 0 0 0 0 0 0 0
1374 29 0 0 0 0 0 0 0 0
1381 5 0 0 0 0 0 0 0 0
1382 5 0 0 0 0 0 0 0 0
1384 5 0 0 0 0 0 0 0 0
1385 5 0 0 0 0 0 0 0 0
1387 5 0 0 5 0 0 0 0 0
1388 5 0 0 5 0 0 0 0 0
1389 5 0 0 0 0 0 0 0 0
1392 5 1 1 0 0 0 0 0 0
1393 5 0 0 0 0 0 0 0 0
1394 5 0 0 0 0 0 0 0 0
1400 5 0 0 0 0 0 0 0 0
1401 5 0 0 0 0 0 0 0 0
1402 5 0 0 0 0 0 0 0 0
1403 5 0 0 0 0 0 0 0 0
1404 5 0 0 0 0 0 0 0 0
1405 5 0 0 0 0 0 0 0 0
1412 4 0 0 0 0 0 0 0 0
1413 4 0 0 0 0 0 0 0 0
1414 4 0 0 0 0 0 0 0 0
1446 47 1 1 0 0 0 0 0 0
1447 47 0 0 47 11 3 0 0 0
1448 47 0 0 47 6 1 0 0 0
1449 47 0 0 0 0 0 0 0 0
1450 47 0 0 0 0 0 0 0 0
1452 47 0 0 0 0 0 0 0 0
1453 47 0 0 0 0 0 0 0 0
1454 47 0 0 0 0 0 0 0 0
1455 47 0 0 0 0 0 0 0 0
1456 47 0 0 0 0 0 0 0 0
1457 47 0 0 0 0 0 0 0 0
1458 47 0 0 0 0 0 0 0 0
1459 44 0 0 44 0 0 0 0 0
1463 44 0 0 0 0 0 0 0 0
1464 44 0 0 0 0 0 0 0 0
1465 44 1 1 0 0 0 0 0 0
1471 44 0 0 0 0 0 0 0 0
1472 44 0 0 0 0 0 0 0 0
1473 88 0 0 0 0 0 0 0 0
1477 49 0 0 0 0 0 0 0 0
1478 49 0 0 0 0 0 0 0 0
1481 49 0 0 49 2 2 0 0 0
1482 49 0 0 49 11 5 0 0 0
1483 49 0 0 0 0 0 0 0 0
1486 49 0 0 0 0 0 0 0 0
1487 49 1 1 0 0 0 0 0 0
1488 49 0 0 0 0 0 0 0 0
1494 49 0 0 0 0 0 0 0 0
1495 49 0 0 0 0 0 0 0 0
1496 49 0 0 0 0 0 0 0 0
1497 49 0 0 0 0 0 0 0 0
1498 49 0 0 0 0 0 0 0 0
1499 49 0 0 0 0 0 0 0 0
1506 9 0 0 0 0 0 0 0 0
1507 9 0 0 0 0 0 0 0 0
1509 9 0 0 0 0 0 0 0 0
1510 9 0 0 0 0 0 0 0 0
1512 9 0 0 9 1 1 0 0 0
1513 9 0 0 9 0 0 0 0 0
1514 9 0 0 0 0 0 0 0 0
1517 9 1 1 0 0 0 0 0 0
1518 9 0 0 0 0 0 0 0 0
1519 9 0 0 0 0 0 0 0 0
1525 9 0 0 0 0 0 0 0 0
1526 9 0 0 0 0 0 0 0 0
1527 9 0 0 0 0 0 0 0 0
1528 9 0 0 0 0 0 0 0 0
1529 9 0 0 0 0 0 0 0 0
1530 9 0 0 0 0 0 0 0 0
1537 5 0 0 0 0 0 0 0 0
1538 5 0 0 0 0 0 0 0 0
1539 5 0 0 0 0 0 0 0 0
1571 18 2 1 0 0 0 0 0 0
1572 18 0 0 18 7 4 0 0 0
1573 18 0 0 18 4 2 0 0 0
1574 18 0 0 0 0 0 0 0 0
1575 18 0 0 0 0 0 0 0 0
1577 18 0 0 0 0 0 0 0 0
1578 18 0 0 0 0 0 0 0 0
1579 18 0 0 0 0 0 0 0 0
1580 18 0 0 0 0 0 0 0 0
1581 18 0 0 0 0 0 0 0 0
1582 18 0 0 0 0 0 0 0 0
1583 18 0 0 0 0 0 0 0 0
1584 14 0 0 14 0 0 0 0 0
1588 14 0 0 0 0 0 0 0 0
1589 14 0 0 0 0 0 0 0 0
1590 14 2 1 0 0 0 0 0 0
1596 14 0 0 0 0 0 0 0 0
1597 14 0 0 0 0 0 0 0 0
1598 28 0 0 0 0 0 0 0 0
1602 17 0 0 0 0 0 0 0 0
1603 17 0 0 0 0 0 0 0 0
1606 17 0 0 17 2 2 0 0 0
1607 17 0 0 17 6 3 0 0 0
1608 17 0 0 0 0 0 0 0 0
1611 17 0 0 0 0 0 0 0 0
1612 17 2 1 0 0 0 0 0 0
1613 17 0 0 0 0 0 0 0 0
1619 17 0 0 0 0 0 0 0 0
1620 17 0 0 0 0 0 0 0 0
1621 17 0 0 0 0 0 0 0 0
1622 17 0 0 0 0 0 0 0 0
1623 17 0 0 0 0 0 0 0 0
1624 17 0 0 0 0 0 0 0 0
1631 5 0 0 0 0 0 0 0 0
1632 5 0 0 0 0 0 0 0 0
1634 5 0 0 0 0 0 0 0 0
1635 5 0 0 0 0 0 0 0 0
1637 5 0 0 5 0 0 0 0 0
1638 5 0 0 5 0 0 0 0 0
1639 5 0 0 0 0 0 0 0 0
1642 5 1 1 0 0 0 0 0 0
1643 5 0 0 0 0 0 0 0 0
1644 5 0 0 0 0 0 0 0 0
1650 5 0 0 0 0 0 0 0 0
1651 5 0 0 0 0 0 0 0 0
1652 5 0 0 0 0 0 0 0 0
1653 5 0 0 0 0 0 0 0 0
1654 5 0 0 0 0 0 0 0 0
1655 5 0 0 0 0 0 0 0 0
1662 3 0 0 0 0 0 0 0 0
1663 3 0 0 0 0 0 0 0 0
1664 3 0 0 0 0 0 0 0 0
1696 20 1 1 0 0 0 0 0 0
1697 20 0 0 20 6 3 0 0 0
1698 20 0 0 20 2 1 0 0 0
1699 20 0 0 0 0 0 0 0 0
1700 20 0 0 0 0 0 0 0 0
1702 20 0 0 0 0 0 0 0 0
1703 20 0 0 0 0 0 0 0 0
1704 20 0 0 0 0 0 0 0 0
1705 20 0 0 0 0 0 0 0 0
1706 20 0 0 0 0 0 0 0 0
1707 20 0 0 0 0 0 0 0 0
1708 20 0 0 0 0 0 0 0 0
1709 18 0 0 18 0 0 0 0 0
1713 18 0 0 0 0 0 0 0 0
1714 18 0 0 0 0 0 0 0 0
1715 18 1 1 0 0 0 0 0 0
1721 18 0 0 0 0 0 0 0 0
1722 18 0 0 0 0 0 0 0 0
1723 36 0 0 0 0 0 0 0 0
1727 25 0 0 0 0 0 0 0 0
1728 25 0 0 0 0 0 0 0 0
1731 25 0 0 25 1 1 0 0 0
1732 25 0 0 25 5 2 0 0 0
1733 25 0 0 0 0 0 0 0 0
1736 25 0 0 0 0 0 0 0 0
1737 25 1 1 0 0 0 0 0 0
1738 25 0 0 0 0 0 0 0 0
1744 25 0 0 0 0 0 0 0 0
1745 25 0 0 0 0 0 0 0 0
1746 25 0 0 0 0 0 0 0 0
1747 25 0 0 0 0 0 0 0 0
1748 25 0 0 0 0 0 0 0 0
1749 25 0 0 0 0 0 0 0 0
1756 11 0 0 0 0 0 0 0 0
1757 11 0 0 0 0 0 0 0 0
1759 11 0 0 0 0 0 0 0 0
1760 11 0 0 0 0 0 0 0 0
1762 11 0 0 11 2 0 0 0 0
1763 11 0 0 11 4 3 0 0 0
1764 11 0 0 0 0 0 0 0 0
1767 11 1 1 0 0 0 0 0 0
1768 11 0 0 0 0 0 0 0 0
1769 11 0 0 0 0 0 0 0 0
1775 11 0 0 0 0 0 0 0 0
1776 11 0 0 0 0 0 0 0 0
1777 11 0 0 0 0 0 0 0 0
1778 11 0 0 0 0 0 0 0 0
1779 11 0 0 0 0 0 0 0 0
1780 11 0 0 0 0 0 0 0 0
1787 7 0 0 0 0 0 0 0 0
1788 7 0 0 0 0 0 0 0 0
1789 7 0 0 0 0 0 0 0 0
1821 12 1 1 0 0 0 0 0 0
1822 12 0 0 12 2 1 0 0 0
1823 12 0 0 12 2 1 0 0 0
1824 12 0 0 0 0 0 0 0 0
1825 12 0 0 0 0 0 0 0 0
1827 12 0 0 0 0 0 0 0 0
1828 12 0 0 0 0 0 0 0 0
1829 12 0 0 0 0 0 0 0 0
1830 12 0 0 0 0 0 0 0 0
1831 12 0 0 0 0 0 0 0 0
1832 12 0 0 0 0 0 0 0 0
1833 12 0 0 0 0 0 0 0 0
1834 8 0 0 8 0 0 0 0 0
1838 8 0 0 0 0 0 0 0 0
1839 8 0 0 0 0 0 0 0 0
1840 8 1 1 0 0 0 0 0 0
1846 8 0 0 0 0 0 0 0 0
1847 8 0 0 0 0 0 0 0 0
1848 16 0 0 0 0 0 0 0 0
1852 10 0 0 0 0 0 0 0 0
1853 10 0 0 0 0 0 0 0 0
1856 10 0 0 10 2 1 0 0 0
1857 10 0 0 10 1 1 0 0 0
1858 10 0 0 0 0 0 0 0 0
1861 10 0 0 0 0 0 0 0 0
1862 10 1 1 0 0 0 0 0 0
1863 10 0 0 0 0 0 0 0 0
1869 10 0 0 0 0 0 0 0 0
1870 10 0 0 0 0 0 0 0 0
1871 10 0 0 0 0 0 0 0 0
1872 10 0 0 0 0 0 0 0 0
1873 10 0 0 0 0 0 0 0 0
1874 10 0 0 0 0 0 0 0 0
1881 7 0 0 0 0 0 0 0 0
1882 7 0 0 0 0 0 0 0 0
1884 7 0 0 0 0 0 0 0 0
1885 7 0 0 0 0 0 0 0 0
1887 7 0 0 7 0 0 0 0 0
1888 7 0 0 7 1 1 0 0 0
1889 7 0 0 0 0 0 0 0 0
1892 7 1 1 0 0 0 0 0 0
1893 7 0 0 0 0 0 0 0 0
1894 7 0 0 0 0 0 0 0 0
1900 7 0 0 0 0 0 0 0 0
1901 7 0 0 0 0 0 0 0 0
1902 7 0 0 0 0 0 0 0 0
1903 7 0 0 0 0 0 0 0 0
1904 7 0 0 0 0 0 0 0 0
1905 7 0 0 0 0 0 0 0 0
1912 2 0 0 0 0 0 0 0 0
1913 2 0 0 0 0 0 0 0 0
1914 2 0 0 0 0 0 0 0 0
1946 18 2 2 0 0 0 0 0 0
1947 18 0 0 18 4 4 0 0 0
1948 18 0 0 18 3 3 0 0 0
1949 18 0 0 0 0 0 0 0 0
1950 18 0 0 0 0 0 0 0 0
1952 18 0 0 0 0 0 0 0 0
1953 18 0 0 0 0 0 0 0 0
1954 18 0 0 0 0 0 0 0 0
1955 18 0 0 0 0 0 0 0 0
1956 18 0 0 0 0 0 0 0 0
1957 18 0 0 0 0 0 0 0 0
1958 18 0 0 0 0 0 0 0 0
1959 12 0 0 12 0 0 0 0 0
1963 12 0 0 0 0 0 0 0 0
1964 12 0 0 0 0 0 0 0 0
1965 12 1 1 0 0 0 0 0 0
1971 12 0 0 0 0 0 0 0 0
1972 12 0 0 0 0 0 0 0 0
1973 24 0 0 0 0 0 0 0 0
1977 17 0 0 0 0 0 0 0 0
1978 17 0 0 0 0 0 0 0 0
1981 17 0 0 17 3 2 0 0 0
1982 17 0 0 17 1 1 0 0 0
1983 17 0 0 0 0 0 0 0 0
1986 17 0 0 0 0 0 0 0 0
1987 17 1 1 0 0 0 0 0 0
1988 17 0 0 0 0 0 0 0 0
1994 17 0 0 0 0 0 0 0 0
1995 17 0 0 0 0 0 0 0 0
1996 17 0 0 0 0 0 0 0 0
1997 17 0 0 0 0 0 0 0 0
1998 17 0 0 0 0 0 0 0 0
1999 17 0 0 0 0 0 0 0 0
2006 6 0 0 0 0 0 0 0 0
2007 6 0 0 0 0 0 0 0 0
2009 6 0 0 0 0 0 0 0 0
2010 6 0 0 0 0 0 0 0 0
2012 6 0 0 6 1 1 0 0 0
2013 6 0 0 6 0 0 0 0 0
2014 6 0 0 0 0 0 0 0 0
2017 6 1 1 0 0 0 0 0 0
2018 6 0 0 0 0 0 0 0 0
2019 6 0 0 0 0 0 0 0 0
2025 6 0 0 0 0 0 0 0 0
2026 6 0 0 0 0 0 0 0 0
2027 6 0 0 0 0 0 0 0 0
2028 6 0 0 0 0 0 0 0 0
2029 6 0 0 0 0 0 0 0 0
2030 6 0 0 0 0 0 0 0 0
2037 5 0 0 0 0 0 0 0 0
2038 5 0 0 0 0 0 0 0 0
2039 5 0 0 0 0 0 0 0 0
2071 17 2 1 0 0 0 0 0 0
2072 17 0 0 17 2 2 0 0 0
2073 17 0 0 17 4 3 0 0 0
2074 17 0 0 0 0 0 0 0 0
2075 17 0 0 0 0 0 0 0 0
2077 17 0 0 0 0 0 0 0 0
2078 17 0 0 0 0 0 0 0 0
2079 17 0 0 0 0 0 0 0 0
2080 17 0 0 0 0 0 0 0 0
2081 17 0 0 0 0 0 0 0 0
2082 17 0 0 0 0 0 0 0 0
2083 17 0 0 0 0 0 0 0 0
2085 11 0 0 11 0 0 0 0 0
2089 11 0 0 0 0 0 0 0 0
2090 11 0 0 0 0 0 0 0 0
2091 11 1 1 0 0 0 0 0 0
2097 11 0 0 0 0 0 0 0 0
2098 11 0 0 0 0 0 0 0 0
2100 22 0 0 0 0 0 0 0 0
2104 16 0 0 0 0 0 0 0 0
2105 16 0 0 0 0 0 0 0 0
2108 16 0 0 16 4 2 0 0 0
2109 16 0 0 16 2 2 0 0 0
2110 16 0 0 0 0 0 0 0 0
2113 16 0 0 0 0 0 0 0 0
2114 16 1 1 0 0 0 0 0 0
2115 16 0 0 0 0 0 0 0 0
2121 16 0 0 0 0 0 0 0 0
2122 16 0 0 0 0 0 0 0 0
2123 16 0 0 0 0 0 0 0 0
2124 16 0 0 0 0 0 0 0 0
2125 16 0 0 0 0 0 0 0 0
2126 16 0 0 0 0 0 0 0 0
2133 7 0 0 0 0 0 0 0 0
2134 7 0 0 0 0 0 0 0 0
2136 7 0 0 0 0 0 0 0 0
2137 7 0 0 0 0 0 0 0 0
2139 7 0 0 7 0 0 0 0 0
2140 7 0 0 7 1 1 0 0 0
2141 7 0 0 0 0 0 0 0 0
2144 7 1 1 0 0 0 0 0 0
2145 7 0 0 0 0 0 0 0 0
2146 7 0 0 0 0 0 0 0 0
2152 7 0 0 0 0 0 0 0 0
2153 7 0 0 0 0 0 0 0 0
2154 7 0 0 0 0 0 0 0 0
2155 7 0 0 0 0 0 0 0 0
2156 7 0 0 0 0 0 0 0 0
2157 7 0 0 0 0 0 0 0 0
2164 5 0 0 0 0 0 0 0 0
2165 5 0 0 0 0 0 0 0 0
2166 5 0 0 0 0 0 0 0 0
2200 780 0 0 0 0 0 0 0 0
2202 831 0 0 0 0 0 0 0 0
2203 831 0 0 0 0 0 0 0 0
2204 831 0 0 0 0 0 0 0 0
2205 831 0 0 0 0 0 0 0 0
2206 268 0 0 0 0 0 0 0 0
2211 2818 1 1 0 0 0 0 0 0
2217 2818 0 0 2818 0 0 0 0 0
2218 2818 0 0 2818 0 0 0 0 0
2226 2818 0 0 0 0 0 0 0 0
2227 2818 0 0 2818 0 0 0 0 0
fl=/build/glibc-B3wQXB/glibc-2.31/string/../sysdeps/x86_64/strcspn.S
fn=strcspn
28 1 1 1 0 0 0 0 0 0
30 1 0 0 0 0 0 0 0 0
37 1 0 0 0 0 0 0 0 0
38 1 0 0 0 0 0 0 0 0
40 1 0 0 0 0 0 0 0 0
41 1 0 0 0 0 0 0 0 0
42 1 0 0 0 0 0 0 0 0
43 1 0 0 0 0 0 0 0 0
44 33 0 0 0 0 0 32 4 4
47 3 0 0 0 0 0 0 0 0
54 1 1 1 1 1 1 0 0 0
55 1 0 0 0 0 0 0 0 0
56 1 0 0 0 0 0 0 0 0
57 1 0 0 0 0 0 1 0 0
59 1 0 0 1 0 0 0 0 0
60 1 0 0 0 0 0 0 0 0
61 1 0 0 0 0 0 0 0 0
62 1 0 0 0 0 0 1 0 0
64 1 0 0 1 0 0 0 0 0
65 1 0 0 0 0 0 0 0 0
66 1 0 0 0 0 0 0 0 0
75 3 0 0 0 0 0 0 0 0
87 17 1 1 0 0 0 0 0 0
89 17 0 0 17 0 0 0 0 0
90 17 0 0 17 0 0 0 0 0
91 17 0 0 0 0 0 0 0 0
93 16 0 0 16 0 0 0 0 0
94 16 0 0 16 0 0 0 0 0
95 16 0 0 0 0 0 0 0 0
97 16 0 0 16 1 1 0 0 0
98 16 0 0 16 0 0 0 0 0
99 16 0 0 0 0 0 0 0 0
101 16 0 0 16 0 0 0 0 0
102 16 0 0 16 0 0 0 0 0
103 16 0 0 0 0 0 0 0 0
109 1 0 0 0 0 0 0 0 0
116 1 0 0 0 0 0 0 0 0
120 1 0 0 1 0 0 0 0 0
fl=/build/glibc-B3wQXB/glibc-2.31/string/strdup.c
fn=strdup
40 30 1 1 0 0 0 12 0 0
41 12 0 0 0 0 0 6 0 0
42 12 0 0 0 0 0 6 0 0
44 12 0 0 0 0 0 0 0 0
47 24 0 0 0 0 0 0 0 0
48 18 0 0 12 0 0 0 0 0
fl=/build/glibc-B3wQXB/glibc-2.31/time/../sysdeps/unix/sysv/linux/clock_gettime.c
fn=clock_gettime@@GLIBC_2.17
31 6 1 1 0 0 0 2 0 0
38 11 1 1 2 2 1 0 0 0
73 4 1 1 3 0 0 0 0 0
fl=/build/glibc-B3wQXB/glibc-2.31/wcsmbs/../sysdeps/x86_64/multiarch/ifunc-avx2.h
fn=wcschr
30 10 0 0 0 0 0 0 0 0
32 6 0 0 4 0 0 0 0 0
fn=wcscmp
30 6 1 1 1 0 0 0 0 0
32 3 0 0 2 0 0 0 0 0
fn=wcslen
30 5 0 0 0 0 0 0 0 0
32 3 1 1 2 0 0 0 0 0
fn=wmemchr
30 10 1 1 0 0 0 0 0 0
32 6 0 0 4 0 0 0 0 0
fl=/build/glibc-B3wQXB/glibc-2.31/wcsmbs/../sysdeps/x86_64/multiarch/ifunc-memcmp.h
fn=wmemcmp
32 3 1 1 1 0 0 0 0 0
33 3 0 0 2 0 0 0 0 0
34 3 0 0 0 0 0 0 0 0
35 2 0 0 1 0 0 0 0 0
fl=/build/glibc-B3wQXB/glibc-2.31/wcsmbs/../sysdeps/x86_64/multiarch/ifunc-wmemset.h
fn=wmemset
30 6 0 0 0 0 0 0 0 0
32 10 1 1 4 0 0 0 0 0
34 8 1 1 0 0 0 0 0 0
35 4 0 0 0 0 0 0 0 0
fl=/build/glibc-B3wQXB/glibc-2.31/wcsmbs/../sysdeps/x86_64/multiarch/wcschr.c
fn=wcschr
31 4 1 1 2 0 0 0 0 0
fl=/build/glibc-B3wQXB/glibc-2.31/wcsmbs/../sysdeps/x86_64/multiarch/wcscmp.c
fn=wcscmp
30 1 1 1 0 0 0 0 0 0
fl=/build/glibc-B3wQXB/glibc-2.31/wcsmbs/../sysdeps/x86_64/multiarch/wcscpy.c
fn=wcscpy
37 5 1 1 2 0 0 0 0 0
43 2 0 0 1 0 0 0 0 0
fl=/build/glibc-B3wQXB/glibc-2.31/wcsmbs/../sysdeps/x86_64/multiarch/wcslen.c
fn=wcslen
29 2 1 1 1 0 0 0 0 0
fl=/build/glibc-B3wQXB/glibc-2.31/wcsmbs/../sysdeps/x86_64/multiarch/wcsnlen.c
fn=wcsnlen
38 3 1 1 0 0 0 0 0 0
40 4 0 0 2 0 0 0 0 0
49 2 1 1 1 0 0 0 0 0
fl=/build/glibc-B3wQXB/glibc-2.31/wcsmbs/../sysdeps/x86_64/multiarch/wmemchr.c
fn=wmemchr
31 4 1 1 2 0 0 0 0 0
fl=/build/glibc-B3wQXB/glibc-2.31/wcsmbs/../sysdeps/x86_64/multiarch/wmemcmp.c
fn=wmemcmp
29 2 0 0 1 0 0 0 0 0
fl=/build/glibc-B3wQXB/glibc-2.31/wcsmbs/../sysdeps/x86_64/multiarch/wmemset.c
fn=wmemset
31 6 1 1 2 0 0 0 0 0
fl=/build/glibc-B3wQXB/glibc-2.31/wcsmbs/./wcsmbsload.h
fn=btowc
70 384 0 0 128 1 0 0 0 0
72 384 1 1 0 0 0 0 0 0
73 128 0 0 0 0 0 0 0 0
fl=/build/glibc-B3wQXB/glibc-2.31/wcsmbs/btowc.c
fn=btowc
33 2304 1 1 256 0 0 1280 0 0
38 1792 1 1 0 0 0 0 0 0
43 512 0 0 0 0 0 0 0 0
47 384 0 0 384 1 0 0 0 0
48 256 0 0 256 2 0 0 0 0
50 256 0 0 128 1 0 0 0 0
55 512 0 0 128 0 0 0 0 0
58 640 0 0 128 0 0 256 0 0
99 2304 2 2 1792 0 0 0 0 0
fl=/build/glibc-B3wQXB/glibc-2.31/wcsmbs/wctob.c
fn=wctob
31 1024 1 1 128 0 0 512 0 0
40 384 0 0 0 0 0 0 0 0
45 384 0 0 0 0 0 0 0 0
82 1024 1 1 768 0 0 0 0 0
fl=/build/glibc-B3wQXB/glibc-2.31/wctype/wctype_l.c
fn=wctype_l
27 100 1 1 0 0 0 60 0 0
30 20 0 0 0 0 0 10 0 0
33 20 0 0 20 1 0 0 0 0
34 68 1 1 0 0 0 0 0 0
36 174 0 0 0 0 0 58 0 0
38 410 1 1 0 0 0 49 0 0
41 48 0 0 0 0 0 0 0 0
42 96 0 0 48 0 0 0 0 0
46 10 0 0 10 1 0 0 0 0
47 10 0 0 10 2 0 0 0 0
48 80 0 0 70 0 0 0 0 0
fl=???
fn=???
0 4821362 429 425 1920566 20372 40 490747 48 38
fn=_GLOBAL__sub_I__Z12dense_matvecRKSt6vectorIS_IdSaIdEESaIS1_EERKS1_RS1_
0 9 1 1 1 1 0 1 0 0
fn=__cpu_indicator_init
0 160 13 13 12 2 1 11 0 0
fn=__cxa_guard_acquire
0 21 2 2 7 1 0 3 0 0
fn=__cxa_guard_release
0 6 1 1 2 0 0 2 0 0
fn=__cxxabiv1::__si_class_type_info::__do_dyncast(long, __cxxabiv1::__class_type_info::__sub_kind, __cxxabiv1::__class_type_info const*, void const*, __cxxabiv1::__class_type_info const*, void const*, __cxxabiv1::__class_type_info::__dyncast_result&) const
0 2146 3 3 638 1 0 522 0 0
fn=__cxxabiv1::__vmi_class_type_info::__do_dyncast(long, __cxxabiv1::__class_type_info::__sub_kind, __cxxabiv1::__class_type_info const*, void const*, __cxxabiv1::__class_type_info const*, void const*, __cxxabiv1::__class_type_info::__dyncast_result&) const
0 1072 6 6 384 5 1 272 0 0
fn=__dynamic_cast
0 3848 4 4 1406 21 0 814 0 0
fn=__gnu_cxx::stdio_sync_filebuf<char, std::char_traits<char> >::overflow(int)
0 21 1 1 3 0 0 0 0 0
fn=__gnu_cxx::stdio_sync_filebuf<char, std::char_traits<char> >::sync()
0 9 1 1 3 0 0 0 0 0
fn=__gnu_cxx::stdio_sync_filebuf<char, std::char_traits<char> >::xsputn(char const*, long)
0 90 1 1 15 1 0 0 0 0
fn=__libc_csu_init
0 41 2 2 9 3 0 9 0 0
fn=_start
0 12 2 2 2 1 0 3 0 0
fn=bool std::has_facet<std::codecvt<char, char, __mbstate_t> >(std::locale const&)
0 22 1 1 9 1 0 3 0 0
fn=bool std::has_facet<std::ctype<char> >(std::locale const&)
0 176 2 2 72 1 0 24 0 0
fn=bool std::has_facet<std::ctype<wchar_t> >(std::locale const&)
0 88 2 2 36 1 0 12 0 0
fn=bool std::has_facet<std::num_get<char, std::istreambuf_iterator<char, std::char_traits<char> > > >(std::locale const&)
0 176 1 1 72 0 0 24 0 0
fn=bool std::has_facet<std::num_get<wchar_t, std::istreambuf_iterator<wchar_t, std::char_traits<wchar_t> > > >(std::locale const&)
0 88 2 2 36 0 0 12 0 0
fn=bool std::has_facet<std::num_put<char, std::ostreambuf_iterator<char, std::char_traits<char> > > >(std::locale const&)
0 176 2 2 72 2 0 24 0 0
fn=bool std::has_facet<std::num_put<wchar_t, std::ostreambuf_iterator<wchar_t, std::char_traits<wchar_t> > > >(std::locale const&)
0 88 2 2 36 0 0 12 0 0
fn=find_all_mtx_files(std::filesystem::__cxx11::path const&)
0 4255 24 24 797 0 0 1122 0 0
fn=main
0 75 8 8 10 1 1 23 0 0
fn=operator delete(void*)
0 36078 1 1 0 0 0 0 0 0
fn=operator delete(void*, unsigned long)
0 742 0 0 0 0 0 0 0 0
fn=operator delete[](void*)
0 2 1 1 0 0 0 0 0 0
fn=operator new(unsigned long)
0 272162 1 1 49484 0 0 49484 2 0
fn=operator new[](unsigned long)
0 2 1 1 0 0 0 0 0 0
fn=process_matrix_file(std::filesystem::__cxx11::path const&)
0 929780 33 33 220563 19813 2073 186962 42456 33464
fn=solve_dense_cg(std::vector<std::vector<double, std::allocator<double> >, std::allocator<std::vector<double, std::allocator<double> > > > const&, std::vector<double, std::allocator<double> > const&, std::vector<double, std::allocator<double> >&, int, double)
0 21980172022 28 28 4884110890 1222688468 610101506 1810147 730278 89628
fn=std::_V2::system_category()
0 579 1 1 193 0 0 0 0 0
fn=std::__basic_file<char>::__basic_file(pthread_mutex_t*)
0 4 1 1 1 0 0 2 0 0
fn=std::__basic_file<char>::close()
0 16 1 1 4 0 0 4 0 0
fn=std::__basic_file<char>::fd()
0 99 0 0 33 0 0 0 0 0
fn=std::__basic_file<char>::is_open() const
0 24 0 0 12 0 0 0 0 0
fn=std::__basic_file<char>::open(char const*, std::_Ios_Openmode, int)
0 27 2 2 4 0 0 8 0 0
fn=std::__basic_file<char>::xsgetn(char*, long)
0 858 2 2 165 0 0 198 9 0
fn=std::__cxx11::basic_string<char, std::char_traits<char>, std::allocator<char> >::_M_append(char const*, unsigned long)
0 2367 3 3 521 0 0 405 0 0
fn=std::__cxx11::basic_string<char, std::char_traits<char>, std::allocator<char> >::_M_assign(std::__cxx11::basic_string<char, std::char_traits<char>, std::allocator<char> > const&)
0 1198 4 4 368 0 0 243 0 0
fn=std::__cxx11::basic_string<char, std::char_traits<char>, std::allocator<char> >::_M_create(unsigned long&, unsigned long)
0 2544 2 2 190 0 0 66 0 0
fn=std::__cxx11::basic_string<char, std::char_traits<char>, std::allocator<char> >::_M_mutate(unsigned long, unsigned long, char const*, unsigned long)
0 4733 6 6 1186 0 0 1022 0 0
fn=std::__cxx11::basic_string<char, std::char_traits<char>, std::allocator<char> >::_M_replace(unsigned long, unsigned long, char const*, unsigned long)
0 4280 7 7 860 0 0 747 0 0
fn=std::__cxx11::basic_string<char, std::char_traits<char>, std::allocator<char> >::find(char const*, unsigned long, unsigned long) const
0 52 4 4 11 1 0 9 0 0
fn=std::__cxx11::basic_string<char, std::char_traits<char>, std::allocator<char> >::reserve(unsigned long)
0 1199 5 5 269 0 0 193 0 0
fn=std::__cxx11::basic_string<char, std::char_traits<char>, std::allocator<char> >::rfind(char, unsigned long) const
0 2112 1 1 537 0 0 0 0 0
fn=std::__cxx11::basic_string<char, std::char_traits<char>, std::allocator<char> >::swap(std::__cxx11::basic_string<char, std::char_traits<char>, std::allocator<char> >&)
0 22 3 3 7 0 0 6 0 0
fn=std::__cxx11::basic_stringbuf<char, std::char_traits<char>, std::allocator<char> >::_M_pbump(char*, char*, long)
0 20 1 1 2 0 0 6 0 0
fn=std::__cxx11::basic_stringbuf<char, std::char_traits<char>, std::allocator<char> >::_M_sync(char*, unsigned long, unsigned long)
0 33 3 3 7 0 0 6 0 0
fn=std::__cxx11::basic_stringbuf<char, std::char_traits<char>, std::allocator<char> >::overflow(int)
0 141 9 9 48 0 0 27 0 0
fn=std::__cxx11::messages<char>::messages(unsigned long)
0 20 2 2 4 0 0 8 1 1
fn=std::__cxx11::messages<wchar_t>::messages(unsigned long)
0 20 2 2 4 0 0 8 0 0
fn=std::__cxx11::moneypunct<char, false>::_M_initialize_moneypunct(__locale_struct*, char const*)
0 113 5 5 38 1 1 31 0 0
fn=std::__cxx11::moneypunct<char, true>::_M_initialize_moneypunct(__locale_struct*, char const*)
0 113 5 5 38 0 0 31 0 0
fn=std::__cxx11::moneypunct<wchar_t, false>::_M_initialize_moneypunct(__locale_struct*, char const*)
0 109 6 6 29 0 0 31 0 0
fn=std::__cxx11::moneypunct<wchar_t, true>::_M_initialize_moneypunct(__locale_struct*, char const*)
0 109 6 6 29 0 0 31 0 0
fn=std::__cxx11::numpunct<char>::_M_initialize_numpunct(__locale_struct*)
0 414 7 7 137 5 2 75 0 0
fn=std::__cxx11::numpunct<wchar_t>::_M_initialize_numpunct(__locale_struct*)
0 350 4 4 73 0 0 74 3 3
fn=std::__timepunct<char>::_M_initialize_timepunct(__locale_struct*)
0 106 12 12 6 0 0 52 0 0
fn=std::__timepunct<char>::__timepunct(std::__timepunct_cache<char>*, unsigned long)
0 23 2 2 4 0 0 9 1 1
fn=std::__timepunct<wchar_t>::_M_initialize_timepunct(__locale_struct*)
0 104 12 12 5 0 0 51 0 0
fn=std::__timepunct<wchar_t>::__timepunct(std::__timepunct_cache<wchar_t>*, unsigned long)
0 23 2 2 4 0 0 9 0 0
fn=std::basic_filebuf<char, std::char_traits<char> >::_M_allocate_internal_buffer()
0 13 2 2 5 0 0 4 0 0
fn=std::basic_filebuf<char, std::char_traits<char> >::_M_destroy_internal_buffer()
0 20 2 2 5 0 0 8 0 0
fn=std::basic_filebuf<char, std::char_traits<char> >::_M_terminate_output()
0 29 3 3 13 0 0 7 0 0
fn=std::basic_filebuf<char, std::char_traits<char> >::basic_filebuf()
0 58 6 6 8 0 0 36 0 0
fn=std::basic_filebuf<char, std::char_traits<char> >::close()
0 50 4 4 11 0 0 20 0 0
fn=std::basic_filebuf<char, std::char_traits<char> >::open(char const*, std::_Ios_Openmode)
0 47 4 4 7 0 0 18 0 0
fn=std::basic_filebuf<char, std::char_traits<char> >::underflow()
0 2141 9 9 790 187 6 528 9 0
fn=std::basic_ios<char, std::char_traits<char> >::_M_cache_locale(std::locale const&)
0 248 2 2 24 0 0 88 0 0
fn=std::basic_ios<char, std::char_traits<char> >::clear(std::_Ios_Iostate)
0 185080 2 2 79320 0 0 26440 0 0
fn=std::basic_ios<char, std::char_traits<char> >::init(std::basic_streambuf<char, std::char_traits<char> >*)
0 184 2 2 24 0 0 72 0 0
fn=std::basic_ios<wchar_t, std::char_traits<wchar_t> >::_M_cache_locale(std::locale const&)
0 124 3 3 12 0 0 44 0 0
fn=std::basic_ios<wchar_t, std::char_traits<wchar_t> >::init(std::basic_streambuf<wchar_t, std::char_traits<wchar_t> >*)
0 92 2 2 12 0 0 40 0 0
fn=std::basic_istream<char, std::char_traits<char> >& std::getline<char, std::char_traits<char>, std::allocator<char> >(std::basic_istream<char, std::char_traits<char> >&, std::__cxx11::basic_string<char, std::char_traits<char>, std::allocator<char> >&, char)
0 1473 9 9 435 1 0 253 0 0
fn=std::basic_ostream<char, std::char_traits<char> >& std::__detail::operator<< <char, std::char_traits<char>, std::__cxx11::basic_string<char, std::char_traits<char>, std::allocator<char> > const&>(std::basic_ostream<char, std::char_traits<char> >&, std::__detail::_Quoted_string<std::__cxx11::basic_string<char, std::char_traits<char>, std::allocator<char> > const&, char> const&)
0 698 14 14 156 4 0 131 0 0
fn=std::basic_ostream<char, std::char_traits<char> >& std::__ostream_insert<char, std::char_traits<char> >(std::basic_ostream<char, std::char_traits<char> >&, char const*, long)
0 3024 5 5 1296 2 0 648 0 0
fn=std::basic_ostream<char, std::char_traits<char> >& std::endl<char, std::char_traits<char> >(std::basic_ostream<char, std::char_traits<char> >&)
0 46 2 2 16 0 0 7 0 0
fn=std::basic_ostream<char, std::char_traits<char> >& std::filesystem::__cxx11::operator<< <char, std::char_traits<char> >(std::basic_ostream<char, std::char_traits<char> >&, std::filesystem::__cxx11::path const&)
0 64 6 6 16 0 0 19 0 0
fn=std::basic_streambuf<char, std::char_traits<char> >::xsputn(char const*, long)
0 1476 3 3 384 1 0 252 0 0
fn=std::chrono::_V2::system_clock::now()
0 15 2 2 6 1 0 2 0 0
fn=std::codecvt<char, char, __mbstate_t> const& std::use_facet<std::codecvt<char, char, __mbstate_t> >(std::locale const&)
0 20 2 2 9 0 0 3 0 0
fn=std::codecvt<char, char, __mbstate_t>::codecvt(unsigned long)
0 18 1 1 4 0 0 6 2 2
fn=std::codecvt<char, char, __mbstate_t>::do_always_noconv() const
0 99 1 1 33 0 0 0 0 0
fn=std::codecvt<wchar_t, char, __mbstate_t>::codecvt(unsigned long)
0 18 2 2 4 0 0 6 1 1
fn=std::ctype<char> const& std::use_facet<std::ctype<char> >(std::locale const&)
0 160 2 2 72 0 0 24 0 0
fn=std::ctype<char>::_M_widen_init() const
0 1087 6 6 26 0 0 278 4 0
fn=std::ctype<char>::ctype(unsigned short const*, bool, unsigned long)
0 116 4 4 8 2 0 79 9 9
fn=std::ctype<wchar_t> const& std::use_facet<std::ctype<wchar_t> >(std::locale const&)
0 80 2 2 36 0 0 12 0 0
fn=std::ctype<wchar_t>::_M_convert_to_wmask(unsigned short) const
0 146 7 7 12 0 0 0 0 0
fn=std::ctype<wchar_t>::_M_initialize_ctype()
0 2733 4 4 5 0 0 810 20 20
fn=std::ctype<wchar_t>::ctype(unsigned long)
0 20 2 2 3 0 0 7 1 1
fn=std::error_category::error_category()
0 10 1 1 4 1 0 2 0 0
fn=std::filesystem::__cxx11::path::_List::_Impl_deleter::operator()(std::filesystem::__cxx11::path::_List::_Impl*) const
0 19923 3 3 3856 0 0 1711 0 0
fn=std::filesystem::__cxx11::path::_List::_List()
0 720 1 1 240 0 0 240 3 3
fn=std::filesystem::__cxx11::path::_List::_List(std::filesystem::__cxx11::path::_List const&)
0 30782 5 5 9391 0 0 8723 18 18
fn=std::filesystem::__cxx11::path::_M_append(std::basic_string_view<char, std::char_traits<char> >)
0 26546 20 20 3682 0 0 15317 0 0
fn=std::filesystem::__cxx11::path::_M_find_extension() const
0 1596 2 2 266 0 0 76 0 0
fn=std::filesystem::__cxx11::path::_M_split_cmpts()
0 28862 19 19 6296 0 0 15440 3 1
fn=std::filesystem::__cxx11::path::compare(std::filesystem::__cxx11::path const&) const
0 3195 11 11 702 0 0 391 0 0
fn=std::filesystem::__cxx11::path::has_filename() const
0 1795 2 2 493 0 0 0 0 0
fn=std::filesystem::__cxx11::path::has_root_directory() const
0 1320 1 1 220 0 0 0 0 0
fn=std::filesystem::__cxx11::path::operator/=(std::filesystem::__cxx11::path const&)
0 121 10 10 33 1 1 21 0 0
fn=std::filesystem::__cxx11::path::operator=(std::filesystem::__cxx11::path const&)
0 567 1 1 108 0 0 135 0 0
fn=std::filesystem::__cxx11::path::~path()
0 14 1 1 3 0 0 2 0 0
fn=std::filesystem::__cxx11::recursive_directory_iterator::increment(std::error_code&)
0 7415 20 20 2202 0 0 1372 0 0
fn=std::filesystem::__cxx11::recursive_directory_iterator::operator*() const
0 467 2 2 268 0 0 0 0 0
fn=std::filesystem::__cxx11::recursive_directory_iterator::operator++()
0 1755 2 2 520 0 0 520 0 0
fn=std::filesystem::__cxx11::recursive_directory_iterator::recursive_directory_iterator(std::filesystem::__cxx11::path const&, std::filesystem::directory_options, std::error_code*)
0 140 13 13 23 0 0 61 2 2
fn=std::filesystem::__cxx11::recursive_directory_iterator::~recursive_directory_iterator()
0 84 3 3 28 1 0 14 0 0
fn=std::filesystem::absolute(std::filesystem::__cxx11::path const&)
0 31 2 2 9 0 0 9 0 0
fn=std::filesystem::absolute(std::filesystem::__cxx11::path const&, std::error_code&)
0 89 8 8 20 0 0 30 0 0
fn=std::filesystem::current_path[abi:cxx11](std::error_code&)
0 97 9 9 21 0 0 36 0 0
fn=std::filesystem::status(std::filesystem::__cxx11::path const&)
0 50 2 2 14 0 0 16 0 0
fn=std::filesystem::status(std::filesystem::__cxx11::path const&, std::error_code&)
0 82 5 5 18 0 0 16 0 0
fn=std::future_category()
0 18 2 2 2 1 1 3 0 0
fn=std::ios_base::Init::Init()
0 269 31 31 41 9 0 164 16 1
fn=std::ios_base::_M_call_callbacks(std::ios_base::event)
0 11 2 2 5 0 0 3 0 0
fn=std::ios_base::_M_dispose_callbacks()
0 13 1 1 5 0 0 4 0 0
fn=std::ios_base::_M_init()
0 312 3 3 72 0 0 108 0 0
fn=std::ios_base::ios_base()
0 590 3 3 10 0 0 260 30 14
fn=std::ios_base::~ios_base()
0 17 2 2 3 0 0 4 0 0
fn=std::istream& std::istream::_M_extract<double>(double&)
0 1057560 3 3 370146 1 1 202699 0 0
fn=std::istream::operator>>(int&)
0 2397301 5 5 740343 3 2 440680 1 1
fn=std::istream::peek()
0 406 3 3 182 0 0 70 0 0
fn=std::istream::sentry::sentry(std::istream&, bool)
0 3861127 6 6 1507370 830 41 502540 0 0
fn=std::istreambuf_iterator<char, std::char_traits<char> > std::num_get<char, std::istreambuf_iterator<char, std::char_traits<char> > >::_M_extract_int<long>(std::istreambuf_iterator<char, std::char_traits<char> >, std::istreambuf_iterator<char, std::char_traits<char> >, std::ios_base&, std::_Ios_Iostate&, long&) const
0 12511922 24 24 3935471 2100 60 1568669 4 0
fn=std::locale::_Impl::_Impl(unsigned long)
0 691 65 65 84 22 1 432 50 50
fn=std::locale::_Impl::_M_install_facet(std::locale::id const*, std::locale::facet const*)
0 12128 7 7 3520 0 0 256 0 0
fn=std::locale::facet::_S_create_c_locale(__locale_struct*&, char const*, __locale_struct*)
0 10 1 1 2 0 0 3 0 0
fn=std::locale::facet::_S_get_c_locale()
0 176402 3 3 70561 2 2 17641 0 0
fn=std::locale::facet::_S_get_c_name()
0 21 1 1 7 0 0 0 0 0
fn=std::locale::id::_M_id() const
0 318504 1 1 106136 11 6 96 0 0
fn=std::locale::locale()
0 510 3 3 180 1 0 180 1 1
fn=std::locale::locale(std::locale::_Impl*)
0 3 1 1 1 0 0 1 0 0
fn=std::locale::operator=(std::locale const&)
0 204 3 3 72 0 0 24 0 0
fn=std::locale::~locale()
0 112 2 2 56 0 0 14 0 0
fn=std::messages<char>::messages(unsigned long)
0 20 2 2 4 0 0 8 1 1
fn=std::messages<wchar_t>::messages(unsigned long)
0 20 2 2 4 0 0 8 0 0
fn=std::moneypunct<char, false>::_M_initialize_moneypunct(__locale_struct*, char const*)
0 113 6 6 38 0 0 31 0 0
fn=std::moneypunct<char, true>::_M_initialize_moneypunct(__locale_struct*, char const*)
0 113 4 4 38 0 0 31 0 0
fn=std::moneypunct<wchar_t, false>::_M_initialize_moneypunct(__locale_struct*, char const*)
0 109 6 6 29 0 0 31 0 0
fn=std::moneypunct<wchar_t, true>::_M_initialize_moneypunct(__locale_struct*, char const*)
0 109 5 5 29 0 0 31 0 0
fn=std::num_get<char, std::istreambuf_iterator<char, std::char_traits<char> > > const& std::use_facet<std::num_get<char, std::istreambuf_iterator<char, std::char_traits<char> > > >(std::locale const&)
0 160 1 1 72 0 0 24 0 0
fn=std::num_get<char, std::istreambuf_iterator<char, std::char_traits<char> > >::_M_extract_float(std::istreambuf_iterator<char, std::char_traits<char> >, std::istreambuf_iterator<char, std::char_traits<char> >, std::ios_base&, std::_Ios_Iostate&, std::string&) const
0 5463016 20 20 1879727 1073 42 845944 0 0
fn=std::num_get<char, std::istreambuf_iterator<char, std::char_traits<char> > >::do_get(std::istreambuf_iterator<char, std::char_traits<char> >, std::istreambuf_iterator<char, std::char_traits<char> >, std::ios_base&, std::_Ios_Iostate&, double&) const
0 1797852 8 8 528780 0 0 475902 0 0
fn=std::num_get<char, std::istreambuf_iterator<char, std::char_traits<char> > >::do_get(std::istreambuf_iterator<char, std::char_traits<char> >, std::istreambuf_iterator<char, std::char_traits<char> >, std::ios_base&, std::_Ios_Iostate&, long&) const
0 70510 1 1 0 0 0 0 0 0
fn=std::num_get<wchar_t, std::istreambuf_iterator<wchar_t, std::char_traits<wchar_t> > > const& std::use_facet<std::num_get<wchar_t, std::istreambuf_iterator<wchar_t, std::char_traits<wchar_t> > > >(std::locale const&)
0 80 1 1 36 0 0 12 0 0
fn=std::num_put<char, std::ostreambuf_iterator<char, std::char_traits<char> > > const& std::use_facet<std::num_put<char, std::ostreambuf_iterator<char, std::char_traits<char> > > >(std::locale const&)
0 160 2 2 72 0 0 24 0 0
fn=std::num_put<char, std::ostreambuf_iterator<char, std::char_traits<char> > >::do_put(std::ostreambuf_iterator<char, std::char_traits<char> >, std::ios_base&, char, long) const
0 6 1 1 0 0 0 0 0 0
fn=std::num_put<char, std::ostreambuf_iterator<char, std::char_traits<char> > >::do_put(std::ostreambuf_iterator<char, std::char_traits<char> >, std::ios_base&, char, unsigned long) const
0 3 1 1 0 0 0 0 0 0
fn=std::num_put<wchar_t, std::ostreambuf_iterator<wchar_t, std::char_traits<wchar_t> > > const& std::use_facet<std::num_put<wchar_t, std::ostreambuf_iterator<wchar_t, std::char_traits<wchar_t> > > >(std::locale const&)
0 80 2 2 36 0 0 12 0 0
fn=std::numpunct<char>::_M_initialize_numpunct(__locale_struct*)
0 414 5 5 137 0 0 75 0 0
fn=std::numpunct<wchar_t>::_M_initialize_numpunct(__locale_struct*)
0 350 4 4 73 0 0 74 0 0
fn=std::ostream& std::ostream::_M_insert<long>(long)
0 114 5 5 46 0 0 18 0 0
fn=std::ostream& std::ostream::_M_insert<unsigned long>(unsigned long)
0 69 6 6 27 2 0 11 0 0
fn=std::ostream::flush()
0 45 2 2 21 1 0 6 0 0
fn=std::ostream::operator<<(int)
0 22 0 0 6 0 0 0 0 0
fn=std::ostream::put(char)
0 126 4 4 57 0 0 18 0 0
fn=std::ostream::sentry::sentry(std::ostream&)
0 1260 2 2 420 2 0 300 0 0
fn=std::ostreambuf_iterator<char, std::char_traits<char> > std::num_put<char, std::ostreambuf_iterator<char, std::char_traits<char> > >::_M_insert_int<long>(std::ostreambuf_iterator<char, std::char_traits<char> >, std::ios_base&, char, long) const
0 190 7 7 38 0 0 36 0 0
fn=std::ostreambuf_iterator<char, std::char_traits<char> > std::num_put<char, std::ostreambuf_iterator<char, std::char_traits<char> > >::_M_insert_int<unsigned long>(std::ostreambuf_iterator<char, std::char_traits<char> >, std::ios_base&, char, unsigned long) const
0 89 6 6 19 0 0 18 0 0
fn=std::string::_Rep::_M_clone(std::allocator<char> const&, unsigned long)
0 458276 2 2 123382 0 0 105756 0 0
fn=std::string::_Rep::_M_destroy(std::allocator<char> const&)
0 35252 1 1 0 0 0 0 0 0
fn=std::string::_Rep::_S_create(unsigned long, unsigned long, std::allocator<char> const&)
0 387772 3 3 35252 0 0 70504 0 0
fn=std::string::reserve(unsigned long)
0 564032 3 3 193886 0 0 88130 0 0
fn=void std::__convert_to_v<double>(char const*, double&, std::_Ios_Iostate&, __locale_struct* const&)
0 599284 4 4 211512 2 2 105756 0 0
fn=void std::vector<std::filesystem::__cxx11::path, std::allocator<std::filesystem::__cxx11::path> >::_M_realloc_insert<std::filesystem::__cxx11::path const&>(__gnu_cxx::__normal_iterator<std::filesystem::__cxx11::path*, std::vector<std::filesystem::__cxx11::path, std::allocator<std::filesystem::__cxx11::path> > >, std::filesystem::__cxx11::path const&)
0 248 14 14 60 0 0 61 0 0
summary: 22389158282 2585 2553 5257066661 1228445879 610112522 367005862 6406110 5726904
